player_id,player_name,season,team,domestic_status,name_review_flag,matches_played,batting_innings,bowling_innings,balls_faced,legal_balls_bowled,runs,dismissals,not_outs,batting_average,runs_per_innings,highest_score,strike_rate,dot_balls_faced,batting_dot_ball_pct,singles,doubles,triples,fours,sixes,boundary_hits,boundary_runs,boundary_ball_pct,avg_batting_position,median_batting_position,times_opened,pp_runs,pp_balls,pp_strike_rate,pp_dot_balls,pp_dot_ball_pct,pp_fours,pp_sixes,middle_runs,middle_balls,middle_strike_rate,middle_dot_balls,middle_dot_ball_pct,middle_fours,middle_sixes,death_runs,death_balls,death_strike_rate,death_dot_balls,death_dot_ball_pct,death_fours,death_sixes,wickets,wickets_per_bowling_innings,bowling_strike_rate,overs_bowled,runs_conceded,economy,bowling_average,bowling_dot_balls,bowling_dot_ball_pct,wides,no_balls,wides_per_100_balls,no_balls_per_100_balls,fours_conceded,sixes_conceded,boundary_runs_conceded,boundary_ball_pct_conceded,pp_bowling_balls,pp_runs_conceded,pp_wickets,pp_economy,pp_bowling_strike_rate,pp_bowling_dot_pct,middle_bowling_balls,middle_runs_conceded,middle_wickets,middle_economy,middle_bowling_strike_rate,middle_bowling_dot_pct,death_bowling_balls,death_runs_conceded,death_wickets,death_economy,death_bowling_strike_rate,death_bowling_dot_pct,catches,stumpings,runout_involvements,player_of_match_count,matches_won,matches_lost,knockout_matches_played,final_matches_played,runs_in_wins,wickets_in_wins,runs_in_knockouts,wickets_in_knockouts,first_innings_runs,first_innings_balls,first_innings_strike_rate,chase_runs,chase_balls,chase_strike_rate,first_innings_wickets,first_innings_economy,chase_wickets,chase_economy,batting_sample_size,bowling_sample_size,data_quality_flag,notes,matches_listed,substitute_only_matches,legal_balls_faced,pp_legal_balls_faced,middle_legal_balls_faced,death_legal_balls_faced,bowling_delivery_events,bowling_nonwide_deliveries,boundary_hits_conceded,pp_bowling_dot_balls,middle_bowling_dot_balls,death_bowling_dot_balls,first_innings_bowling_balls,first_innings_runs_conceded,chase_bowling_balls,chase_runs_conceded,batting_position_observations,unknown_batting_position_innings,domestic_status_source,domestic_status_confidence,team_raw,retired_hurt_events,retired_out_events,substitute_fielding_events,highest_score_not_out,fifties,hundreds,ducks,maidens,wide_delivery_events,no_ball_delivery_events,source_name_review_flag,identity_user_note,source_domestic_status,canonical_name,role,role_source,role_as_of,acquisition_type,price_status,auction_category,price_source_url,price_source_date,identity_evidence_url,acquisition_notes,price_exact_npr,price_floor_npr,historical_price_npr,assumed_retained_price_npr,assumed_marquee_floor_npr,assumption_source,price_usable_for_roi,cost_per_run_npr,cost_per_wicket_npr,cost_per_run_floor_npr,cost_per_wicket_floor_npr,scenario_price_npr,scenario_price_basis,scenario_cost_per_run_npr,scenario_cost_per_wicket_npr,batting_runs_mean,batting_runs_median,batting_runs_sd,batting_runs_iqr,batting_runs_observations,batting_runs_cv,bowling_wickets_mean,bowling_wickets_median,bowling_wickets_sd,bowling_wickets_iqr,bowling_wickets_observations,bowling_wickets_cv,bowling_economy_mean,bowling_economy_median,bowling_economy_sd,bowling_economy_iqr,bowling_economy_observations,bowling_economy_cv,runs_percentile,runs_cohort_n,runs_price_percentile,runs_value_gap,strike_rate_percentile,strike_rate_cohort_n,strike_rate_price_percentile,strike_rate_value_gap,batting_average_percentile,batting_average_cohort_n,batting_average_price_percentile,batting_average_value_gap,batting_dot_ball_pct_percentile,batting_dot_ball_pct_cohort_n,batting_dot_ball_pct_price_percentile,batting_dot_ball_pct_value_gap,wickets_percentile,wickets_cohort_n,wickets_price_percentile,wickets_value_gap,economy_percentile,economy_cohort_n,economy_price_percentile,economy_value_gap,bowling_strike_rate_percentile,bowling_strike_rate_cohort_n,bowling_strike_rate_price_percentile,bowling_strike_rate_value_gap,bowling_average_percentile,bowling_average_cohort_n,bowling_average_price_percentile,bowling_average_value_gap,batting_runs_cv_percentile,batting_runs_cv_cohort_n,batting_runs_cv_price_percentile,batting_runs_cv_value_gap,bowling_wickets_cv_percentile,bowling_wickets_cv_cohort_n,bowling_wickets_cv_price_percentile,bowling_wickets_cv_value_gap,bowling_economy_cv_percentile,bowling_economy_cv_cohort_n,bowling_economy_cv_price_percentile,bowling_economy_cv_value_gap,runs_per_innings_percentile,runs_per_innings_cohort_n,runs_per_innings_price_percentile,runs_per_innings_value_gap,boundary_ball_pct_percentile,boundary_ball_pct_cohort_n,boundary_ball_pct_price_percentile,boundary_ball_pct_value_gap,wickets_per_bowling_innings_percentile,wickets_per_bowling_innings_cohort_n,wickets_per_bowling_innings_price_percentile,wickets_per_bowling_innings_value_gap,bowling_dot_ball_pct_percentile,bowling_dot_ball_pct_cohort_n,bowling_dot_ball_pct_price_percentile,bowling_dot_ball_pct_value_gap,wides_per_100_balls_percentile,wides_per_100_balls_cohort_n,wides_per_100_balls_price_percentile,wides_per_100_balls_value_gap,no_balls_per_100_balls_percentile,no_balls_per_100_balls_cohort_n,no_balls_per_100_balls_price_percentile,no_balls_per_100_balls_value_gap,pp_strike_rate_percentile,pp_strike_rate_cohort_n,pp_strike_rate_price_percentile,pp_strike_rate_value_gap,pp_economy_percentile,pp_economy_cohort_n,pp_economy_price_percentile,pp_economy_value_gap,middle_strike_rate_percentile,middle_strike_rate_cohort_n,middle_strike_rate_price_percentile,middle_strike_rate_value_gap,middle_economy_percentile,middle_economy_cohort_n,middle_economy_price_percentile,middle_economy_value_gap,death_strike_rate_percentile,death_strike_rate_cohort_n,death_strike_rate_price_percentile,death_strike_rate_value_gap,death_economy_percentile,death_economy_cohort_n,death_economy_price_percentile,death_economy_value_gap,observed_usage,identity_review_status,season_id,season_display,team_id,forecast_batting_expected_percentile,forecast_batting_low,forecast_batting_high,forecast_bowling_expected_percentile,forecast_bowling_low,forecast_bowling_high,assumed_marquee_salary_npr
64fb6b15,A Bohara,2024/25,Sudur Paschim Royals,Domestic,0,9,2,8,3,138,2,0,2,NA,1,2,66.6666666667,1,33.3333333333,2,0,0,0,0,0,0,0,11,11,0,0,0,NA,0,NA,0,0,0,0,NA,0,NA,0,0,2,3,66.6666666667,1,33.3333333333,0,0,7,0.875,19.7142857143,23,173,7.5217391304,24.7142857143,50,36.231884058,13,0,9.4202898551,0,13,6,88,13.768115942,12,8,0,4,NA,50,90,104,6,6.9333333333,15,37.7777777778,36,61,1,10.1666666667,36,27.7777777778,2,0,1,0,7,2,2,1,2,7,0,1,2,3,66.6666666667,0,0,NA,1,7.625,6,7.4666666667,2,8,domestic_status_unknown,Domestic/foreign classification is not supplied.,9,0,3,0,0,3,143,138,19,6,34,10,48,61,90,112,2,0,https://www.cricnepal.com/heres-how-each-team-lines-up-after-the-npl-auction,documented auction/retention pool; contextual ID mapping,Sudur Paschim Royals,0,0,0,1,0,0,0,1,5,0,0,,Unknown,Abinash Bohara,Unknown,,,auction,exact_auction_price,A,https://www.cricnepal.com/heres-how-each-team-lines-up-after-the-npl-auction,2024-10-07,https://www.cricnepal.com/heres-how-each-team-lines-up-after-the-npl-auction,NPR; reported clearing price. Base-price purchases use category price explicitly reported in auction result.,1200000,NA,NA,NA,NA,,true,600000,171428.5714285714,NA,NA,1200000,reported_exact_auction,600000,171428.5714285714,1,1,1.4142135624,1,2,1.4142135624,0.875,0.5,1.1259916265,1.25,8,1.2868475731,7.3958333333,7,2.7587343256,4.125,8,0.3730119652,NA,0,NA,NA,NA,0,NA,NA,NA,0,NA,NA,NA,0,NA,NA,52.380952381,21,NA,NA,38.2352941176,17,NA,NA,26.4705882353,17,NA,NA,20.5882352941,17,NA,NA,NA,0,NA,NA,26.1904761905,21,NA,NA,54.7619047619,21,NA,NA,NA,0,NA,NA,NA,0,NA,NA,40.4761904762,21,NA,NA,14.7058823529,17,NA,NA,14.7058823529,17,NA,NA,58.8235294118,17,NA,NA,NA,0,NA,NA,NA,0,NA,NA,NA,0,NA,NA,42.5,20,NA,NA,NA,0,NA,NA,10.7142857143,14,NA,NA,batting_and_bowling,contextual_manual_match,npl-2024,NPL 2024 Â· Season 1,spr,NA,NA,NA,NA,NA,NA,NA
0b62d391,A Gharti,2024/25,Karnali Yaks,Domestic,0,9,7,0,72,0,79,6,1,13.1666666667,11.2857142857,33,109.7222222222,27,37.5,33,4,0,5,3,8,38,11.1111111111,6.5714285714,6,0,0,0,NA,0,NA,0,0,21,27,77.7777777778,15,55.5555555556,3,0,58,45,128.8888888889,12,26.6666666667,2,3,0,NA,NA,0,0,NA,NA,0,NA,0,0,NA,NA,0,0,0,NA,0,0,0,NA,NA,NA,0,0,0,NA,NA,NA,0,0,0,NA,NA,NA,2,0,0,0,5,4,2,0,37,0,2,0,68,62,109.6774193548,11,10,110,0,NA,0,NA,7,0,domestic_status_unknown,Domestic/foreign classification is not supplied.,9,0,72,0,27,45,0,0,0,0,0,0,0,0,0,0,7,0,https://www.cricnepal.com/heres-how-each-team-lines-up-after-the-npl-auction,documented auction/retention pool; contextual ID mapping,Karnali Yaks,0,0,0,0,0,0,0,0,0,0,0,,Unknown,Arjun Gharti,Unknown,,,auction,exact_auction_price,B,https://www.cricnepal.com/heres-how-each-team-lines-up-after-the-npl-auction,2024-10-07,https://www.cricnepal.com/heres-how-each-team-lines-up-after-the-npl-auction,NPR; reported clearing price. Base-price purchases use category price explicitly reported in auction result.,1000000,NA,NA,NA,NA,,true,12658.2278481013,NA,NA,NA,1000000,reported_exact_auction,12658.2278481013,NA,11.2857142857,4,12.7372718915,15.5,7,1.1286190284,NA,NA,NA,NA,NA,NA,NA,NA,NA,NA,NA,NA,58.9285714286,28,NA,NA,36.1111111111,18,NA,NA,41.0714285714,28,NA,NA,77.7777777778,18,NA,NA,NA,0,NA,NA,NA,0,NA,NA,NA,0,NA,NA,NA,0,NA,NA,41.0714285714,28,NA,NA,NA,0,NA,NA,NA,0,NA,NA,48.2142857143,28,NA,NA,25,18,NA,NA,NA,0,NA,NA,NA,0,NA,NA,NA,0,NA,NA,NA,0,NA,NA,NA,0,NA,NA,NA,0,NA,NA,9.375,16,NA,NA,NA,0,NA,NA,29.1666666667,12,NA,NA,NA,0,NA,NA,batting_only,contextual_manual_match,npl-2024,NPL 2024 Â· Season 1,ky,NA,NA,NA,NA,NA,NA,NA
878b1e06,A Ghiraiya,2024/25,Lumbini Lions,Domestic,0,6,6,0,70,0,44,6,0,7.3333333333,7.3333333333,16,62.8571428571,49,70,12,3,0,5,1,6,26,8.5714285714,NA,NA,6,41,66,62.1212121212,47,71.2121212121,5,1,3,4,75,2,50,0,0,0,0,NA,0,NA,0,0,0,NA,NA,0,0,NA,NA,0,NA,0,0,NA,NA,0,0,0,NA,0,0,0,NA,NA,NA,0,0,0,NA,NA,NA,0,0,0,NA,NA,NA,1,0,0,0,1,5,0,0,1,0,0,0,16,23,69.5652173913,28,47,59.5744680851,0,NA,0,NA,6,0,domestic_status_unknown|opening_order_unknown,Domestic/foreign classification is not supplied. 6 innings have unknown exact opening order. Position mean/median left NA; times_opened retained.,6,0,70,66,4,0,0,0,0,0,0,0,0,0,0,0,0,6,https://www.cricnepal.com/heres-how-each-team-lines-up-after-the-npl-auction,documented auction/retention pool; contextual ID mapping,Lumbini Lions,0,0,0,0,0,0,1,0,0,0,0,,Unknown,Ashutosh Ghiraiya,Batter,https://www.onlinekhabar.com/wp-content/uploads/2025/08/SBL-NPL-Auction-Pool-2025-Final-Sheet1.pdf,2025 auction pool,auction,exact_auction_price,B,https://www.cricnepal.com/heres-how-each-team-lines-up-after-the-npl-auction,2024-10-07,https://www.cricnepal.com/heres-how-each-team-lines-up-after-the-npl-auction,NPR; reported clearing price. Base-price purchases use category price explicitly reported in auction result.,1000000,NA,NA,NA,NA,,true,22727.2727272727,NA,NA,NA,1000000,reported_exact_auction,22727.2727272727,NA,7.3333333333,6,6.9185740342,11.5,6,0.9434419138,NA,NA,NA,NA,NA,NA,NA,NA,NA,NA,NA,NA,21.4285714286,7,66.6666666667,-41.6666666667,7.1428571429,7,66.6666666667,-58.3333333333,7.1428571429,7,66.6666666667,-58.3333333333,7.1428571429,7,66.6666666667,-58.3333333333,NA,0,NA,NA,NA,0,NA,NA,NA,0,NA,NA,NA,0,NA,NA,50,7,66.6666666667,-25,NA,0,NA,NA,NA,0,NA,NA,7.1428571429,7,66.6666666667,-58.3333333333,35.7142857143,7,66.6666666667,-25,NA,0,NA,NA,NA,0,NA,NA,NA,0,NA,NA,NA,0,NA,NA,NA,0,NA,NA,NA,0,NA,NA,NA,0,NA,NA,NA,0,NA,NA,NA,0,NA,NA,NA,0,NA,NA,batting_only,contextual_manual_match,npl-2024,NPL 2024 Â· Season 1,lul,NA,NA,NA,NA,NA,NA,NA
08b15b9e,A Kharel,2024/25,Biratnagar Kings,Domestic,0,5,3,5,19,84,17,0,3,NA,5.6666666667,10,89.4736842105,8,44.4444444444,7,1,0,2,0,2,8,10.5263157895,11,11,0,0,0,NA,0,NA,0,0,8,5,160,0,0,1,0,9,14,64.2857142857,8,61.5384615385,1,0,5,1,16.8,14,123,8.7857142857,24.6,36,42.8571428571,2,0,2.380952381,0,10,8,88,21.4285714286,30,44,1,8.8,30,46.6666666667,48,76,4,9.5,12,39.5833333333,6,3,0,3,NA,50,1,0,1,0,1,4,0,0,0,0,0,0,7,8,87.5,10,11,90.9090909091,3,9.1666666667,2,8.5,3,5,domestic_status_unknown,Domestic/foreign classification is not supplied.,5,0,18,0,5,13,86,84,18,14,19,3,36,55,48,68,3,0,https://www.cricnepal.com/heres-how-each-team-lines-up-after-the-npl-auction,documented auction/retention pool; contextual ID mapping,Biratnagar Kings,0,0,0,1,0,0,0,0,2,0,0,,Unknown,Anil Kharel,Bowler,https://www.onlinekhabar.com/wp-content/uploads/2025/08/SBL-NPL-Auction-Pool-2025-Final-Sheet1.pdf,2025 auction pool,auction,exact_auction_price,B,https://www.cricnepal.com/heres-how-each-team-lines-up-after-the-npl-auction,2024-10-07,https://www.cricnepal.com/heres-how-each-team-lines-up-after-the-npl-auction,NPR; reported clearing price. Base-price purchases use category price explicitly reported in auction result.,500000,NA,NA,NA,NA,,true,29411.7647058824,100000,NA,NA,500000,reported_exact_auction,29411.7647058824,100000,5.6666666667,7,5.1316014394,5,3,0.9055767246,1,0,1.4142135624,2,5,1.4142135624,9.7333333333,9.6666666667,3.2502136682,4,5,0.3339260618,NA,0,NA,NA,NA,0,NA,NA,NA,0,NA,NA,NA,0,NA,NA,50,8,37.5,12.5,7.1428571429,7,42.8571428571,-35.7142857143,50,7,42.8571428571,7.1428571429,50,7,42.8571428571,7.1428571429,NA,0,NA,NA,31.25,8,37.5,-6.25,68.75,8,37.5,31.25,NA,0,NA,NA,NA,0,NA,NA,62.5,8,37.5,25,50,7,42.8571428571,7.1428571429,42.8571428571,7,42.8571428571,0,50,7,42.8571428571,7.1428571429,NA,0,NA,NA,30,5,30,0,NA,0,NA,NA,7.1428571429,7,42.8571428571,-35.7142857143,NA,0,NA,NA,NA,0,NA,NA,batting_and_bowling,contextual_manual_match,npl-2024,NPL 2024 Â· Season 1,bik,NA,NA,NA,NA,NA,NA,NA
94b8d7dd,A Saud,2024/25,Lumbini Lions,Domestic,0,6,6,0,71,0,68,6,0,11.3333333333,11.3333333333,20,95.7746478873,41,57.7464788732,14,6,0,9,1,10,42,14.0845070423,NA,NA,6,48,52,92.3076923077,33,63.4615384615,7,1,20,19,105.2631578947,8,42.1052631579,2,0,0,0,NA,0,NA,0,0,0,NA,NA,0,0,NA,NA,0,NA,0,0,NA,NA,0,0,0,NA,0,0,0,NA,NA,NA,0,0,0,NA,NA,NA,0,0,0,NA,NA,NA,1,3,1,0,1,5,0,0,15,0,0,0,32,31,103.2258064516,36,40,90,0,NA,0,NA,6,0,domestic_status_unknown|opening_order_unknown,Domestic/foreign classification is not supplied. 6 innings have unknown exact opening order. Position mean/median left NA; times_opened retained.,6,0,71,52,19,0,0,0,0,0,0,0,0,0,0,0,0,6,https://www.cricnepal.com/heres-how-each-team-lines-up-after-the-npl-auction,documented auction/retention pool; contextual ID mapping,Lumbini Lions,0,0,0,0,0,0,1,0,0,0,0,,Unknown,Arjun Saud,Wicketkeeper-batter,https://www.onlinekhabar.com/wp-content/uploads/2025/08/SBL-NPL-Auction-Pool-2025-Final-Sheet1.pdf,2025 auction pool,auction,exact_auction_price,B,https://www.cricnepal.com/heres-how-each-team-lines-up-after-the-npl-auction,2024-10-07,https://www.cricnepal.com/heres-how-each-team-lines-up-after-the-npl-auction,NPR; reported clearing price. Base-price purchases use category price explicitly reported in auction result.,500000,NA,NA,NA,NA,,true,7352.9411764706,NA,NA,NA,500000,reported_exact_auction,7352.9411764706,NA,11.3333333333,14,8.0166493416,11,6,0.7073514125,NA,NA,NA,NA,NA,NA,NA,NA,NA,NA,NA,NA,70,5,30,40,50,5,30,20,50,5,30,20,10,5,30,-20,NA,0,NA,NA,NA,0,NA,NA,NA,0,NA,NA,NA,0,NA,NA,50,5,30,20,NA,0,NA,NA,NA,0,NA,NA,70,5,30,40,90,5,30,60,NA,0,NA,NA,NA,0,NA,NA,NA,0,NA,NA,NA,0,NA,NA,NA,0,NA,NA,NA,0,NA,NA,NA,0,NA,NA,NA,0,NA,NA,NA,0,NA,NA,NA,0,NA,NA,batting_only,contextual_manual_match,npl-2024,NPL 2024 Â· Season 1,lul,NA,NA,NA,NA,NA,NA,NA
972162b8,A Shrestha,2024/25,Sudur Paschim Royals,Domestic,0,1,1,0,5,0,1,1,0,1,1,1,20,4,80,1,0,0,0,0,0,0,0,NA,NA,1,1,5,20,4,80,0,0,0,0,NA,0,NA,0,0,0,0,NA,0,NA,0,0,0,NA,NA,0,0,NA,NA,0,NA,0,0,NA,NA,0,0,0,NA,0,0,0,NA,NA,NA,0,0,0,NA,NA,NA,0,0,0,NA,NA,NA,0,0,0,0,1,0,0,0,1,0,0,0,1,5,20,0,0,NA,0,NA,0,NA,1,0,domestic_status_unknown|opening_order_unknown,Domestic/foreign classification is not supplied. 1 innings have unknown exact opening order. Position mean/median left NA; times_opened retained.,1,0,5,5,0,0,0,0,0,0,0,0,0,0,0,0,0,1,https://www.cricnepal.com/heres-how-each-team-lines-up-after-the-npl-auction,documented auction/retention pool; contextual ID mapping,Sudur Paschim Royals,0,0,0,0,0,0,0,0,0,0,0,,Unknown,Amit Shrestha,Batter,https://www.onlinekhabar.com/wp-content/uploads/2025/08/SBL-NPL-Auction-Pool-2025-Final-Sheet1.pdf,2025 auction pool,auction,exact_auction_price,C,https://www.cricnepal.com/heres-how-each-team-lines-up-after-the-npl-auction,2024-10-07,https://www.cricnepal.com/heres-how-each-team-lines-up-after-the-npl-auction,NPR; reported clearing price. Base-price purchases use category price explicitly reported in auction result.,350000,NA,NA,NA,NA,,true,350000,NA,NA,NA,350000,reported_exact_auction,350000,NA,1,1,NA,0,1,NA,NA,NA,NA,NA,NA,NA,NA,NA,NA,NA,NA,NA,NA,0,NA,NA,NA,0,NA,NA,NA,0,NA,NA,NA,0,NA,NA,NA,0,NA,NA,NA,0,NA,NA,NA,0,NA,NA,NA,0,NA,NA,NA,0,NA,NA,NA,0,NA,NA,NA,0,NA,NA,NA,0,NA,NA,NA,0,NA,NA,NA,0,NA,NA,NA,0,NA,NA,NA,0,NA,NA,NA,0,NA,NA,NA,0,NA,NA,NA,0,NA,NA,NA,0,NA,NA,NA,0,NA,NA,NA,0,NA,NA,NA,0,NA,NA,batting_only,contextual_manual_match,npl-2024,NPL 2024 Â· Season 1,spr,NA,NA,NA,NA,NA,NA,NA
cbba9e4e,A Tripathi,2024/25,Janakpur Bolts,Domestic,0,3,3,0,30,0,19,2,1,9.5,6.3333333333,13,63.3333333333,16,53.3333333333,11,2,0,1,0,1,4,3.3333333333,6,6,0,9,9,100,4,44.4444444444,1,0,4,11,36.3636363636,7,63.6363636364,0,0,6,10,60,5,50,0,0,0,NA,NA,0,0,NA,NA,0,NA,0,0,NA,NA,0,0,0,NA,0,0,0,NA,NA,NA,0,0,0,NA,NA,NA,0,0,0,NA,NA,NA,1,0,0,0,2,1,3,1,15,0,19,0,4,4,100,15,26,57.6923076923,0,NA,0,NA,3,0,domestic_status_unknown,Domestic/foreign classification is not supplied.,3,0,30,9,11,10,0,0,0,0,0,0,0,0,0,0,3,0,https://www.cricnepal.com/heres-how-each-team-lines-up-after-the-npl-auction,documented auction/retention pool; contextual ID mapping,Janakpur Bolts,0,0,0,0,0,0,0,0,0,0,0,,Unknown,Aakash Tripathi,Batter,https://www.onlinekhabar.com/wp-content/uploads/2025/08/SBL-NPL-Auction-Pool-2025-Final-Sheet1.pdf,2025 auction pool,auction,exact_auction_price,B,https://www.cricnepal.com/heres-how-each-team-lines-up-after-the-npl-auction,2024-10-07,https://www.cricnepal.com/heres-how-each-team-lines-up-after-the-npl-auction,NPR; reported clearing price. Base-price purchases use category price explicitly reported in auction result.,1000000,NA,NA,NA,NA,,true,52631.5789473684,NA,NA,NA,1000000,reported_exact_auction,52631.5789473684,NA,6.3333333333,4,5.8594652771,5.5,3,0.925178728,NA,NA,NA,NA,NA,NA,NA,NA,NA,NA,NA,NA,NA,0,NA,NA,NA,0,NA,NA,NA,0,NA,NA,NA,0,NA,NA,NA,0,NA,NA,NA,0,NA,NA,NA,0,NA,NA,NA,0,NA,NA,NA,0,NA,NA,NA,0,NA,NA,NA,0,NA,NA,NA,0,NA,NA,NA,0,NA,NA,NA,0,NA,NA,NA,0,NA,NA,NA,0,NA,NA,NA,0,NA,NA,NA,0,NA,NA,NA,0,NA,NA,NA,0,NA,NA,NA,0,NA,NA,NA,0,NA,NA,NA,0,NA,NA,batting_only,contextual_manual_match,npl-2024,NPL 2024 Â· Season 1,jab,NA,NA,NA,NA,NA,NA,NA
b564b5e6,A Yadav,2024/25,Janakpur Bolts,Domestic,0,5,3,3,24,48,12,3,0,4,4,11,50,13,54.1666666667,10,1,0,0,0,0,0,0,7,8,0,0,0,NA,0,NA,0,0,11,22,50,12,54.5454545455,0,0,1,2,50,1,50,0,0,3,1,16,8,69,8.625,23,21,43.75,14,0,29.1666666667,0,4,3,34,14.5833333333,0,0,0,NA,NA,NA,42,55,3,7.8571428571,14,47.619047619,6,14,0,14,NA,16.6666666667,4,0,0,0,2,3,1,0,0,1,11,0,11,20,55,1,4,25,3,8.625,0,NA,3,3,domestic_status_unknown,Domestic/foreign classification is not supplied.,5,0,24,0,22,2,54,48,7,0,20,1,48,69,0,0,3,0,https://www.cricnepal.com/heres-how-each-team-lines-up-after-the-npl-auction,documented auction/retention pool; contextual ID mapping,Janakpur Bolts,0,0,0,0,0,0,1,0,6,0,0,,Unknown,Arniko Yadav,All-rounder,https://www.onlinekhabar.com/wp-content/uploads/2025/08/SBL-NPL-Auction-Pool-2025-Final-Sheet1.pdf,2025 auction pool,auction,exact_auction_price,C,https://www.cricnepal.com/heres-how-each-team-lines-up-after-the-npl-auction,2024-10-07,https://www.cricnepal.com/heres-how-each-team-lines-up-after-the-npl-auction,NPR; reported clearing price. Base-price purchases use category price explicitly reported in auction result.,225000,NA,NA,NA,NA,,true,18750,75000,NA,NA,225000,reported_exact_auction,18750,75000,4,1,6.0827625303,5.5,3,1.5206906326,1,1,1,1,3,1,11.1944444444,8.25,7.7640255404,7.3333333333,3,0.6935605942,NA,0,NA,NA,NA,0,NA,NA,NA,0,NA,NA,NA,0,NA,NA,NA,0,NA,NA,NA,0,NA,NA,NA,0,NA,NA,NA,0,NA,NA,NA,0,NA,NA,NA,0,NA,NA,NA,0,NA,NA,NA,0,NA,NA,NA,0,NA,NA,NA,0,NA,NA,NA,0,NA,NA,NA,0,NA,NA,NA,0,NA,NA,NA,0,NA,NA,NA,0,NA,NA,NA,0,NA,NA,NA,0,NA,NA,NA,0,NA,NA,NA,0,NA,NA,batting_and_bowling,contextual_manual_match,npl-2024,NPL 2024 Â· Season 1,jab,NA,NA,NA,NA,NA,NA,NA
d1305df0,AGS Gous,2024/25,Pokhara Avengers,Foreign,0,6,6,0,136,0,224,5,1,44.8,37.3333333333,104,164.7058823529,56,41.1764705882,34,5,2,30,9,39,174,28.6764705882,NA,NA,6,151,86,175.5813953488,39,45.3488372093,21,7,61,46,132.6086956522,17,36.9565217391,8,1,12,4,300,0,0,1,1,0,NA,NA,0,0,NA,NA,0,NA,0,0,NA,NA,0,0,0,NA,0,0,0,NA,NA,NA,0,0,0,NA,NA,NA,0,0,0,NA,NA,NA,1,2,4,1,2,4,0,0,143,0,0,0,45,33,136.3636363636,179,103,173.786407767,0,NA,0,NA,6,0,domestic_status_unknown|opening_order_unknown,Domestic/foreign classification is not supplied. 6 innings have unknown exact opening order. Position mean/median left NA; times_opened retained.,6,0,136,86,46,4,0,0,0,0,0,0,0,0,0,0,0,6,https://wicketnepal.com/2024/11/nepal-premier-league-npl-2024-complete-squad-and-team-information/,documented season roster; contextual ID mapping,Pokhara Avengers,0,0,0,1,0,1,1,0,0,0,0,,Unknown,AGS Gous,Unknown,,,not_found,not_found,,,,,,NA,NA,NA,NA,NA,,false,NA,NA,NA,NA,NA,unavailable,NA,NA,37.3333333333,30.5,35.4833294191,17,6,0.9504463237,NA,NA,NA,NA,NA,NA,NA,NA,NA,NA,NA,NA,NA,0,NA,NA,NA,0,NA,NA,NA,0,NA,NA,NA,0,NA,NA,NA,0,NA,NA,NA,0,NA,NA,NA,0,NA,NA,NA,0,NA,NA,NA,0,NA,NA,NA,0,NA,NA,NA,0,NA,NA,NA,0,NA,NA,NA,0,NA,NA,NA,0,NA,NA,NA,0,NA,NA,NA,0,NA,NA,NA,0,NA,NA,NA,0,NA,NA,NA,0,NA,NA,NA,0,NA,NA,NA,0,NA,NA,NA,0,NA,NA,NA,0,NA,NA,batting_only,not_price_verified,npl-2024,NPL 2024 Â· Season 1,poa,NA,NA,NA,NA,NA,NA,NA
5b1d6583,AK Sah,2024/25,Janakpur Bolts,Domestic,0,7,7,0,111,0,132,6,1,22,18.8571428571,62,118.9189189189,52,47.2727272727,35,5,0,10,7,17,82,15.3153153153,NA,NA,6,84,67,125.3731343284,37,56.0606060606,8,5,47,43,109.3023255814,15,34.8837209302,2,2,1,1,100,0,0,0,0,0,NA,NA,0,0,NA,NA,0,NA,0,0,NA,NA,0,0,0,NA,0,0,0,NA,NA,NA,0,0,0,NA,NA,NA,0,0,0,NA,NA,NA,12,0,0,1,5,2,0,0,124,0,0,0,45,39,115.3846153846,87,72,120.8333333333,0,NA,0,NA,7,0,domestic_status_unknown|opening_order_unknown,Domestic/foreign classification is not supplied. 6 innings have unknown exact opening order. Position mean/median left NA; times_opened retained.,7,0,110,66,43,1,0,0,0,0,0,0,0,0,0,0,1,6,https://www.cricnepal.com/heres-how-each-team-lines-up-after-the-npl-auction,documented auction/retention pool; contextual ID mapping,Janakpur Bolts,0,0,0,1,1,0,1,0,0,0,0,,Unknown,Anil Sah,Unknown,,,auction,exact_auction_price,A,https://www.cricnepal.com/heres-how-each-team-lines-up-after-the-npl-auction,2024-10-07,https://www.cricnepal.com/heres-how-each-team-lines-up-after-the-npl-auction,NPR; reported clearing price. Base-price purchases use category price explicitly reported in auction result.,1500000,NA,NA,NA,NA,,true,11363.6363636364,NA,NA,NA,1500000,reported_exact_auction,11363.6363636364,NA,18.8571428571,8,24.4637730221,25,7,1.2973212966,NA,NA,NA,NA,NA,NA,NA,NA,NA,NA,NA,NA,78.5714285714,28,NA,NA,63.8888888889,18,NA,NA,76.7857142857,28,NA,NA,36.1111111111,18,NA,NA,NA,0,NA,NA,NA,0,NA,NA,NA,0,NA,NA,NA,0,NA,NA,23.2142857143,28,NA,NA,NA,0,NA,NA,NA,0,NA,NA,80.3571428571,28,NA,NA,75,18,NA,NA,NA,0,NA,NA,NA,0,NA,NA,NA,0,NA,NA,NA,0,NA,NA,78.5714285714,7,NA,NA,NA,0,NA,NA,65.625,16,NA,NA,NA,0,NA,NA,NA,0,NA,NA,NA,0,NA,NA,batting_only,contextual_manual_match,npl-2024,NPL 2024 Â· Season 1,jab,NA,NA,NA,NA,NA,NA,NA
3d74eacf,AS Routela,2024/25,Chitwan Rhinos,Domestic,0,8,6,5,57,54,85,4,2,21.25,14.1666666667,42,149.1228070175,20,35.0877192982,19,8,0,5,5,10,50,17.5438596491,7.6666666667,8,0,0,0,NA,0,NA,0,0,15,16,93.75,7,43.75,2,0,70,41,170.7317073171,13,31.7073170732,3,5,4,0.8,13.5,9,70,7.7777777778,17.5,19,35.1851851852,0,4,0,7.4074074074,6,2,36,13.7931034483,0,0,0,NA,NA,NA,48,61,2,7.625,24,35.4166666667,6,9,2,9,3,33.3333333333,1,0,0,0,4,4,1,0,19,4,9,0,28,17,164.7058823529,57,40,142.5,1,8.3333333333,3,6.6666666667,6,5,domestic_status_unknown,Domestic/foreign classification is not supplied.,8,0,57,0,16,41,58,58,8,0,17,2,36,50,18,20,6,0,https://www.cricnepal.com/heres-how-each-team-lines-up-after-the-npl-auction,documented auction/retention pool; contextual ID mapping,Chitwan Rhinos,0,0,0,0,0,0,0,0,0,4,0,,Unknown,Amar Singh Rautel,Unknown,,,auction,exact_auction_price,B,https://www.cricnepal.com/heres-how-each-team-lines-up-after-the-npl-auction,2024-10-07,https://www.cricnepal.com/heres-how-each-team-lines-up-after-the-npl-auction,NPR; reported clearing price. Base-price purchases use category price explicitly reported in auction result.,500000,NA,NA,NA,NA,,true,5882.3529411765,125000,NA,NA,500000,reported_exact_auction,5882.3529411765,125000,14.1666666667,9,13.8768392174,5.25,6,0.9795415918,0.8,1,0.8366600265,1,5,1.0458250332,9.7333333333,5.6666666667,8.1535609126,3.5,5,0.8376946143,62.5,28,NA,NA,91.6666666667,18,NA,NA,73.2142857143,28,NA,NA,86.1111111111,18,NA,NA,19.0476190476,21,NA,NA,NA,0,NA,NA,NA,0,NA,NA,NA,0,NA,NA,51.7857142857,28,NA,NA,47.619047619,21,NA,NA,2.380952381,21,NA,NA,55.3571428571,28,NA,NA,80.5555555556,18,NA,NA,19.0476190476,21,NA,NA,NA,0,NA,NA,NA,0,NA,NA,NA,0,NA,NA,NA,0,NA,NA,NA,0,NA,NA,NA,0,NA,NA,12.5,20,NA,NA,62.5,12,NA,NA,NA,0,NA,NA,batting_and_bowling,contextual_manual_match,npl-2024,NPL 2024 Â· Season 1,chr,NA,NA,NA,NA,NA,NA,NA
02f4b99c,Aakarshit Gomel,2024/25,Pokhara Avengers,Foreign,0,1,1,1,15,6,8,1,0,8,8,8,53.3333333333,7,46.6666666667,8,0,0,0,0,0,0,0,5,5,0,0,0,NA,0,NA,0,0,8,15,53.3333333333,7,46.6666666667,0,0,0,0,NA,0,NA,0,0,0,0,NA,1,13,13,NA,0,0,0,0,0,0,2,0,8,33.3333333333,0,0,0,NA,NA,NA,6,13,0,13,NA,0,0,0,0,NA,NA,NA,0,0,0,0,0,1,0,0,0,0,0,0,8,15,53.3333333333,0,0,NA,0,NA,0,13,1,1,domestic_status_unknown,Domestic/foreign classification is not supplied.,1,0,15,0,15,0,6,6,2,0,0,0,0,0,6,13,1,0,https://wicketnepal.com/2024/11/nepal-premier-league-npl-2024-complete-squad-and-team-information/,documented season roster; contextual ID mapping,Pokhara Avengers,0,0,0,0,0,0,0,0,0,0,0,,Unknown,Aakarshit Gomel,Unknown,,,not_found,not_found,,,,,,NA,NA,NA,NA,NA,,false,NA,NA,NA,NA,NA,unavailable,NA,NA,8,8,NA,0,1,NA,0,0,NA,0,1,NA,13,13,NA,0,1,NA,NA,0,NA,NA,NA,0,NA,NA,NA,0,NA,NA,NA,0,NA,NA,NA,0,NA,NA,NA,0,NA,NA,NA,0,NA,NA,NA,0,NA,NA,NA,0,NA,NA,NA,0,NA,NA,NA,0,NA,NA,NA,0,NA,NA,NA,0,NA,NA,NA,0,NA,NA,NA,0,NA,NA,NA,0,NA,NA,NA,0,NA,NA,NA,0,NA,NA,NA,0,NA,NA,NA,0,NA,NA,NA,0,NA,NA,NA,0,NA,NA,NA,0,NA,NA,batting_and_bowling,not_price_verified,npl-2024,NPL 2024 Â· Season 1,poa,NA,NA,NA,NA,NA,NA,NA
279c51f0,Aakash Chand,2024/25,Pokhara Avengers,Domestic,0,4,1,3,3,42,1,1,0,1,1,1,33.3333333333,2,66.6666666667,1,0,0,0,0,0,0,0,10,10,0,0,0,NA,0,NA,0,0,0,0,NA,0,NA,0,0,1,3,33.3333333333,2,66.6666666667,0,0,0,0,NA,7,74,10.5714285714,NA,18,42.8571428571,8,1,19.0476190476,2.380952381,11,1,50,27.9069767442,18,30,0,10,NA,55.5555555556,12,21,0,10.5,NA,33.3333333333,12,23,0,11.5,NA,33.3333333333,0,0,0,0,1,3,0,0,0,0,0,0,1,3,33.3333333333,0,0,NA,0,8.75,0,13,1,3,domestic_status_unknown,Domestic/foreign classification is not supplied.,4,0,3,0,0,3,46,43,12,10,4,4,24,35,18,39,1,0,https://www.cricnepal.com/heres-how-each-team-lines-up-after-the-npl-auction,documented auction/retention pool; contextual ID mapping,Pokhara Avengers,0,0,0,0,0,0,0,0,3,1,0,,Unknown,Aakash Chand,Bowler,https://pokharaavengers.com/our-team,Current franchise classification accessed 2026-09-23; historical role not established,auction,exact_auction_price,A,https://www.cricnepal.com/heres-how-each-team-lines-up-after-the-npl-auction,2024-10-07,https://www.cricnepal.com/heres-how-each-team-lines-up-after-the-npl-auction,NPR; reported clearing price. Base-price purchases use category price explicitly reported in auction result.,1150000,NA,NA,NA,NA,,true,1150000,NA,NA,NA,1150000,reported_exact_auction,1150000,NA,1,1,NA,0,1,NA,0,0,0,0,3,NA,12.4166666667,10.5,4.9138409959,4.625,3,0.3957455836,NA,0,NA,NA,NA,0,NA,NA,NA,0,NA,NA,NA,0,NA,NA,NA,0,NA,NA,NA,0,NA,NA,NA,0,NA,NA,NA,0,NA,NA,NA,0,NA,NA,NA,0,NA,NA,NA,0,NA,NA,NA,0,NA,NA,NA,0,NA,NA,NA,0,NA,NA,NA,0,NA,NA,NA,0,NA,NA,NA,0,NA,NA,NA,0,NA,NA,NA,0,NA,NA,NA,0,NA,NA,NA,0,NA,NA,NA,0,NA,NA,NA,0,NA,NA,batting_and_bowling,contextual_manual_match,npl-2024,NPL 2024 Â· Season 1,poa,NA,NA,NA,NA,NA,NA,NA
cd4d7695,Aarif Sheikh,2024/25,Sudur Paschim Royals,Domestic,0,9,8,0,71,0,69,6,2,11.5,8.625,42,97.1830985915,28,40,31,6,0,5,1,6,26,8.4507042254,5.625,5.5,0,11,11,100,6,54.5454545455,2,0,31,32,96.875,11,35.4838709677,2,0,27,28,96.4285714286,11,39.2857142857,1,1,0,NA,NA,0,0,NA,NA,0,NA,0,0,NA,NA,0,0,0,NA,0,0,0,NA,NA,NA,0,0,0,NA,NA,NA,0,0,0,NA,NA,NA,2,0,0,0,7,2,2,1,64,0,1,0,61,59,103.3898305085,8,12,66.6666666667,0,NA,0,NA,8,0,domestic_status_unknown,Domestic/foreign classification is not supplied.,9,0,70,11,31,28,0,0,0,0,0,0,0,0,0,0,8,0,https://www.cricnepal.com/heres-how-each-team-lines-up-after-the-npl-auction,documented auction/retention pool; contextual ID mapping,Sudur Paschim Royals,0,0,0,1,0,0,1,0,0,0,0,,Unknown,Aarif Sheikh,Unknown,,,auction,exact_auction_price,A,https://www.cricnepal.com/heres-how-each-team-lines-up-after-the-npl-auction,2024-10-07,https://www.cricnepal.com/heres-how-each-team-lines-up-after-the-npl-auction,NPR; reported clearing price. Base-price purchases use category price explicitly reported in auction result.,1500000,NA,NA,NA,NA,,true,21739.1304347826,NA,NA,NA,1500000,reported_exact_auction,21739.1304347826,NA,8.625,4,13.773032657,4.25,8,1.5968733515,NA,NA,NA,NA,NA,NA,NA,NA,NA,NA,NA,NA,41.0714285714,28,NA,NA,19.4444444444,18,NA,NA,33.9285714286,28,NA,NA,69.4444444444,18,NA,NA,NA,0,NA,NA,NA,0,NA,NA,NA,0,NA,NA,NA,0,NA,NA,12.5,28,NA,NA,NA,0,NA,NA,NA,0,NA,NA,37.5,28,NA,NA,13.8888888889,18,NA,NA,NA,0,NA,NA,NA,0,NA,NA,NA,0,NA,NA,NA,0,NA,NA,NA,0,NA,NA,NA,0,NA,NA,34.375,16,NA,NA,NA,0,NA,NA,12.5,12,NA,NA,NA,0,NA,NA,batting_only,contextual_manual_match,npl-2024,NPL 2024 Â· Season 1,spr,NA,NA,NA,NA,NA,NA,NA
dcbea954,Aasif Sheikh,2024/25,Janakpur Bolts,Domestic,0,10,10,0,151,0,162,10,0,16.2,16.2,36,107.2847682119,76,50.3311258278,43,9,1,17,5,22,98,14.5695364238,NA,NA,10,111,101,109.900990099,56,55.4455445545,13,4,51,50,102,20,40,4,1,0,0,NA,0,NA,0,0,0,NA,NA,0,0,NA,NA,0,NA,0,0,NA,NA,0,0,0,NA,0,0,0,NA,NA,NA,0,0,0,NA,NA,NA,0,0,0,NA,NA,NA,6,0,0,0,7,3,3,1,124,0,48,0,27,20,135,135,131,103.0534351145,0,NA,0,NA,10,0,domestic_status_unknown|opening_order_unknown,Domestic/foreign classification is not supplied. 10 innings have unknown exact opening order. Position mean/median left NA; times_opened retained.,10,0,151,101,50,0,0,0,0,0,0,0,0,0,0,0,0,10,https://www.cricnepal.com/npl-marquee-players-to-receive-minimum-20-lakhs-auction-set-for-pre-dashain,documented auction/retention pool; contextual ID mapping,Janakpur Bolts,0,0,0,0,0,0,1,0,0,0,0,,Unknown,Aasif Sheikh,Unknown,,,marquee,documented_minimum,NA,https://www.cricnepal.com/npl-marquee-players-to-receive-minimum-20-lakhs-auction-set-for-pre-dashain,2024-09-14,https://www.cricnepal.com/npl-marquee-players-to-receive-minimum-20-lakhs-auction-set-for-pre-dashain,Minimum only; incentives can increase compensation. Not an auction clearing price.,NA,2000000,NA,NA,NA,"Project-owner assumption: every marquee player receives NPR 2,000,000 in each of 2024/25 and 2025/26. Not independently verified payment evidence.",false,NA,NA,12345.6790123457,NA,2000000,user_assumed_marquee_salary,12345.67901234568,NA,16.2,13.5,14.1090987191,26.5,10,0.8709320197,NA,NA,NA,NA,NA,NA,NA,NA,NA,NA,NA,NA,83.9285714286,28,NA,NA,25,18,NA,NA,51.7857142857,28,NA,NA,25,18,NA,NA,NA,0,NA,NA,NA,0,NA,NA,NA,0,NA,NA,NA,0,NA,NA,62.5,28,NA,NA,NA,0,NA,NA,NA,0,NA,NA,66.0714285714,28,NA,NA,69.4444444444,18,NA,NA,NA,0,NA,NA,NA,0,NA,NA,NA,0,NA,NA,NA,0,NA,NA,35.7142857143,7,NA,NA,NA,0,NA,NA,46.875,16,NA,NA,NA,0,NA,NA,NA,0,NA,NA,NA,0,NA,NA,batting_only,not_price_verified,npl-2024,NPL 2024 Â· Season 1,jab,NA,NA,NA,NA,NA,NA,2000000
0baa5518,Abhishesh Gautam,2024/25,Lumbini Lions,Domestic,0,4,1,4,1,96,0,1,0,0,0,0,0,1,100,0,0,0,0,0,0,0,0,11,11,0,0,0,NA,0,NA,0,0,0,0,NA,0,NA,0,0,0,1,0,1,100,0,0,6,1.5,16,16,78,4.875,13,49,51.0416666667,1,0,1.0416666667,0,4,4,40,8.3333333333,36,30,1,5,36,55.5555555556,48,37,4,4.625,12,50,12,11,1,5.5,12,41.6666666667,2,0,0,0,1,3,0,0,0,1,0,0,0,0,NA,0,1,0,5,3.9166666667,1,7.75,1,4,domestic_status_unknown,Domestic/foreign classification is not supplied.,4,0,1,0,0,1,97,96,8,20,24,5,72,47,24,31,1,0,https://www.cricnepal.com/heres-how-each-team-lines-up-after-the-npl-auction,documented auction/retention pool; contextual ID mapping,Lumbini Lions,0,0,0,0,0,0,1,0,1,0,0,,Unknown,Abhisesh Gautam,Bowler,https://lumbinilions.com.np/,Current franchise classification accessed 2026-09-23; historical role not established,auction,exact_auction_price,C,https://www.cricnepal.com/heres-how-each-team-lines-up-after-the-npl-auction,2024-10-07,https://www.cricnepal.com/heres-how-each-team-lines-up-after-the-npl-auction,NPR; reported clearing price. Base-price purchases use category price explicitly reported in auction result.,200000,NA,NA,NA,NA,,true,NA,33333.3333333333,NA,NA,200000,reported_exact_auction,NA,33333.3333333333,0,0,NA,0,1,NA,1.5,1.5,1.2909944487,1.5,4,0.8606629658,4.875,4.5,2.126225137,2,4,0.4361487461,NA,0,NA,NA,NA,0,NA,NA,NA,0,NA,NA,NA,0,NA,NA,68.75,8,6.25,62.5,92.8571428571,7,7.1428571429,85.7142857143,78.5714285714,7,7.1428571429,71.4285714286,92.8571428571,7,7.1428571429,85.7142857143,NA,0,NA,NA,93.75,8,6.25,87.5,31.25,8,6.25,25,NA,0,NA,NA,NA,0,NA,NA,93.75,8,6.25,87.5,78.5714285714,7,7.1428571429,71.4285714286,78.5714285714,7,7.1428571429,71.4285714286,50,7,7.1428571429,42.8571428571,NA,0,NA,NA,90,5,10,80,NA,0,NA,NA,92.8571428571,7,7.1428571429,85.7142857143,NA,0,NA,NA,NA,0,NA,NA,batting_and_bowling,contextual_manual_match,npl-2024,NPL 2024 Â· Season 1,lul,NA,NA,NA,NA,NA,NA,NA
b3b39bed,Aqib Ilyas,2024/25,Biratnagar Kings,Foreign,0,2,2,2,32,42,23,2,0,11.5,11.5,15,71.875,19,59.375,9,1,0,3,0,3,12,9.375,3,3,0,20,25,80,15,60,3,0,3,7,42.8571428571,4,57.1428571429,0,0,0,0,NA,0,NA,0,0,1,0.5,42,7,50,7.1428571429,50,11,26.1904761905,0,0,0,0,0,3,18,7.1428571429,6,6,0,6,NA,16.6666666667,30,39,0,7.8,NA,30,6,5,1,5,6,16.6666666667,0,0,0,0,0,2,0,0,0,0,0,0,15,18,83.3333333333,8,14,57.1428571429,1,7.75,0,6.3333333333,2,2,domestic_status_unknown,Domestic/foreign classification is not supplied.,2,0,32,25,7,0,42,42,3,1,9,1,24,31,18,19,2,0,https://wicketnepal.com/2024/11/nepal-premier-league-npl-2024-complete-squad-and-team-information/,documented season roster; contextual ID mapping,Biratnagar Kings,0,0,0,0,0,0,0,0,0,0,0,,Unknown,Aqib Ilyas,Unknown,,,not_found,not_found,,,,,,NA,NA,NA,NA,NA,,false,NA,NA,NA,NA,NA,unavailable,NA,NA,11.5,11.5,4.9497474683,3.5,2,0.4304128233,0.5,0.5,0.7071067812,0.5,2,1.4142135624,7.0416666667,7.0416666667,1.0017346067,0.7083333333,2,0.142258169,NA,0,NA,NA,NA,0,NA,NA,NA,0,NA,NA,NA,0,NA,NA,NA,0,NA,NA,NA,0,NA,NA,NA,0,NA,NA,NA,0,NA,NA,NA,0,NA,NA,NA,0,NA,NA,NA,0,NA,NA,NA,0,NA,NA,NA,0,NA,NA,NA,0,NA,NA,NA,0,NA,NA,NA,0,NA,NA,NA,0,NA,NA,NA,0,NA,NA,NA,0,NA,NA,NA,0,NA,NA,NA,0,NA,NA,NA,0,NA,NA,NA,0,NA,NA,batting_and_bowling,not_price_verified,npl-2024,NPL 2024 Â· Season 1,bik,NA,NA,NA,NA,NA,NA,NA
179f9589,B Aagri,2024/25,Lumbini Lions,Domestic,0,1,0,1,0,12,0,0,0,NA,NA,NA,NA,0,NA,0,0,0,0,0,0,0,NA,NA,NA,0,0,0,NA,0,NA,0,0,0,0,NA,0,NA,0,0,0,0,NA,0,NA,0,0,3,3,4,2,14,7,4.6666666667,6,50,0,0,0,0,1,1,10,16.6666666667,6,11,0,11,NA,50,0,0,0,NA,NA,NA,6,3,3,3,2,50,0,0,0,0,0,1,0,0,0,0,0,0,0,0,NA,0,0,NA,3,7,0,NA,0,1,domestic_status_unknown,Domestic/foreign classification is not supplied.,1,0,0,0,0,0,12,12,2,3,0,3,12,14,0,0,0,0,https://www.cricnepal.com/heres-how-each-team-lines-up-after-the-npl-auction,documented auction/retention pool; contextual ID mapping,Lumbini Lions,0,0,0,NA,0,0,0,0,0,0,0,,Unknown,Bikash Agri,Unknown,,,auction,exact_auction_price,C,https://www.cricnepal.com/heres-how-each-team-lines-up-after-the-npl-auction,2024-10-07,https://www.cricnepal.com/heres-how-each-team-lines-up-after-the-npl-auction,NPR; reported clearing price. Base-price purchases use category price explicitly reported in auction result.,200000,NA,NA,NA,NA,,true,NA,66666.6666666667,NA,NA,200000,reported_exact_auction,NA,66666.6666666667,NA,NA,NA,NA,NA,NA,3,3,NA,0,1,NA,7,7,NA,0,1,NA,NA,0,NA,NA,NA,0,NA,NA,NA,0,NA,NA,NA,0,NA,NA,NA,0,NA,NA,NA,0,NA,NA,NA,0,NA,NA,NA,0,NA,NA,NA,0,NA,NA,NA,0,NA,NA,NA,0,NA,NA,NA,0,NA,NA,NA,0,NA,NA,NA,0,NA,NA,NA,0,NA,NA,NA,0,NA,NA,NA,0,NA,NA,NA,0,NA,NA,NA,0,NA,NA,NA,0,NA,NA,NA,0,NA,NA,NA,0,NA,NA,NA,0,NA,NA,bowling_only,contextual_manual_match,npl-2024,NPL 2024 Â· Season 1,lul,NA,NA,NA,NA,NA,NA,NA
82342b13,B Bhandari,2024/25,Sudur Paschim Royals,Domestic,0,9,9,0,213,0,235,8,1,29.375,26.1111111111,58,110.3286384977,100,47.1698113208,71,11,2,19,10,29,136,13.6150234742,NA,NA,9,149,128,116.40625,67,52.7559055118,17,5,81,76,106.5789473684,29,38.1578947368,2,5,5,9,55.5555555556,4,44.4444444444,0,0,0,NA,NA,0,0,NA,NA,0,NA,0,0,NA,NA,0,0,0,NA,0,0,0,NA,NA,NA,0,0,0,NA,NA,NA,0,0,0,NA,NA,NA,1,3,4,1,7,2,2,1,184,0,99,0,163,145,112.4137931034,72,68,105.8823529412,0,NA,0,NA,9,0,domestic_status_unknown|opening_order_unknown,Domestic/foreign classification is not supplied. 9 innings have unknown exact opening order. Position mean/median left NA; times_opened retained.,9,0,212,127,76,9,0,0,0,0,0,0,0,0,0,0,0,9,https://www.cricnepal.com/heres-how-each-team-lines-up-after-the-npl-auction,documented auction/retention pool; contextual ID mapping,Sudur Paschim Royals,0,0,0,1,1,0,0,0,0,0,0,,Unknown,Binod Bhandari,Unknown,,,auction,exact_auction_price,A,https://www.cricnepal.com/heres-how-each-team-lines-up-after-the-npl-auction,2024-10-07,https://www.cricnepal.com/heres-how-each-team-lines-up-after-the-npl-auction,NPR; reported clearing price. Base-price purchases use category price explicitly reported in auction result.,1000000,NA,NA,NA,NA,,true,4255.3191489362,NA,NA,NA,1000000,reported_exact_auction,4255.3191489362,NA,26.1111111111,23,17.1496679592,21,9,0.6567957942,NA,NA,NA,NA,NA,NA,NA,NA,NA,NA,NA,NA,98.2142857143,28,NA,NA,47.2222222222,18,NA,NA,87.5,28,NA,NA,41.6666666667,18,NA,NA,NA,0,NA,NA,NA,0,NA,NA,NA,0,NA,NA,NA,0,NA,NA,91.0714285714,28,NA,NA,NA,0,NA,NA,NA,0,NA,NA,94.6428571429,28,NA,NA,52.7777777778,18,NA,NA,NA,0,NA,NA,NA,0,NA,NA,NA,0,NA,NA,NA,0,NA,NA,50,7,NA,NA,NA,0,NA,NA,53.125,16,NA,NA,NA,0,NA,NA,NA,0,NA,NA,NA,0,NA,NA,batting_only,contextual_manual_match,npl-2024,NPL 2024 Â· Season 1,spr,NA,NA,NA,NA,NA,NA,NA
edc2a9c6,B Karki,2024/25,Karnali Yaks,Domestic,0,2,0,2,0,30,0,0,0,NA,NA,NA,NA,0,NA,0,0,0,0,0,0,0,NA,NA,NA,0,0,0,NA,0,NA,0,0,0,0,NA,0,NA,0,0,0,0,NA,0,NA,0,0,0,0,NA,5,39,7.8,NA,11,36.6666666667,0,0,0,0,3,2,24,16.6666666667,12,10,0,5,NA,50,18,29,0,9.6666666667,NA,27.7777777778,0,0,0,NA,NA,NA,0,0,0,0,0,2,0,0,0,0,0,0,0,0,NA,0,0,NA,0,NA,0,7.8,0,2,domestic_status_unknown,Domestic/foreign classification is not supplied.,2,0,0,0,0,0,30,30,5,6,5,0,0,0,30,39,0,0,https://www.cricnepal.com/heres-how-each-team-lines-up-after-the-npl-auction,documented auction/retention pool; contextual ID mapping,Karnali Yaks,0,0,0,NA,0,0,0,0,0,0,0,,Unknown,Bhuwan Karki,Bowler,https://www.onlinekhabar.com/wp-content/uploads/2025/08/SBL-NPL-Auction-Pool-2025-Final-Sheet1.pdf,2025 auction pool,auction,exact_auction_price,B,https://www.cricnepal.com/heres-how-each-team-lines-up-after-the-npl-auction,2024-10-07,https://www.cricnepal.com/heres-how-each-team-lines-up-after-the-npl-auction,NPR; reported clearing price. Base-price purchases use category price explicitly reported in auction result.,500000,NA,NA,NA,NA,,true,NA,NA,NA,NA,500000,reported_exact_auction,NA,NA,NA,NA,NA,NA,NA,NA,0,0,0,0,2,NA,9.75,9.75,4.5961940777,3.25,2,0.4714045208,NA,0,NA,NA,NA,0,NA,NA,NA,0,NA,NA,NA,0,NA,NA,NA,0,NA,NA,NA,0,NA,NA,NA,0,NA,NA,NA,0,NA,NA,NA,0,NA,NA,NA,0,NA,NA,NA,0,NA,NA,NA,0,NA,NA,NA,0,NA,NA,NA,0,NA,NA,NA,0,NA,NA,NA,0,NA,NA,NA,0,NA,NA,NA,0,NA,NA,NA,0,NA,NA,NA,0,NA,NA,NA,0,NA,NA,NA,0,NA,NA,NA,0,NA,NA,bowling_only,contextual_manual_match,npl-2024,NPL 2024 Â· Season 1,ky,NA,NA,NA,NA,NA,NA,NA
6df2fe08,B Khatri,2024/25,Sudur Paschim Royals,Unknown,0,2,1,1,3,6,4,0,1,NA,4,4,133.3333333333,0,0,2,1,0,0,0,0,0,0,9,9,0,0,0,NA,0,NA,0,0,0,0,NA,0,NA,0,0,4,3,133.3333333333,0,0,0,0,0,0,NA,1,12,12,NA,2,33.3333333333,0,0,0,0,1,1,10,33.3333333333,0,0,0,NA,NA,NA,0,0,0,NA,NA,NA,6,12,0,12,NA,33.3333333333,1,0,0,0,2,0,0,0,4,0,0,0,4,3,133.3333333333,0,0,NA,0,NA,0,12,1,1,domestic_status_unknown,Domestic/foreign classification is not supplied.,2,0,3,0,0,3,6,6,2,0,0,2,0,0,6,12,1,0,,Unknown,Sudur Paschim Royals,0,0,0,1,0,0,0,0,0,0,0,,Unknown,B Khatri,Unknown,,,not_found,not_found,,,,,,NA,NA,NA,NA,NA,,false,NA,NA,NA,NA,NA,unavailable,NA,NA,4,4,NA,0,1,NA,0,0,NA,0,1,NA,12,12,NA,0,1,NA,NA,0,NA,NA,NA,0,NA,NA,NA,0,NA,NA,NA,0,NA,NA,NA,0,NA,NA,NA,0,NA,NA,NA,0,NA,NA,NA,0,NA,NA,NA,0,NA,NA,NA,0,NA,NA,NA,0,NA,NA,NA,0,NA,NA,NA,0,NA,NA,NA,0,NA,NA,NA,0,NA,NA,NA,0,NA,NA,NA,0,NA,NA,NA,0,NA,NA,NA,0,NA,NA,NA,0,NA,NA,NA,0,NA,NA,NA,0,NA,NA,NA,0,NA,NA,batting_and_bowling,not_price_verified,npl-2024,NPL 2024 Â· Season 1,spr,NA,NA,NA,NA,NA,NA,NA
6527fb51,B Rawal,2024/25,Chitwan Rhinos,Domestic,0,8,5,0,64,0,54,5,0,10.8,10.8,18,84.375,35,54.6875,18,4,0,7,0,7,28,10.9375,NA,NA,3,39,51,76.4705882353,31,60.7843137255,5,0,15,13,115.3846153846,4,30.7692307692,2,0,0,0,NA,0,NA,0,0,0,NA,NA,0,0,NA,NA,0,NA,0,0,NA,NA,0,0,0,NA,0,0,0,NA,NA,NA,0,0,0,NA,NA,NA,0,0,0,NA,NA,NA,5,0,4,0,4,4,1,0,20,0,18,0,31,45,68.8888888889,23,19,121.0526315789,0,NA,0,NA,5,0,domestic_status_unknown|opening_order_unknown,Domestic/foreign classification is not supplied. 3 innings have unknown exact opening order. Position mean/median left NA; times_opened retained.,8,0,64,51,13,0,0,0,0,0,0,0,0,0,0,0,2,3,https://www.cricnepal.com/heres-how-each-team-lines-up-after-the-npl-auction,documented auction/retention pool; contextual ID mapping,Chitwan Rhinos,0,0,0,0,0,0,0,0,0,0,0,,Unknown,Bipin Rawal,Wicketkeeper-batter,https://www.onlinekhabar.com/wp-content/uploads/2025/08/SBL-NPL-Auction-Pool-2025-Final-Sheet1.pdf,2025 auction pool,auction,exact_auction_price,B,https://www.cricnepal.com/heres-how-each-team-lines-up-after-the-npl-auction,2024-10-07,https://www.cricnepal.com/heres-how-each-team-lines-up-after-the-npl-auction,NPR; reported clearing price. Base-price purchases use category price explicitly reported in auction result.,800000,NA,NA,NA,NA,,true,14814.8148148148,NA,NA,NA,800000,reported_exact_auction,14814.8148148148,NA,10.8,11,6.7970581872,12,5,0.6293572396,NA,NA,NA,NA,NA,NA,NA,NA,NA,NA,NA,NA,30,5,70,-40,10,5,70,-60,30,5,70,-40,30,5,70,-40,NA,0,NA,NA,NA,0,NA,NA,NA,0,NA,NA,NA,0,NA,NA,70,5,70,0,NA,0,NA,NA,NA,0,NA,NA,50,5,70,-20,70,5,70,0,NA,0,NA,NA,NA,0,NA,NA,NA,0,NA,NA,NA,0,NA,NA,NA,0,NA,NA,NA,0,NA,NA,NA,0,NA,NA,NA,0,NA,NA,NA,0,NA,NA,NA,0,NA,NA,batting_only,contextual_manual_match,npl-2024,NPL 2024 Â· Season 1,chr,NA,NA,NA,NA,NA,NA,NA
fbdc8309,B Sharki,2024/25,Kathmandu Gorkhas,Domestic,0,7,7,3,98,30,78,7,0,11.1428571429,11.1428571429,31,79.5918367347,52,53.0612244898,30,9,0,6,1,7,30,7.1428571429,3.7142857143,4,0,30,47,63.829787234,30,63.829787234,4,0,46,46,100,19,41.3043478261,2,1,2,5,40,3,60,0,0,0,0,NA,5,30,6,NA,10,33.3333333333,1,0,3.3333333333,0,3,0,12,10,0,0,0,NA,NA,NA,24,23,0,5.75,NA,33.3333333333,6,7,0,7,NA,33.3333333333,3,0,1,0,4,3,0,0,63,0,0,0,36,55,65.4545454545,42,43,97.6744186047,0,5.5,0,8,7,3,domestic_status_unknown|team_alias_review,Domestic/foreign classification is not supplied. Kathmandu Gurkhas/Gorkhas uses proposed canonical label Kathmandu Gorkhas; raw label retained.,7,0,98,47,46,5,31,30,3,0,8,2,24,22,6,8,7,0,https://www.cricnepal.com/heres-how-each-team-lines-up-after-the-npl-auction,documented auction/retention pool; contextual ID mapping,Kathmandu Gurkhas,0,0,0,0,0,0,0,0,1,0,0,,Unknown,Bhim Sharki,Unknown,,,auction,exact_auction_price,A,https://www.cricnepal.com/heres-how-each-team-lines-up-after-the-npl-auction,2024-10-07,https://www.cricnepal.com/heres-how-each-team-lines-up-after-the-npl-auction,NPR; reported clearing price. Base-price purchases use category price explicitly reported in auction result.,1500000,NA,NA,NA,NA,,true,19230.7692307692,NA,NA,NA,1500000,reported_exact_auction,19230.7692307692,NA,11.1428571429,9,11.3641038865,13.5,7,1.019855477,0,0,0,0,3,NA,6,6,2,2,3,0.3333333333,53.5714285714,28,NA,NA,8.3333333333,18,NA,NA,30.3571428571,28,NA,NA,19.4444444444,18,NA,NA,NA,0,NA,NA,NA,0,NA,NA,NA,0,NA,NA,NA,0,NA,NA,48.2142857143,28,NA,NA,NA,0,NA,NA,NA,0,NA,NA,44.6428571429,28,NA,NA,8.3333333333,18,NA,NA,NA,0,NA,NA,NA,0,NA,NA,NA,0,NA,NA,NA,0,NA,NA,7.1428571429,7,NA,NA,NA,0,NA,NA,40.625,16,NA,NA,72.5,20,NA,NA,NA,0,NA,NA,NA,0,NA,NA,batting_and_bowling,contextual_manual_match,npl-2024,NPL 2024 Â· Season 1,kag,NA,NA,NA,NA,NA,NA,NA
ef07f354,B Yadav,2024/25,Lumbini Lions,Domestic,0,6,5,6,72,89,100,2,3,50,20,77,138.8888888889,31,43.661971831,26,1,0,3,10,13,72,18.0555555556,7,7,0,6,6,100,2,40,1,0,30,35,85.7142857143,15,42.8571428571,0,2,64,31,206.4516129032,14,45.1612903226,2,8,3,0.5,29.6666666667,14.5,171,11.5280898876,57,24,26.9662921348,18,0,20.2247191011,0,12,7,90,21.3483146067,6,16,0,16,NA,33.3333333333,54,81,2,9,27,29.6296296296,29,74,1,15.3103448276,29,20.6896551724,3,0,0,0,1,5,0,0,0,0,0,0,21,8,262.5,79,64,123.4375,2,9,1,13.7872340426,5,6,domestic_status_unknown,Domestic/foreign classification is not supplied.,6,0,71,5,35,31,103,89,19,2,16,6,42,63,47,108,5,0,https://www.cricnepal.com/heres-how-each-team-lines-up-after-the-npl-auction,documented auction/retention pool; contextual ID mapping,Lumbini Lions,0,0,0,1,1,0,1,0,14,0,0,,Unknown,Bibek Yadav,Unknown,,,auction,exact_auction_price,A,https://www.cricnepal.com/heres-how-each-team-lines-up-after-the-npl-auction,2024-10-07,https://www.cricnepal.com/heres-how-each-team-lines-up-after-the-npl-auction,NPR; reported clearing price. Base-price purchases use category price explicitly reported in auction result.,1500000,NA,NA,NA,NA,,true,15000,500000,NA,NA,1500000,reported_exact_auction,15000,500000,20,2,32.7795668062,17,5,1.6389783403,0.5,0.5,0.5477225575,1,6,1.095445115,10.9492753623,11,4.0450934388,2.9583333333,6,0.3694393743,66.0714285714,28,NA,NA,86.1111111111,18,NA,NA,98.2142857143,28,NA,NA,52.7777777778,18,NA,NA,11.9047619048,21,NA,NA,2.9411764706,17,NA,NA,2.9411764706,17,NA,NA,2.9411764706,17,NA,NA,8.9285714286,28,NA,NA,40.4761904762,21,NA,NA,59.5238095238,21,NA,NA,83.9285714286,28,NA,NA,86.1111111111,18,NA,NA,11.9047619048,21,NA,NA,2.9411764706,17,NA,NA,2.9411764706,17,NA,NA,58.8235294118,17,NA,NA,NA,0,NA,NA,NA,0,NA,NA,21.875,16,NA,NA,2.5,20,NA,NA,87.5,12,NA,NA,3.5714285714,14,NA,NA,batting_and_bowling,contextual_manual_match,npl-2024,NPL 2024 Â· Season 1,lul,NA,NA,NA,NA,NA,NA,NA
2e11c706,BCJ Cutting,2024/25,Lumbini Lions,Foreign,0,3,3,0,19,0,10,3,0,3.3333333333,3.3333333333,6,52.6315789474,13,68.4210526316,4,1,0,1,0,1,4,5.2631578947,6,6,0,0,0,NA,0,NA,0,0,1,6,16.6666666667,5,83.3333333333,0,0,9,13,69.2307692308,8,61.5384615385,1,0,0,NA,NA,0,0,NA,NA,0,NA,0,0,NA,NA,0,0,0,NA,0,0,0,NA,NA,NA,0,0,0,NA,NA,NA,0,0,0,NA,NA,NA,1,0,0,0,0,3,0,0,0,0,0,0,6,6,100,4,13,30.7692307692,0,NA,0,NA,3,0,domestic_status_unknown,Domestic/foreign classification is not supplied.,3,0,19,0,6,13,0,0,0,0,0,0,0,0,0,0,3,0,https://wicketnepal.com/2024/11/nepal-premier-league-npl-2024-complete-squad-and-team-information/,documented season roster; contextual ID mapping,Lumbini Lions,0,0,0,0,0,0,0,0,0,0,0,,Unknown,BCJ Cutting,Unknown,,,not_found,not_found,,,,,,NA,NA,NA,NA,NA,,false,NA,NA,NA,NA,NA,unavailable,NA,NA,3.3333333333,3,2.5166114784,2.5,3,0.7549834435,NA,NA,NA,NA,NA,NA,NA,NA,NA,NA,NA,NA,NA,0,NA,NA,NA,0,NA,NA,NA,0,NA,NA,NA,0,NA,NA,NA,0,NA,NA,NA,0,NA,NA,NA,0,NA,NA,NA,0,NA,NA,NA,0,NA,NA,NA,0,NA,NA,NA,0,NA,NA,NA,0,NA,NA,NA,0,NA,NA,NA,0,NA,NA,NA,0,NA,NA,NA,0,NA,NA,NA,0,NA,NA,NA,0,NA,NA,NA,0,NA,NA,NA,0,NA,NA,NA,0,NA,NA,NA,0,NA,NA,NA,0,NA,NA,batting_only,not_price_verified,npl-2024,NPL 2024 Â· Season 1,lul,NA,NA,NA,NA,NA,NA,NA
fc4375ef,BFW de Leede,2024/25,Pokhara Avengers,Foreign,0,1,1,1,1,24,0,1,0,0,0,0,0,1,100,0,0,0,0,0,0,0,0,4,4,0,0,1,0,1,100,0,0,0,0,NA,0,NA,0,0,0,0,NA,0,NA,0,0,2,2,12,4,20,5,10,13,54.1666666667,1,0,4.1666666667,0,1,1,10,8.3333333333,12,12,1,6,12,75,0,0,0,NA,NA,NA,12,8,1,4,12,33.3333333333,0,0,0,0,0,1,0,0,0,0,0,0,0,0,NA,0,1,0,2,5,0,NA,1,1,domestic_status_unknown,Domestic/foreign classification is not supplied.,1,0,1,1,0,0,25,24,2,9,0,4,24,20,0,0,1,0,https://wicketnepal.com/2024/11/nepal-premier-league-npl-2024-complete-squad-and-team-information/,documented season roster; contextual ID mapping,Pokhara Avengers,0,0,0,0,0,0,1,0,1,0,0,,Unknown,BFW de Leede,Unknown,,,not_found,not_found,,,,,,NA,NA,NA,NA,NA,,false,NA,NA,NA,NA,NA,unavailable,NA,NA,0,0,NA,0,1,NA,2,2,NA,0,1,NA,5,5,NA,0,1,NA,NA,0,NA,NA,NA,0,NA,NA,NA,0,NA,NA,NA,0,NA,NA,NA,0,NA,NA,NA,0,NA,NA,NA,0,NA,NA,NA,0,NA,NA,NA,0,NA,NA,NA,0,NA,NA,NA,0,NA,NA,NA,0,NA,NA,NA,0,NA,NA,NA,0,NA,NA,NA,0,NA,NA,NA,0,NA,NA,NA,0,NA,NA,NA,0,NA,NA,NA,0,NA,NA,NA,0,NA,NA,NA,0,NA,NA,NA,0,NA,NA,NA,0,NA,NA,batting_and_bowling,not_price_verified,npl-2024,NPL 2024 Â· Season 1,poa,NA,NA,NA,NA,NA,NA,NA
436c763a,BJ McMullen,2024/25,Sudur Paschim Royals,Foreign,0,9,9,8,161,114,201,9,0,22.3333333333,22.3333333333,53,124.8447204969,61,37.8881987578,64,14,1,10,11,21,106,13.0434782609,3.1111111111,3,0,58,47,123.4042553191,24,51.0638297872,5,3,141,110,128.1818181818,34,30.9090909091,5,8,2,4,50,3,75,0,0,6,0.75,19,19,129,6.7894736842,21.5,59,51.7543859649,2,2,1.7543859649,1.7543859649,14,5,86,16.3793103448,66,88,6,8,11,56.0606060606,48,41,0,5.125,NA,45.8333333333,0,0,0,NA,NA,NA,10,0,0,0,7,2,2,1,174,5,39,0,160,127,125.9842519685,41,34,120.5882352941,1,6.1666666667,5,7.0769230769,9,8,domestic_status_unknown,Domestic/foreign classification is not supplied.,9,0,161,47,110,4,117,116,19,37,22,0,36,37,78,92,9,0,https://wicketnepal.com/2024/11/nepal-premier-league-npl-2024-complete-squad-and-team-information/,documented season roster; contextual ID mapping,Sudur Paschim Royals,0,0,0,0,1,0,0,1,1,2,0,,Unknown,BJ McMullen,Unknown,,,not_found,not_found,,,,,,NA,NA,NA,NA,NA,,false,NA,NA,NA,NA,NA,unavailable,NA,NA,22.3333333333,23,14.9749791319,12,9,0.6705214537,0.75,0.5,1.035098339,1,8,1.3801311187,8.5625,7.2916666667,6.0294827886,5.3125,8,0.7041731724,NA,0,NA,NA,NA,0,NA,NA,NA,0,NA,NA,NA,0,NA,NA,NA,0,NA,NA,NA,0,NA,NA,NA,0,NA,NA,NA,0,NA,NA,NA,0,NA,NA,NA,0,NA,NA,NA,0,NA,NA,NA,0,NA,NA,NA,0,NA,NA,NA,0,NA,NA,NA,0,NA,NA,NA,0,NA,NA,NA,0,NA,NA,NA,0,NA,NA,NA,0,NA,NA,NA,0,NA,NA,NA,0,NA,NA,NA,0,NA,NA,NA,0,NA,NA,batting_and_bowling,not_price_verified,npl-2024,NPL 2024 Â· Season 1,spr,NA,NA,NA,NA,NA,NA,NA
dcabd6bc,BKEL Milantha,2024/25,Janakpur Bolts,Foreign,0,10,10,0,224,0,293,9,1,32.5555555556,29.3,87,130.8035714286,91,40.625,79,10,0,35,9,44,194,19.6428571429,NA,NA,3,134,118,113.5593220339,62,52.5423728814,21,2,157,103,152.427184466,28,27.1844660194,14,7,2,3,66.6666666667,1,33.3333333333,0,0,0,NA,NA,0,0,NA,NA,0,NA,0,0,NA,NA,0,0,0,NA,0,0,0,NA,NA,NA,0,0,0,NA,NA,NA,0,0,0,NA,NA,NA,1,4,3,2,7,3,3,1,273,0,101,0,36,37,97.2972972973,257,187,137.4331550802,0,NA,0,NA,10,0,domestic_status_unknown|opening_order_unknown,Domestic/foreign classification is not supplied. 3 innings have unknown exact opening order. Position mean/median left NA; times_opened retained.,10,0,224,118,103,3,0,0,0,0,0,0,0,0,0,0,7,3,https://wicketnepal.com/2024/11/nepal-premier-league-npl-2024-complete-squad-and-team-information/,documented season roster; contextual ID mapping,Janakpur Bolts,0,0,0,0,2,0,0,0,0,0,0,,Unknown,BKEL Milantha,Unknown,,,not_found,not_found,,,,,,NA,NA,NA,NA,NA,,false,NA,NA,NA,NA,NA,unavailable,NA,NA,29.3,20,30.2583321858,31.5,10,1.0327075831,NA,NA,NA,NA,NA,NA,NA,NA,NA,NA,NA,NA,NA,0,NA,NA,NA,0,NA,NA,NA,0,NA,NA,NA,0,NA,NA,NA,0,NA,NA,NA,0,NA,NA,NA,0,NA,NA,NA,0,NA,NA,NA,0,NA,NA,NA,0,NA,NA,NA,0,NA,NA,NA,0,NA,NA,NA,0,NA,NA,NA,0,NA,NA,NA,0,NA,NA,NA,0,NA,NA,NA,0,NA,NA,NA,0,NA,NA,NA,0,NA,NA,NA,0,NA,NA,NA,0,NA,NA,NA,0,NA,NA,NA,0,NA,NA,batting_only,not_price_verified,npl-2024,NPL 2024 Â· Season 1,jab,NA,NA,NA,NA,NA,NA,NA
947ceca5,BP Sharma,2024/25,Karnali Yaks,Unknown,0,8,2,8,3,174,0,2,0,0,0,0,0,3,100,0,0,0,0,0,0,0,0,11,11,0,0,0,NA,0,NA,0,0,0,0,NA,0,NA,0,0,0,3,0,3,100,0,0,13,1.625,13.3846153846,29,171,5.8965517241,13.1538461538,86,49.4252873563,3,0,1.724137931,0,15,5,90,11.4942528736,60,61,5,6.1,12,55,84,73,3,5.2142857143,28,48.8095238095,30,37,5,7.4,6,40,0,0,1,1,5,3,2,0,0,8,0,4,0,3,0,0,0,NA,4,7,9,5.6086956522,2,8,domestic_status_unknown,Domestic/foreign classification is not supplied.,8,0,3,0,0,3,177,174,20,33,41,12,36,42,138,129,2,0,,Unknown,Karnali Yaks,0,0,0,0,0,0,2,2,3,0,0,,Unknown,BP Sharma,Unknown,,,not_found,not_found,,,,,,NA,NA,NA,NA,NA,,false,NA,NA,NA,NA,NA,unavailable,NA,NA,0,0,0,0,2,NA,1.625,1,0.9161253813,1.25,8,0.5637694654,6.2291666667,5.75,2.0391748642,2.0208333333,8,0.3273591755,NA,0,NA,NA,NA,0,NA,NA,NA,0,NA,NA,NA,0,NA,NA,NA,0,NA,NA,NA,0,NA,NA,NA,0,NA,NA,NA,0,NA,NA,NA,0,NA,NA,NA,0,NA,NA,NA,0,NA,NA,NA,0,NA,NA,NA,0,NA,NA,NA,0,NA,NA,NA,0,NA,NA,NA,0,NA,NA,NA,0,NA,NA,NA,0,NA,NA,NA,0,NA,NA,NA,0,NA,NA,NA,0,NA,NA,NA,0,NA,NA,NA,0,NA,NA,batting_and_bowling,not_price_verified,npl-2024,NPL 2024 Â· Season 1,ky,NA,NA,NA,NA,NA,NA,NA
ed12fcd7,BWM Mike,2024/25,Janakpur Bolts,Foreign,0,1,0,1,0,18,0,0,0,NA,NA,NA,NA,0,NA,0,0,0,0,0,0,0,NA,NA,NA,0,0,0,NA,0,NA,0,0,0,0,NA,0,NA,0,0,0,0,NA,0,NA,0,0,1,1,18,3,29,9.6666666667,29,6,33.3333333333,9,0,50,0,1,1,10,11.1111111111,6,8,0,8,NA,33.3333333333,6,13,0,13,NA,16.6666666667,6,8,1,8,6,50,0,0,0,0,1,0,0,0,0,1,0,0,0,0,NA,0,0,NA,1,9.6666666667,0,NA,0,1,domestic_status_unknown,Domestic/foreign classification is not supplied.,1,0,0,0,0,0,22,18,2,2,1,3,18,29,0,0,0,0,https://wicketnepal.com/2024/11/nepal-premier-league-npl-2024-complete-squad-and-team-information/,documented season roster; contextual ID mapping,Janakpur Bolts,0,0,0,NA,0,0,0,0,4,0,0,,Unknown,BWM Mike,Unknown,,,not_found,not_found,,,,,,NA,NA,NA,NA,NA,,false,NA,NA,NA,NA,NA,unavailable,NA,NA,NA,NA,NA,NA,NA,NA,1,1,NA,0,1,NA,9.6666666667,9.6666666667,NA,0,1,NA,NA,0,NA,NA,NA,0,NA,NA,NA,0,NA,NA,NA,0,NA,NA,NA,0,NA,NA,NA,0,NA,NA,NA,0,NA,NA,NA,0,NA,NA,NA,0,NA,NA,NA,0,NA,NA,NA,0,NA,NA,NA,0,NA,NA,NA,0,NA,NA,NA,0,NA,NA,NA,0,NA,NA,NA,0,NA,NA,NA,0,NA,NA,NA,0,NA,NA,NA,0,NA,NA,NA,0,NA,NA,NA,0,NA,NA,NA,0,NA,NA,NA,0,NA,NA,bowling_only,not_price_verified,npl-2024,NPL 2024 Â· Season 1,jab,NA,NA,NA,NA,NA,NA,NA
fbb657bb,Babar Hayat,2024/25,Karnali Yaks,Foreign,0,5,5,0,84,0,65,5,0,13,13,20,77.380952381,51,60.7142857143,22,3,1,4,3,7,34,8.3333333333,NA,NA,3,52,56,92.8571428571,35,62.5,4,3,13,28,46.4285714286,16,57.1428571429,0,0,0,0,NA,0,NA,0,0,0,NA,NA,0,0,NA,NA,0,NA,0,0,NA,NA,0,0,0,NA,0,0,0,NA,NA,NA,0,0,0,NA,NA,NA,0,0,0,NA,NA,NA,1,0,0,0,2,3,0,0,27,0,0,0,58,74,78.3783783784,7,10,70,0,NA,0,NA,5,0,domestic_status_unknown|opening_order_unknown,Domestic/foreign classification is not supplied. 3 innings have unknown exact opening order. Position mean/median left NA; times_opened retained.,5,0,84,56,28,0,0,0,0,0,0,0,0,0,0,0,2,3,https://wicketnepal.com/2024/11/nepal-premier-league-npl-2024-complete-squad-and-team-information/,documented season roster; contextual ID mapping,Karnali Yaks,0,0,0,0,0,0,0,0,0,0,0,,Unknown,Babar Hayat,Unknown,,,not_found,not_found,,,,,,NA,NA,NA,NA,NA,,false,NA,NA,NA,NA,NA,unavailable,NA,NA,13,13,4.6368092477,1,5,0.3566776344,NA,NA,NA,NA,NA,NA,NA,NA,NA,NA,NA,NA,NA,0,NA,NA,NA,0,NA,NA,NA,0,NA,NA,NA,0,NA,NA,NA,0,NA,NA,NA,0,NA,NA,NA,0,NA,NA,NA,0,NA,NA,NA,0,NA,NA,NA,0,NA,NA,NA,0,NA,NA,NA,0,NA,NA,NA,0,NA,NA,NA,0,NA,NA,NA,0,NA,NA,NA,0,NA,NA,NA,0,NA,NA,NA,0,NA,NA,NA,0,NA,NA,NA,0,NA,NA,NA,0,NA,NA,NA,0,NA,NA,NA,0,NA,NA,batting_only,not_price_verified,npl-2024,NPL 2024 Â· Season 1,ky,NA,NA,NA,NA,NA,NA,NA
adbf0400,Basil Hameed,2024/25,Chitwan Rhinos,Foreign,0,2,2,2,6,36,3,1,1,3,1.5,2,50,3,50,3,0,0,0,0,0,0,0,5.5,5.5,0,0,0,NA,0,NA,0,0,1,3,33.3333333333,2,66.6666666667,0,0,2,3,66.6666666667,1,33.3333333333,0,0,1,0.5,36,6,53,8.8333333333,53,15,41.6666666667,0,0,0,0,4,4,40,22.2222222222,6,1,0,1,NA,66.6666666667,30,52,1,10.4,30,36.6666666667,0,0,0,NA,NA,NA,0,0,0,0,1,1,0,0,2,0,0,0,2,3,66.6666666667,1,3,33.3333333333,1,3.75,0,19,2,2,domestic_status_unknown,Domestic/foreign classification is not supplied.,2,0,6,0,3,3,36,36,8,4,11,0,24,15,12,38,2,0,https://risingnepaldaily.com/news/53603,documented season roster; contextual ID mapping,Chitwan Rhinos,0,0,0,1,0,0,0,0,0,0,0,,Unknown,Basil Hameed,Unknown,,,not_found,not_found,,,,,,NA,NA,NA,NA,NA,,false,NA,NA,NA,NA,NA,unavailable,NA,NA,1.5,1.5,0.7071067812,0.5,2,0.4714045208,0.5,0.5,0.7071067812,0.5,2,1.4142135624,11.375,11.375,10.7833784131,7.625,2,0.947989311,NA,0,NA,NA,NA,0,NA,NA,NA,0,NA,NA,NA,0,NA,NA,NA,0,NA,NA,NA,0,NA,NA,NA,0,NA,NA,NA,0,NA,NA,NA,0,NA,NA,NA,0,NA,NA,NA,0,NA,NA,NA,0,NA,NA,NA,0,NA,NA,NA,0,NA,NA,NA,0,NA,NA,NA,0,NA,NA,NA,0,NA,NA,NA,0,NA,NA,NA,0,NA,NA,NA,0,NA,NA,NA,0,NA,NA,NA,0,NA,NA,NA,0,NA,NA,batting_and_bowling,not_price_verified,npl-2024,NPL 2024 Â· Season 1,chr,NA,NA,NA,NA,NA,NA,NA
218c7eab,Basir Ahamad,2024/25,Biratnagar Kings,Domestic,0,7,7,6,147,114,181,5,2,36.2,25.8571428571,68,123.1292517007,48,33.3333333333,67,12,0,11,7,18,86,12.2448979592,5.5714285714,6,0,8,11,72.7272727273,7,63.6363636364,1,0,125,107,116.8224299065,36,34.6153846154,8,4,48,29,165.5172413793,5,17.2413793103,2,3,6,1,19,19,123,6.4736842105,20.5,58,50.8771929825,1,0,0.8771929825,0,10,7,82,14.9122807018,30,29,3,5.8,10,66.6666666667,42,35,0,5,NA,45.2380952381,42,59,3,8.4285714286,14,45.2380952381,4,0,0,1,2,5,0,0,108,1,0,0,109,86,126.7441860465,72,61,118.0327868852,3,7.375,3,5.8181818182,7,6,domestic_status_unknown,Domestic/foreign classification is not supplied.,7,0,144,11,104,29,115,114,17,20,19,19,48,59,66,64,7,0,https://www.cricnepal.com/heres-how-each-team-lines-up-after-the-npl-auction,documented auction/retention pool; contextual ID mapping,Biratnagar Kings,0,0,0,1,1,0,0,1,1,0,0,,Unknown,Basir Ahamad,Unknown,,,auction,exact_auction_price,A,https://www.cricnepal.com/heres-how-each-team-lines-up-after-the-npl-auction,2024-10-07,https://www.cricnepal.com/heres-how-each-team-lines-up-after-the-npl-auction,NPR; reported clearing price. Base-price purchases use category price explicitly reported in auction result.,1000000,NA,NA,NA,NA,,true,5524.861878453,166666.6666666667,NA,NA,1000000,reported_exact_auction,5524.861878453,166666.6666666667,25.8571428571,21,21.7671661869,21.5,7,0.8418241067,1,1,0.894427191,1.5,6,0.894427191,6.8888888889,6.375,1.8838986369,2.8125,6,0.273469157,87.5,28,NA,NA,75,18,NA,NA,91.0714285714,28,NA,NA,91.6666666667,18,NA,NA,35.7142857143,21,NA,NA,73.5294117647,17,NA,NA,32.3529411765,17,NA,NA,38.2352941176,17,NA,NA,66.0714285714,28,NA,NA,59.5238095238,21,NA,NA,88.0952380952,21,NA,NA,91.0714285714,28,NA,NA,30.5555555556,18,NA,NA,50,21,NA,NA,85.2941176471,17,NA,NA,79.4117647059,17,NA,NA,58.8235294118,17,NA,NA,NA,0,NA,NA,73.0769230769,13,NA,NA,84.375,16,NA,NA,85,20,NA,NA,54.1666666667,12,NA,NA,67.8571428571,14,NA,NA,batting_and_bowling,contextual_manual_match,npl-2024,NPL 2024 Â· Season 1,bik,NA,NA,NA,NA,NA,NA,NA
6e21867e,Bipin Khatri,2024/25,Pokhara Avengers,Domestic,0,7,5,7,26,108,24,4,1,6,4.8,10,92.3076923077,13,50,10,1,0,0,2,2,12,7.6923076923,9.6,9,0,0,0,NA,0,NA,0,0,11,13,84.6153846154,8,61.5384615385,0,1,13,13,100,5,38.4615384615,0,1,9,1.2857142857,12,18,133,7.3888888889,14.7777777778,59,54.6296296296,6,0,5.5555555556,0,12,7,90,17.5925925926,96,118,7,7.375,13.7142857143,57.2916666667,12,15,2,7.5,6,33.3333333333,0,0,0,NA,NA,NA,4,0,0,0,2,5,0,0,0,2,0,0,15,16,93.75,9,10,90,4,8.7272727273,5,5.2857142857,5,7,domestic_status_unknown,Domestic/foreign classification is not supplied.,7,0,26,0,13,13,110,108,19,55,4,0,66,96,42,37,5,0,https://www.cricnepal.com/heres-how-each-team-lines-up-after-the-npl-auction,documented auction/retention pool; contextual ID mapping,Pokhara Avengers,0,0,0,0,0,0,1,1,2,0,0,,Unknown,Bipin Khatri,Bowler,https://pokharaavengers.com/our-team,Current franchise classification accessed 2026-09-23; historical role not established,auction,exact_auction_price,B,https://www.cricnepal.com/heres-how-each-team-lines-up-after-the-npl-auction,2024-10-07,https://www.cricnepal.com/heres-how-each-team-lines-up-after-the-npl-auction,NPR; reported clearing price. Base-price purchases use category price explicitly reported in auction result.,1000000,NA,NA,NA,NA,,true,41666.6666666667,111111.1111111111,NA,NA,1000000,reported_exact_auction,41666.6666666667,111111.1111111111,4.8,4,4.5497252664,8,5,0.9478594305,1.2857142857,1,1.1126972805,1.5,7,0.8654312182,7.380952381,6.3333333333,2.3760266508,3.6666666667,7,0.3219132882,NA,0,NA,NA,NA,0,NA,NA,NA,0,NA,NA,NA,0,NA,NA,93.75,8,68.75,25,50,7,64.2857142857,-14.2857142857,92.8571428571,7,64.2857142857,28.5714285714,78.5714285714,7,64.2857142857,14.2857142857,NA,0,NA,NA,81.25,8,68.75,12.5,81.25,8,68.75,12.5,NA,0,NA,NA,NA,0,NA,NA,81.25,8,68.75,12.5,92.8571428571,7,64.2857142857,28.5714285714,7.1428571429,7,64.2857142857,-57.1428571429,50,7,64.2857142857,-14.2857142857,NA,0,NA,NA,50,5,70,-20,NA,0,NA,NA,NA,0,NA,NA,NA,0,NA,NA,NA,0,NA,NA,batting_and_bowling,contextual_manual_match,npl-2024,NPL 2024 Â· Season 1,poa,NA,NA,NA,NA,NA,NA,NA
bbff906c,CAK Walton,2024/25,Karnali Yaks,Foreign,0,9,9,0,152,0,183,8,1,22.875,20.3333333333,46,120.3947368421,67,44.3708609272,55,4,0,18,8,26,120,17.1052631579,3.5555555556,3,0,57,60,95,35,58.3333333333,9,1,96,72,133.3333333333,26,36.1111111111,6,6,30,20,150,6,31.5789473684,3,1,0,NA,NA,0,0,NA,NA,0,NA,0,0,NA,NA,0,0,0,NA,0,0,0,NA,NA,NA,0,0,0,NA,NA,NA,0,0,0,NA,NA,NA,4,0,1,1,5,4,2,0,132,0,57,0,111,99,112.1212121212,72,53,135.8490566038,0,NA,0,NA,9,0,domestic_status_unknown,Domestic/foreign classification is not supplied.,9,0,151,60,72,19,0,0,0,0,0,0,0,0,0,0,9,0,https://wicketnepal.com/2024/11/nepal-premier-league-npl-2024-complete-squad-and-team-information/,documented season roster; contextual ID mapping,Karnali Yaks,0,0,0,1,0,0,0,0,0,0,0,,Unknown,CAK Walton,Unknown,,,not_found,not_found,,,,,,NA,NA,NA,NA,NA,,false,NA,NA,NA,NA,NA,unavailable,NA,NA,20.3333333333,13,15.7162336455,19,9,0.7729295235,NA,NA,NA,NA,NA,NA,NA,NA,NA,NA,NA,NA,NA,0,NA,NA,NA,0,NA,NA,NA,0,NA,NA,NA,0,NA,NA,NA,0,NA,NA,NA,0,NA,NA,NA,0,NA,NA,NA,0,NA,NA,NA,0,NA,NA,NA,0,NA,NA,NA,0,NA,NA,NA,0,NA,NA,NA,0,NA,NA,NA,0,NA,NA,NA,0,NA,NA,NA,0,NA,NA,NA,0,NA,NA,NA,0,NA,NA,NA,0,NA,NA,NA,0,NA,NA,NA,0,NA,NA,NA,0,NA,NA,NA,0,NA,NA,batting_only,not_price_verified,npl-2024,NPL 2024 Â· Season 1,ky,NA,NA,NA,NA,NA,NA,NA
469ccead,CB Sole,2024/25,Biratnagar Kings,Foreign,0,7,6,7,27,162,35,5,1,7,5.8333333333,14,129.6296296296,14,51.8518518519,7,1,0,2,3,5,26,18.5185185185,8.8333333333,9,0,0,0,NA,0,NA,0,0,10,8,125,3,37.5,0,1,25,19,131.5789473684,11,57.8947368421,2,2,9,1.2857142857,18,27,200,7.4074074074,22.2222222222,79,48.7654320988,35,0,21.6049382716,0,18,4,96,13.5802469136,90,112,4,7.4666666667,22.5,58.8888888889,42,44,2,6.2857142857,21,40.4761904762,30,44,3,8.8,10,30,3,0,0,0,2,5,0,0,14,1,0,0,12,13,92.3076923077,23,14,164.2857142857,3,8,6,6.9333333333,6,7,domestic_status_unknown,Domestic/foreign classification is not supplied.,7,0,27,0,8,19,181,162,22,53,17,9,72,96,90,104,6,0,https://wicketnepal.com/2024/11/nepal-premier-league-npl-2024-complete-squad-and-team-information/,documented season roster; contextual ID mapping,Biratnagar Kings,0,0,0,1,0,0,1,0,19,0,0,,Unknown,CB Sole,Unknown,,,not_found,not_found,,,,,,NA,NA,NA,NA,NA,,false,NA,NA,NA,NA,NA,unavailable,NA,NA,5.8333333333,5.5,5.269408569,6.75,6,0.9033271833,1.2857142857,1,0.755928946,1,7,0.5879447358,7.5119047619,7.5,1.9456912103,3,7,0.2590143608,NA,0,NA,NA,NA,0,NA,NA,NA,0,NA,NA,NA,0,NA,NA,NA,0,NA,NA,NA,0,NA,NA,NA,0,NA,NA,NA,0,NA,NA,NA,0,NA,NA,NA,0,NA,NA,NA,0,NA,NA,NA,0,NA,NA,NA,0,NA,NA,NA,0,NA,NA,NA,0,NA,NA,NA,0,NA,NA,NA,0,NA,NA,NA,0,NA,NA,NA,0,NA,NA,NA,0,NA,NA,NA,0,NA,NA,NA,0,NA,NA,NA,0,NA,NA,batting_and_bowling,not_price_verified,npl-2024,NPL 2024 Â· Season 1,bik,NA,NA,NA,NA,NA,NA,NA
bd4fb3ba,D Adhikari,2024/25,Lumbini Lions,Domestic,0,2,1,2,16,12,14,1,0,14,14,14,87.5,8,50,6,0,0,2,0,2,8,12.5,8,8,0,0,0,NA,0,NA,0,0,13,14,92.8571428571,7,50,2,0,1,2,50,1,50,0,0,0,0,NA,2,31,15.5,NA,4,33.3333333333,0,0,0,0,4,2,28,50,12,31,0,15.5,NA,33.3333333333,0,0,0,NA,NA,NA,0,0,0,NA,NA,NA,0,0,0,0,0,2,0,0,0,0,0,0,0,0,NA,14,16,87.5,0,11,0,20,1,2,domestic_status_unknown,Domestic/foreign classification is not supplied.,2,0,16,0,14,2,12,12,6,4,0,0,6,11,6,20,1,0,https://www.cricnepal.com/heres-how-each-team-lines-up-after-the-npl-auction,documented auction/retention pool; contextual ID mapping,Lumbini Lions,0,0,0,0,0,0,0,0,0,0,0,,Unknown,Dinesh Adhikari,Bowler,https://lumbinilions.com.np/,Current franchise classification accessed 2026-09-23; historical role not established,auction,exact_auction_price,C,https://www.cricnepal.com/heres-how-each-team-lines-up-after-the-npl-auction,2024-10-07,https://www.cricnepal.com/heres-how-each-team-lines-up-after-the-npl-auction,NPR; reported clearing price. Base-price purchases use category price explicitly reported in auction result.,275000,NA,NA,NA,NA,,true,19642.8571428571,NA,NA,NA,275000,reported_exact_auction,19642.8571428571,NA,14,14,NA,0,1,NA,0,0,0,0,2,NA,15.5,15.5,6.3639610307,4.5,2,0.410578131,NA,0,NA,NA,NA,0,NA,NA,NA,0,NA,NA,NA,0,NA,NA,NA,0,NA,NA,NA,0,NA,NA,NA,0,NA,NA,NA,0,NA,NA,NA,0,NA,NA,NA,0,NA,NA,NA,0,NA,NA,NA,0,NA,NA,NA,0,NA,NA,NA,0,NA,NA,NA,0,NA,NA,NA,0,NA,NA,NA,0,NA,NA,NA,0,NA,NA,NA,0,NA,NA,NA,0,NA,NA,NA,0,NA,NA,NA,0,NA,NA,NA,0,NA,NA,batting_and_bowling,contextual_manual_match,npl-2024,NPL 2024 Â· Season 1,lul,NA,NA,NA,NA,NA,NA,NA
7e46794e,D Bohara,2024/25,Biratnagar Kings,Domestic,0,6,6,0,56,0,60,5,1,12,10,20,107.1428571429,18,32.1428571429,28,5,0,4,1,5,22,8.9285714286,NA,NA,1,20,19,105.2631578947,8,42.1052631579,3,0,22,21,104.7619047619,6,28.5714285714,0,1,18,16,112.5,4,25,1,0,0,NA,NA,0,0,NA,NA,0,NA,0,0,NA,NA,0,0,0,NA,0,0,0,NA,NA,NA,0,0,0,NA,NA,NA,0,0,0,NA,NA,NA,3,0,1,0,2,4,0,0,13,0,0,0,28,29,96.5517241379,32,27,118.5185185185,0,NA,0,NA,6,0,domestic_status_unknown|opening_order_unknown,Domestic/foreign classification is not supplied. 1 innings have unknown exact opening order. Position mean/median left NA; times_opened retained.,6,0,56,19,21,16,0,0,0,0,0,0,0,0,0,0,5,1,https://www.cricnepal.com/heres-how-each-team-lines-up-after-the-npl-auction,documented auction/retention pool; contextual ID mapping,Biratnagar Kings,0,0,0,0,0,0,0,0,0,0,0,,Unknown,Deepak Bohara,Wicketkeeper-batter,https://www.onlinekhabar.com/wp-content/uploads/2025/08/SBL-NPL-Auction-Pool-2025-Final-Sheet1.pdf,2025 auction pool,auction,exact_auction_price,B,https://www.cricnepal.com/heres-how-each-team-lines-up-after-the-npl-auction,2024-10-07,https://www.cricnepal.com/heres-how-each-team-lines-up-after-the-npl-auction,NPR; reported clearing price. Base-price purchases use category price explicitly reported in auction result.,500000,NA,NA,NA,NA,,true,8333.3333333333,NA,NA,NA,500000,reported_exact_auction,8333.3333333333,NA,10,7,7.2387844283,11.5,6,0.7238784428,NA,NA,NA,NA,NA,NA,NA,NA,NA,NA,NA,NA,50,5,30,20,90,5,30,60,70,5,30,40,90,5,30,60,NA,0,NA,NA,NA,0,NA,NA,NA,0,NA,NA,NA,0,NA,NA,30,5,30,0,NA,0,NA,NA,NA,0,NA,NA,30,5,30,0,30,5,30,0,NA,0,NA,NA,NA,0,NA,NA,NA,0,NA,NA,NA,0,NA,NA,NA,0,NA,NA,NA,0,NA,NA,NA,0,NA,NA,NA,0,NA,NA,NA,0,NA,NA,NA,0,NA,NA,batting_only,contextual_manual_match,npl-2024,NPL 2024 Â· Season 1,bik,NA,NA,NA,NA,NA,NA,NA
762ea5b1,D Gupta,2024/25,Lumbini Lions,Domestic,0,5,2,4,4,66,5,0,2,NA,2.5,5,125,2,50,1,0,0,1,0,1,4,25,10,10,0,0,0,NA,0,NA,0,0,0,0,NA,0,NA,0,0,5,4,125,2,50,1,0,3,0.75,22,11,104,9.4545454545,34.6666666667,22,33.3333333333,0,0,0,0,9,6,72,22.7272727273,36,60,0,10,NA,44.4444444444,12,15,1,7.5,12,25,18,29,2,9.6666666667,9,16.6666666667,1,0,0,0,1,4,0,0,0,0,0,0,0,0,NA,5,4,125,0,10.5,3,8.8571428571,2,4,domestic_status_unknown,Domestic/foreign classification is not supplied.,5,0,4,0,0,4,66,66,15,16,3,3,24,42,42,62,2,0,https://www.cricnepal.com/heres-how-each-team-lines-up-after-the-npl-auction,documented auction/retention pool; contextual ID mapping,Lumbini Lions,0,0,0,1,0,0,0,0,0,0,0,,Unknown,Durgesh Gupta,Bowler,https://www.onlinekhabar.com/wp-content/uploads/2025/08/SBL-NPL-Auction-Pool-2025-Final-Sheet1.pdf,2025 auction pool,auction,exact_auction_price,B,https://www.cricnepal.com/heres-how-each-team-lines-up-after-the-npl-auction,2024-10-07,https://www.cricnepal.com/heres-how-each-team-lines-up-after-the-npl-auction,NPR; reported clearing price. Base-price purchases use category price explicitly reported in auction result.,800000,NA,NA,NA,NA,,true,160000,266666.6666666667,NA,NA,800000,reported_exact_auction,160000,266666.6666666667,2.5,2.5,3.5355339059,2.5,2,1.4142135624,0.75,0,1.5,0.75,4,2,9.9791666667,10.5,4.0416666667,5.8541666667,4,0.4050104384,NA,0,NA,NA,NA,0,NA,NA,NA,0,NA,NA,NA,0,NA,NA,31.25,8,56.25,-25,NA,0,NA,NA,NA,0,NA,NA,NA,0,NA,NA,NA,0,NA,NA,12.5,8,56.25,-43.75,43.75,8,56.25,-12.5,NA,0,NA,NA,NA,0,NA,NA,43.75,8,56.25,-12.5,NA,0,NA,NA,NA,0,NA,NA,NA,0,NA,NA,NA,0,NA,NA,10,5,50,-40,NA,0,NA,NA,NA,0,NA,NA,NA,0,NA,NA,NA,0,NA,NA,batting_and_bowling,contextual_manual_match,npl-2024,NPL 2024 Â· Season 1,lul,NA,NA,NA,NA,NA,NA,NA
2e80c353,D Kandel,2024/25,Kathmandu Gorkhas,Domestic,0,6,4,5,9,96,12,1,3,12,3,11,133.3333333333,5,55.5555555556,2,0,0,1,1,2,10,22.2222222222,11,11,0,0,0,NA,0,NA,0,0,0,0,NA,0,NA,0,0,12,9,133.3333333333,5,55.5555555556,1,1,7,1.4,13.7142857143,16,87,5.4375,12.4285714286,47,48.9583333333,0,0,0,0,4,4,40,8.3333333333,24,16,2,4,12,70.8333333333,72,71,5,5.9166666667,14.4,41.6666666667,0,0,0,NA,NA,NA,1,0,0,1,4,2,0,0,11,6,0,0,1,4,25,11,5,220,3,4.6,4,5.8181818182,4,5,domestic_status_unknown|team_alias_review,Domestic/foreign classification is not supplied. Kathmandu Gurkhas/Gorkhas uses proposed canonical label Kathmandu Gorkhas; raw label retained.,6,0,9,0,0,9,96,96,8,17,30,0,30,23,66,64,4,0,https://www.cricnepal.com/heres-how-each-team-lines-up-after-the-npl-auction,documented auction/retention pool; contextual ID mapping,Kathmandu Gurkhas,0,0,0,1,0,0,1,0,0,0,0,,Unknown,Dipesh Kandel,Unknown,,,auction,exact_auction_price,B,https://www.cricnepal.com/heres-how-each-team-lines-up-after-the-npl-auction,2024-10-07,https://www.cricnepal.com/heres-how-each-team-lines-up-after-the-npl-auction,NPR; reported clearing price. Base-price purchases use category price explicitly reported in auction result.,500000,NA,NA,NA,NA,,true,41666.6666666667,71428.5714285714,NA,NA,500000,reported_exact_auction,41666.6666666667,71428.5714285714,3,0.5,5.3541261347,3.5,4,1.7847087116,1.4,1,1.1401754251,1,5,0.8144110179,5.8833333333,7,3.1697353552,3.25,5,0.5387652162,8.9285714286,28,NA,NA,NA,0,NA,NA,37.5,28,NA,NA,NA,0,NA,NA,52.380952381,21,NA,NA,85.2941176471,17,NA,NA,79.4117647059,17,NA,NA,97.0588235294,17,NA,NA,5.3571428571,28,NA,NA,73.8095238095,21,NA,NA,7.1428571429,21,NA,NA,8.9285714286,28,NA,NA,NA,0,NA,NA,76.1904761905,21,NA,NA,79.4117647059,17,NA,NA,97.0588235294,17,NA,NA,58.8235294118,17,NA,NA,NA,0,NA,NA,96.1538461538,13,NA,NA,NA,0,NA,NA,67.5,20,NA,NA,NA,0,NA,NA,NA,0,NA,NA,batting_and_bowling,contextual_manual_match,npl-2024,NPL 2024 Â· Season 1,kag,NA,NA,NA,NA,NA,NA,NA
c4bc3b59,D Khanal,2024/25,Karnali Yaks,Domestic,0,9,9,1,140,12,116,9,0,12.8888888889,12.8888888889,53,82.8571428571,77,55,44,6,0,9,4,13,60,9.2857142857,NA,NA,7,62,91,68.1318681319,59,64.8351648352,8,1,51,45,113.3333333333,16,35.5555555556,1,3,3,4,75,2,50,0,0,0,0,NA,2,22,11,NA,2,16.6666666667,1,0,8.3333333333,0,0,2,12,16.6666666667,0,0,0,NA,NA,NA,12,22,0,11,NA,16.6666666667,0,0,0,NA,NA,NA,4,0,0,0,5,4,2,0,84,0,27,0,91,103,88.3495145631,25,37,67.5675675676,0,NA,0,11,9,1,domestic_status_unknown|opening_order_unknown,Domestic/foreign classification is not supplied. 7 innings have unknown exact opening order. Position mean/median left NA; times_opened retained.,9,0,140,91,45,4,13,12,2,0,2,0,0,0,12,22,2,7,https://www.cricnepal.com/heres-how-each-team-lines-up-after-the-npl-auction,documented auction/retention pool; contextual ID mapping,Karnali Yaks,0,0,0,0,1,0,2,0,1,0,0,,Unknown,Dev Khanal,Batter,https://www.onlinekhabar.com/wp-content/uploads/2025/08/SBL-NPL-Auction-Pool-2025-Final-Sheet1.pdf,2025 auction pool,auction,exact_auction_price,A,https://www.cricnepal.com/heres-how-each-team-lines-up-after-the-npl-auction,2024-10-07,https://www.cricnepal.com/heres-how-each-team-lines-up-after-the-npl-auction,NPR; reported clearing price. Base-price purchases use category price explicitly reported in auction result.,1000000,NA,NA,NA,NA,,true,8620.6896551724,NA,NA,NA,1000000,reported_exact_auction,8620.6896551724,NA,12.8888888889,3,17.9683363479,23,9,1.3940950615,0,0,NA,0,1,NA,11,11,NA,0,1,NA,64.2857142857,7,66.6666666667,-8.3333333333,35.7142857143,7,66.6666666667,-25,35.7142857143,7,66.6666666667,-41.6666666667,21.4285714286,7,66.6666666667,-41.6666666667,NA,0,NA,NA,NA,0,NA,NA,NA,0,NA,NA,NA,0,NA,NA,7.1428571429,7,66.6666666667,-58.3333333333,NA,0,NA,NA,NA,0,NA,NA,50,7,66.6666666667,-25,64.2857142857,7,66.6666666667,-8.3333333333,NA,0,NA,NA,NA,0,NA,NA,NA,0,NA,NA,NA,0,NA,NA,NA,0,NA,NA,NA,0,NA,NA,NA,0,NA,NA,NA,0,NA,NA,NA,0,NA,NA,NA,0,NA,NA,batting_and_bowling,contextual_manual_match,npl-2024,NPL 2024 Â· Season 1,ky,NA,NA,NA,NA,NA,NA,NA
0e3bfa00,D Kharel,2024/25,Pokhara Avengers,Domestic,0,7,7,2,142,7,162,6,1,27,23.1428571429,61,114.0845070423,75,52.8169014085,38,4,0,17,8,25,116,17.6056338028,NA,NA,7,127,113,112.389380531,66,58.407079646,16,6,24,22,109.0909090909,7,31.8181818182,1,1,11,7,157.1428571429,2,28.5714285714,0,1,1,0.5,7,1.1,15,12.8571428571,15,3,42.8571428571,0,0,0,0,0,2,12,28.5714285714,0,0,0,NA,NA,NA,7,15,1,12.8571428571,7,42.8571428571,0,0,0,NA,NA,NA,0,0,0,0,2,5,0,0,72,1,0,0,74,61,121.3114754098,88,81,108.6419753086,1,9,0,36,7,2,domestic_status_unknown|opening_order_unknown,Domestic/foreign classification is not supplied. 7 innings have unknown exact opening order. Position mean/median left NA; times_opened retained.,7,0,142,113,22,7,7,7,2,0,3,0,6,9,1,6,0,7,https://www.cricnepal.com/heres-how-each-team-lines-up-after-the-npl-auction,documented auction/retention pool; contextual ID mapping,Pokhara Avengers,0,0,0,1,1,0,0,0,0,0,0,,Unknown,Dinesh Kharel,Batter,https://pokharaavengers.com/our-team,Current franchise classification accessed 2026-09-23; historical role not established,auction,exact_auction_price,C,https://www.cricnepal.com/heres-how-each-team-lines-up-after-the-npl-auction,2024-10-07,https://www.cricnepal.com/heres-how-each-team-lines-up-after-the-npl-auction,NPR; reported clearing price. Base-price purchases use category price explicitly reported in auction result.,200000,NA,NA,NA,NA,,true,1234.5679012346,200000,NA,NA,200000,reported_exact_auction,1234.5679012346,200000,23.1428571429,15,20.570436484,21.5,7,0.8888460209,0.5,0.5,0.7071067812,0.5,2,1.4142135624,22.5,22.5,19.091883092,13.5,2,0.8485281374,92.8571428571,7,8.3333333333,83.3333333333,92.8571428571,7,8.3333333333,83.3333333333,92.8571428571,7,8.3333333333,83.3333333333,35.7142857143,7,8.3333333333,33.3333333333,NA,0,NA,NA,NA,0,NA,NA,NA,0,NA,NA,NA,0,NA,NA,64.2857142857,7,8.3333333333,50,NA,0,NA,NA,NA,0,NA,NA,92.8571428571,7,8.3333333333,83.3333333333,92.8571428571,7,8.3333333333,83.3333333333,NA,0,NA,NA,NA,0,NA,NA,NA,0,NA,NA,NA,0,NA,NA,NA,0,NA,NA,NA,0,NA,NA,NA,0,NA,NA,NA,0,NA,NA,NA,0,NA,NA,NA,0,NA,NA,batting_and_bowling,contextual_manual_match,npl-2024,NPL 2024 Â· Season 1,poa,NA,NA,NA,NA,NA,NA,NA
d019608b,D Nath,2024/25,Pokhara Avengers,Domestic,0,6,5,0,51,0,46,5,0,9.2,9.2,27,90.1960784314,22,43.137254902,24,1,0,2,2,4,20,7.8431372549,4.2,4,0,6,9,66.6666666667,6,66.6666666667,1,0,40,40,100,14,35,1,2,0,2,0,2,100,0,0,0,NA,NA,0,0,NA,NA,0,NA,0,0,NA,NA,0,0,0,NA,0,0,0,NA,NA,NA,0,0,0,NA,NA,NA,0,0,0,NA,NA,NA,0,0,0,0,1,5,0,0,0,0,0,0,41,43,95.3488372093,5,8,62.5,0,NA,0,NA,5,0,domestic_status_unknown,Domestic/foreign classification is not supplied.,6,0,51,9,40,2,0,0,0,0,0,0,0,0,0,0,5,0,https://www.cricnepal.com/heres-how-each-team-lines-up-after-the-npl-auction,documented auction/retention pool; contextual ID mapping,Pokhara Avengers,0,0,0,0,0,0,0,0,0,0,0,,Unknown,Dilip Nath,Wicketkeeper-batter,https://www.onlinekhabar.com/wp-content/uploads/2025/08/SBL-NPL-Auction-Pool-2025-Final-Sheet1.pdf,2025 auction pool,auction,exact_auction_price,A,https://www.cricnepal.com/heres-how-each-team-lines-up-after-the-npl-auction,2024-10-07,https://www.cricnepal.com/heres-how-each-team-lines-up-after-the-npl-auction,NPR; reported clearing price. Base-price purchases use category price explicitly reported in auction result.,1000000,NA,NA,NA,NA,,true,21739.1304347826,NA,NA,NA,1000000,reported_exact_auction,21739.1304347826,NA,9.2,4,10.6395488626,8,5,1.1564727025,NA,NA,NA,NA,NA,NA,NA,NA,NA,NA,NA,NA,10,5,90,-80,30,5,90,-60,10,5,90,-80,70,5,90,-20,NA,0,NA,NA,NA,0,NA,NA,NA,0,NA,NA,NA,0,NA,NA,10,5,90,-80,NA,0,NA,NA,NA,0,NA,NA,10,5,90,-80,10,5,90,-80,NA,0,NA,NA,NA,0,NA,NA,NA,0,NA,NA,NA,0,NA,NA,NA,0,NA,NA,NA,0,NA,NA,NA,0,NA,NA,NA,0,NA,NA,NA,0,NA,NA,NA,0,NA,NA,batting_only,contextual_manual_match,npl-2024,NPL 2024 Â· Season 1,poa,NA,NA,NA,NA,NA,NA,NA
03df7a25,DA Douthwaite,2024/25,Kathmandu Gorkhas,Foreign,0,4,4,3,52,41,42,3,1,14,10.5,21,80.7692307692,28,53.8461538462,18,2,0,2,2,4,20,7.6923076923,6.75,6.5,0,1,6,16.6666666667,5,83.3333333333,0,0,25,32,78.125,18,56.25,0,2,16,14,114.2857142857,5,35.7142857143,2,0,2,0.6666666667,20.5,6.5,50,7.3170731707,25,15,36.5853658537,2,1,4.8780487805,2.4390243902,7,0,28,16.6666666667,24,25,1,6.25,24,41.6666666667,12,8,1,4,12,41.6666666667,5,17,0,20.4,NA,0,2,0,0,0,2,2,0,0,22,1,0,0,41,47,87.2340425532,1,5,20,1,7,1,7.4482758621,4,3,domestic_status_unknown|team_alias_review,Domestic/foreign classification is not supplied. Kathmandu Gurkhas/Gorkhas uses proposed canonical label Kathmandu Gorkhas; raw label retained.,4,0,52,6,32,14,44,42,7,10,5,0,12,14,29,36,4,0,https://wicketnepal.com/2024/11/nepal-premier-league-npl-2024-complete-squad-and-team-information/,documented season roster; contextual ID mapping,Kathmandu Gurkhas,0,0,0,0,0,0,0,0,2,1,0,,Unknown,DA Douthwaite,Unknown,,,not_found,not_found,,,,,,NA,NA,NA,NA,NA,,false,NA,NA,NA,NA,NA,unavailable,NA,NA,10.5,10,11,18.5,4,1.0476190476,0.6666666667,1,0.5773502692,0.5,3,0.8660254038,7.8181818182,7,3.3041421537,3.2272727273,3,0.4226228336,NA,0,NA,NA,NA,0,NA,NA,NA,0,NA,NA,NA,0,NA,NA,NA,0,NA,NA,NA,0,NA,NA,NA,0,NA,NA,NA,0,NA,NA,NA,0,NA,NA,NA,0,NA,NA,NA,0,NA,NA,NA,0,NA,NA,NA,0,NA,NA,NA,0,NA,NA,NA,0,NA,NA,NA,0,NA,NA,NA,0,NA,NA,NA,0,NA,NA,NA,0,NA,NA,NA,0,NA,NA,NA,0,NA,NA,NA,0,NA,NA,NA,0,NA,NA,batting_and_bowling,not_price_verified,npl-2024,NPL 2024 Â· Season 1,kag,NA,NA,NA,NA,NA,NA,NA
1747ea18,DS Airee,2024/25,Sudur Paschim Royals,Domestic,0,9,9,7,141,150,227,6,3,37.8333333333,25.2222222222,57,160.9929078014,45,31.914893617,45,22,2,15,12,27,132,19.1489361702,5.2222222222,5,0,2,5,40,4,80,0,0,88,73,120.5479452055,26,35.6164383562,7,2,137,63,217.4603174603,15,23.8095238095,8,10,9,1.2857142857,16.6666666667,25,175,7,19.4444444444,62,41.3333333333,6,0,4,0,15,6,96,14,36,59,2,9.8333333333,18,44.4444444444,72,73,1,6.0833333333,72,38.8888888889,42,43,6,6.1428571429,7,42.8571428571,3,0,5,2,7,2,2,1,217,7,29,4,168,94,178.7234042553,59,47,125.5319148936,6,6.75,3,7.2307692308,9,7,domestic_status_unknown,Domestic/foreign classification is not supplied.,9,0,141,5,73,63,152,150,21,16,28,18,72,81,78,94,9,0,https://www.cricnepal.com/npl-marquee-players-to-receive-minimum-20-lakhs-auction-set-for-pre-dashain,documented auction/retention pool; contextual ID mapping,Sudur Paschim Royals,0,0,0,1,1,0,1,0,2,0,0,,Unknown,Dipendra Singh Airee,Unknown,,,marquee,documented_minimum,NA,https://www.cricnepal.com/npl-marquee-players-to-receive-minimum-20-lakhs-auction-set-for-pre-dashain,2024-09-14,https://www.cricnepal.com/npl-marquee-players-to-receive-minimum-20-lakhs-auction-set-for-pre-dashain,Minimum only; incentives can increase compensation. Not an auction clearing price.,NA,2000000,NA,NA,NA,"Project-owner assumption: every marquee player receives NPR 2,000,000 in each of 2024/25 and 2025/26. Not independently verified payment evidence.",false,NA,NA,8810.5726872247,222222.2222222222,2000000,user_assumed_marquee_salary,8810.572687224669,222222.22222222222,25.2222222222,20,20.0610180311,30,9,0.7953707589,1.2857142857,1,1.1126972805,1.5,7,0.8654312182,6.8928571429,7.25,2.2539647608,3.75,7,0.3270000689,94.6428571429,28,NA,NA,97.2222222222,18,NA,NA,94.6428571429,28,NA,NA,97.2222222222,18,NA,NA,69.0476190476,21,NA,NA,44.1176470588,17,NA,NA,50,17,NA,NA,55.8823529412,17,NA,NA,76.7857142857,28,NA,NA,69.0476190476,21,NA,NA,78.5714285714,21,NA,NA,87.5,28,NA,NA,97.2222222222,18,NA,NA,69.0476190476,21,NA,NA,44.1176470588,17,NA,NA,55.8823529412,17,NA,NA,58.8235294118,17,NA,NA,NA,0,NA,NA,3.8461538462,13,NA,NA,96.875,16,NA,NA,57.5,20,NA,NA,95.8333333333,12,NA,NA,96.4285714286,14,NA,NA,batting_and_bowling,not_price_verified,npl-2024,NPL 2024 Â· Season 1,spr,NA,NA,NA,NA,NA,NA,2000000
e3540b8c,DS Bajwa,2024/25,Sudur Paschim Royals,Foreign,0,1,1,0,16,0,12,1,0,12,12,12,75,8,50,6,1,0,1,0,1,4,6.25,4,4,0,2,3,66.6666666667,1,33.3333333333,0,0,10,13,76.9230769231,7,53.8461538462,1,0,0,0,NA,0,NA,0,0,0,NA,NA,0,0,NA,NA,0,NA,0,0,NA,NA,0,0,0,NA,0,0,0,NA,NA,NA,0,0,0,NA,NA,NA,0,0,0,NA,NA,NA,0,0,0,0,0,1,0,0,0,0,0,0,0,0,NA,12,16,75,0,NA,0,NA,1,0,domestic_status_unknown,Domestic/foreign classification is not supplied.,1,0,16,3,13,0,0,0,0,0,0,0,0,0,0,0,1,0,https://wicketnepal.com/2024/11/nepal-premier-league-npl-2024-complete-squad-and-team-information/,documented season roster; contextual ID mapping,Sudur Paschim Royals,0,0,0,0,0,0,0,0,0,0,0,,Unknown,DS Bajwa,Unknown,,,not_found,not_found,,,,,,NA,NA,NA,NA,NA,,false,NA,NA,NA,NA,NA,unavailable,NA,NA,12,12,NA,0,1,NA,NA,NA,NA,NA,NA,NA,NA,NA,NA,NA,NA,NA,NA,0,NA,NA,NA,0,NA,NA,NA,0,NA,NA,NA,0,NA,NA,NA,0,NA,NA,NA,0,NA,NA,NA,0,NA,NA,NA,0,NA,NA,NA,0,NA,NA,NA,0,NA,NA,NA,0,NA,NA,NA,0,NA,NA,NA,0,NA,NA,NA,0,NA,NA,NA,0,NA,NA,NA,0,NA,NA,NA,0,NA,NA,NA,0,NA,NA,NA,0,NA,NA,NA,0,NA,NA,NA,0,NA,NA,NA,0,NA,NA,NA,0,NA,NA,batting_only,not_price_verified,npl-2024,NPL 2024 Â· Season 1,spr,NA,NA,NA,NA,NA,NA,NA
9b1276f1,Deepak Bohara,2024/25,Chitwan Rhinos,Domestic,0,6,4,1,25,8,19,3,1,6.3333333333,4.75,8,76,17,68,4,1,1,1,1,2,10,8,NA,NA,3,17,19,89.4736842105,13,68.4210526316,1,1,0,0,NA,0,NA,0,0,2,6,33.3333333333,4,66.6666666667,0,0,1,1,8,1.2,9,6.75,9,5,62.5,0,0,0,0,2,0,8,25,0,0,0,NA,NA,NA,8,9,1,6.75,8,62.5,0,0,0,NA,NA,NA,3,0,0,0,4,2,0,0,9,1,0,0,10,12,83.3333333333,9,13,69.2307692308,0,NA,1,6.75,4,1,domestic_status_unknown|opening_order_unknown,Domestic/foreign classification is not supplied. 3 innings have unknown exact opening order. Position mean/median left NA; times_opened retained.,6,0,25,19,0,6,8,8,2,0,5,0,0,0,8,9,1,3,https://www.cricnepal.com/heres-how-each-team-lines-up-after-the-npl-auction,documented auction/retention pool; contextual ID mapping,Chitwan Rhinos,0,0,0,0,0,0,0,0,0,0,0,,Unknown,Deepak Bohara,Unknown,,,auction,exact_auction_price,B,https://www.cricnepal.com/heres-how-each-team-lines-up-after-the-npl-auction,2024-10-07,https://www.cricnepal.com/heres-how-each-team-lines-up-after-the-npl-auction,NPR; reported clearing price. Base-price purchases use category price explicitly reported in auction result.,500000,NA,NA,NA,NA,,true,26315.7894736842,500000,NA,NA,500000,reported_exact_auction,26315.7894736842,500000,4.75,4.5,3.2015621187,5.25,4,0.6740130776,1,1,NA,0,1,NA,6.75,6.75,NA,0,1,NA,12.5,28,NA,NA,NA,0,NA,NA,19.6428571429,28,NA,NA,NA,0,NA,NA,NA,0,NA,NA,NA,0,NA,NA,NA,0,NA,NA,NA,0,NA,NA,87.5,28,NA,NA,NA,0,NA,NA,NA,0,NA,NA,26.7857142857,28,NA,NA,NA,0,NA,NA,NA,0,NA,NA,NA,0,NA,NA,NA,0,NA,NA,NA,0,NA,NA,NA,0,NA,NA,NA,0,NA,NA,NA,0,NA,NA,NA,0,NA,NA,NA,0,NA,NA,NA,0,NA,NA,batting_and_bowling,contextual_manual_match,npl-2024,NPL 2024 Â· Season 1,chr,NA,NA,NA,NA,NA,NA,NA
e2acb37d,Deepak Dumre,2024/25,Karnali Yaks,Domestic,0,1,0,0,0,0,0,0,0,NA,NA,NA,NA,0,NA,0,0,0,0,0,0,0,NA,NA,NA,0,0,0,NA,0,NA,0,0,0,0,NA,0,NA,0,0,0,0,NA,0,NA,0,0,0,NA,NA,0,0,NA,NA,0,NA,0,0,NA,NA,0,0,0,NA,0,0,0,NA,NA,NA,0,0,0,NA,NA,NA,0,0,0,NA,NA,NA,1,0,0,0,1,0,0,0,0,0,0,0,0,0,NA,0,0,NA,0,NA,0,NA,0,0,domestic_status_unknown|substitute_only_appearances,Domestic/foreign classification is not supplied. 1 observed matches were not in source squad lists; included in matches_played.,0,1,0,0,0,0,0,0,0,0,0,0,0,0,0,0,0,0,https://www.cricnepal.com/heres-how-each-team-lines-up-after-the-npl-auction,documented auction/retention pool; contextual ID mapping,Karnali Yaks,0,0,1,NA,0,0,0,0,0,0,0,,Unknown,Deepak Dumre,Wicketkeeper-batter,https://www.onlinekhabar.com/wp-content/uploads/2025/08/SBL-NPL-Auction-Pool-2025-Final-Sheet1.pdf,2025 auction pool,auction,exact_auction_price,C,https://www.cricnepal.com/heres-how-each-team-lines-up-after-the-npl-auction,2024-10-07,https://www.cricnepal.com/heres-how-each-team-lines-up-after-the-npl-auction,NPR; reported clearing price. Base-price purchases use category price explicitly reported in auction result.,300000,NA,NA,NA,NA,,true,NA,NA,NA,NA,300000,reported_exact_auction,NA,NA,NA,NA,NA,NA,NA,NA,NA,NA,NA,NA,NA,NA,NA,NA,NA,NA,NA,NA,NA,0,NA,NA,NA,0,NA,NA,NA,0,NA,NA,NA,0,NA,NA,NA,0,NA,NA,NA,0,NA,NA,NA,0,NA,NA,NA,0,NA,NA,NA,0,NA,NA,NA,0,NA,NA,NA,0,NA,NA,NA,0,NA,NA,NA,0,NA,NA,NA,0,NA,NA,NA,0,NA,NA,NA,0,NA,NA,NA,0,NA,NA,NA,0,NA,NA,NA,0,NA,NA,NA,0,NA,NA,NA,0,NA,NA,NA,0,NA,NA,NA,0,NA,NA,no_recorded_innings,contextual_manual_match,npl-2024,NPL 2024 Â· Season 1,ky,NA,NA,NA,NA,NA,NA,NA
9811e35e,Gulsan Jha,2024/25,Karnali Yaks,Domestic,0,9,9,4,120,48,132,7,2,18.8571428571,14.6666666667,49,110,65,54.1666666667,28,11,0,7,9,16,82,13.3333333333,5.3333333333,5,0,2,8,25,7,87.5,0,0,127,106,119.8113207547,55,51.8867924528,7,9,3,6,50,3,50,0,0,1,0.25,48,8,63,7.875,63,18,37.5,1,0,2.0833333333,0,6,2,36,16.6666666667,18,21,0,7,NA,44.4444444444,24,28,0,7,NA,37.5,6,14,1,14,6,16.6666666667,6,0,1,0,5,4,2,0,57,0,25,0,83,83,100,49,37,132.4324324324,0,5.3333333333,1,9.4,9,4,domestic_status_unknown,Domestic/foreign classification is not supplied.,9,0,120,8,106,6,49,48,8,8,9,1,18,16,30,47,9,0,https://www.cricnepal.com/heres-how-each-team-lines-up-after-the-npl-auction,documented auction/retention pool; contextual ID mapping,Karnali Yaks,0,0,0,1,0,0,2,0,1,0,0,,Unknown,Gulshan Jha,Unknown,,,auction,exact_auction_price,A,https://www.cricnepal.com/heres-how-each-team-lines-up-after-the-npl-auction,2024-10-07,https://www.cricnepal.com/heres-how-each-team-lines-up-after-the-npl-auction,NPR; reported clearing price. Base-price purchases use category price explicitly reported in auction result.,1500000,NA,NA,NA,NA,,true,11363.6363636364,1500000,NA,NA,1500000,reported_exact_auction,11363.6363636364,1500000,14.6666666667,8,18.0208212909,25,9,1.2286923607,0.25,0,0.5,0.25,4,2,7.9166666667,8,2.2005891467,2.75,4,0.2779691554,78.5714285714,28,NA,NA,41.6666666667,18,NA,NA,66.0714285714,28,NA,NA,13.8888888889,18,NA,NA,2.380952381,21,NA,NA,NA,0,NA,NA,NA,0,NA,NA,NA,0,NA,NA,33.9285714286,28,NA,NA,7.1428571429,21,NA,NA,83.3333333333,21,NA,NA,58.9285714286,28,NA,NA,47.2222222222,18,NA,NA,2.380952381,21,NA,NA,NA,0,NA,NA,NA,0,NA,NA,NA,0,NA,NA,NA,0,NA,NA,NA,0,NA,NA,90.625,16,NA,NA,37.5,20,NA,NA,NA,0,NA,NA,NA,0,NA,NA,batting_and_bowling,contextual_manual_match,npl-2024,NPL 2024 Â· Season 1,ky,NA,NA,NA,NA,NA,NA,NA
bb20441f,H Dhami,2024/25,Janakpur Bolts,Domestic,0,3,1,0,11,0,9,1,0,9,9,9,81.8181818182,5,45.4545454545,5,0,0,1,0,1,4,9.0909090909,9,9,0,0,0,NA,0,NA,0,0,0,0,NA,0,NA,0,0,9,11,81.8181818182,5,45.4545454545,1,0,0,NA,NA,0,0,NA,NA,0,NA,0,0,NA,NA,0,0,0,NA,0,0,0,NA,NA,NA,0,0,0,NA,NA,NA,0,0,0,NA,NA,NA,2,0,0,0,3,0,1,1,9,0,0,0,9,11,81.8181818182,0,0,NA,0,NA,0,NA,1,0,domestic_status_unknown|substitute_only_appearances,Domestic/foreign classification is not supplied. 1 observed matches were not in source squad lists; included in matches_played.,2,1,11,0,0,11,0,0,0,0,0,0,0,0,0,0,1,0,https://www.cricnepal.com/heres-how-each-team-lines-up-after-the-npl-auction,documented auction/retention pool; contextual ID mapping,Janakpur Bolts,0,0,2,0,0,0,0,0,0,0,0,,Unknown,Hemant Dhami,Bowler,https://www.onlinekhabar.com/wp-content/uploads/2025/08/SBL-NPL-Auction-Pool-2025-Final-Sheet1.pdf,2025 auction pool,auction,exact_auction_price,B,https://www.cricnepal.com/heres-how-each-team-lines-up-after-the-npl-auction,2024-10-07,https://www.cricnepal.com/heres-how-each-team-lines-up-after-the-npl-auction,NPR; reported clearing price. Base-price purchases use category price explicitly reported in auction result.,500000,NA,NA,NA,NA,,true,55555.5555555556,NA,NA,NA,500000,reported_exact_auction,55555.5555555556,NA,9,9,NA,0,1,NA,NA,NA,NA,NA,NA,NA,NA,NA,NA,NA,NA,NA,NA,0,NA,NA,NA,0,NA,NA,NA,0,NA,NA,NA,0,NA,NA,NA,0,NA,NA,NA,0,NA,NA,NA,0,NA,NA,NA,0,NA,NA,NA,0,NA,NA,NA,0,NA,NA,NA,0,NA,NA,NA,0,NA,NA,NA,0,NA,NA,NA,0,NA,NA,NA,0,NA,NA,NA,0,NA,NA,NA,0,NA,NA,NA,0,NA,NA,NA,0,NA,NA,NA,0,NA,NA,NA,0,NA,NA,NA,0,NA,NA,NA,0,NA,NA,batting_only,contextual_manual_match,npl-2024,NPL 2024 Â· Season 1,jab,NA,NA,NA,NA,NA,NA,NA
c01d7726,H Thaker,2024/25,Janakpur Bolts,Foreign,0,10,9,9,147,186,138,5,4,27.6,15.3333333333,30,93.8775510204,61,41.4965986395,64,10,0,9,3,12,54,8.1632653061,4.1111111111,4,0,20,28,71.4285714286,18,64.2857142857,3,0,94,102,92.1568627451,39,38.2352941176,3,3,24,17,141.1764705882,4,23.5294117647,3,0,11,1.2222222222,16.9090909091,31,197,6.3548387097,17.9090909091,85,45.6989247312,2,0,1.0752688172,0,13,8,100,11.2903225806,72,73,1,6.0833333333,72,51.3888888889,78,79,5,6.0769230769,15.6,39.7435897436,36,45,5,7.5,7.2,47.2222222222,2,0,0,1,7,3,3,1,115,9,59,1,13,17,76.4705882353,125,130,96.1538461538,6,6.52,5,5.6666666667,9,9,domestic_status_unknown,Domestic/foreign classification is not supplied.,10,0,147,28,102,17,188,186,21,37,31,17,150,163,36,34,9,0,https://wicketnepal.com/2024/11/nepal-premier-league-npl-2024-complete-squad-and-team-information/,documented season roster; contextual ID mapping,Janakpur Bolts,0,0,0,1,0,0,0,2,2,0,0,,Unknown,H Thaker,Unknown,,,not_found,not_found,,,,,,NA,NA,NA,NA,NA,,false,NA,NA,NA,NA,NA,unavailable,NA,NA,15.3333333333,13,10.6887791632,19,9,0.6970942933,1.2222222222,1,1.5634719199,1,9,1.2792042981,6.2962962963,5.5,2.9840755336,2.0833333333,9,0.4739414083,NA,0,NA,NA,NA,0,NA,NA,NA,0,NA,NA,NA,0,NA,NA,NA,0,NA,NA,NA,0,NA,NA,NA,0,NA,NA,NA,0,NA,NA,NA,0,NA,NA,NA,0,NA,NA,NA,0,NA,NA,NA,0,NA,NA,NA,0,NA,NA,NA,0,NA,NA,NA,0,NA,NA,NA,0,NA,NA,NA,0,NA,NA,NA,0,NA,NA,NA,0,NA,NA,NA,0,NA,NA,NA,0,NA,NA,NA,0,NA,NA,NA,0,NA,NA,batting_and_bowling,not_price_verified,npl-2024,NPL 2024 Â· Season 1,jab,NA,NA,NA,NA,NA,NA,NA
0bf15e52,Harmeet Singh,2024/25,Sudur Paschim Royals,Foreign,0,5,3,5,21,120,28,3,0,9.3333333333,9.3333333333,14,133.3333333333,6,28.5714285714,10,3,0,0,2,2,12,9.5238095238,3.6666666667,4,0,0,0,NA,0,NA,0,0,28,21,133.3333333333,6,28.5714285714,0,2,0,0,NA,0,NA,0,0,8,1.6,15,20,90,4.5,11.25,69,57.5,7,0,5.8333333333,0,8,1,38,7.5,54,45,1,5,54,57.4074074074,48,33,3,4.125,16,56.25,18,12,4,4,4.5,61.1111111111,0,0,2,0,4,1,2,1,14,8,14,0,28,21,133.3333333333,0,0,NA,3,3.75,5,5,3,5,domestic_status_unknown,Domestic/foreign classification is not supplied.,5,0,21,0,21,0,126,120,9,31,27,11,48,30,72,60,3,0,https://kathmandupost.com/cricket/2025/11/17/foreign-players-to-watch-as-npl-kicks-off-today,documented season roster; contextual ID mapping,Sudur Paschim Royals,0,0,0,0,0,0,0,2,6,0,0,,Unknown,Harmeet Singh,Unknown,,,not_found,not_found,,,,,,NA,NA,NA,NA,NA,,false,NA,NA,NA,NA,NA,unavailable,NA,NA,9.3333333333,13,7.2341781381,6.5,3,0.7750905148,1.6,2,1.5165750888,3,5,0.9478594305,4.5,4.25,2.9101116817,3.25,5,0.6466914848,NA,0,NA,NA,NA,0,NA,NA,NA,0,NA,NA,NA,0,NA,NA,NA,0,NA,NA,NA,0,NA,NA,NA,0,NA,NA,NA,0,NA,NA,NA,0,NA,NA,NA,0,NA,NA,NA,0,NA,NA,NA,0,NA,NA,NA,0,NA,NA,NA,0,NA,NA,NA,0,NA,NA,NA,0,NA,NA,NA,0,NA,NA,NA,0,NA,NA,NA,0,NA,NA,NA,0,NA,NA,NA,0,NA,NA,NA,0,NA,NA,NA,0,NA,NA,batting_and_bowling,not_price_verified,npl-2024,NPL 2024 Â· Season 1,spr,NA,NA,NA,NA,NA,NA,NA
754c883c,Hassan Eisakhil,2024/25,Chitwan Rhinos,Foreign,0,6,6,0,96,0,125,6,0,20.8333333333,20.8333333333,65,130.2083333333,44,45.8333333333,29,4,0,13,6,19,88,19.7916666667,NA,NA,6,75,65,115.3846153846,36,55.3846153846,11,2,50,30,166.6666666667,7,23.3333333333,2,4,0,1,0,1,100,0,0,0,NA,NA,0,0,NA,NA,0,NA,0,0,NA,NA,0,0,0,NA,0,0,0,NA,NA,NA,0,0,0,NA,NA,NA,0,0,0,NA,NA,NA,2,0,1,1,4,2,1,0,119,0,1,0,107,81,132.0987654321,18,15,120,0,NA,0,NA,6,0,domestic_status_unknown|opening_order_unknown,Domestic/foreign classification is not supplied. 6 innings have unknown exact opening order. Position mean/median left NA; times_opened retained.,6,0,96,65,30,1,0,0,0,0,0,0,0,0,0,0,0,6,https://wicketnepal.com/2024/11/nepal-premier-league-npl-2024-complete-squad-and-team-information/,documented season roster; contextual ID mapping,Chitwan Rhinos,0,0,0,0,1,0,0,0,0,0,0,,Unknown,Hassan Eisakhil,Unknown,,,not_found,not_found,,,,,,NA,NA,NA,NA,NA,,false,NA,NA,NA,NA,NA,unavailable,NA,NA,20.8333333333,13,23.5407448197,17.75,6,1.1299557513,NA,NA,NA,NA,NA,NA,NA,NA,NA,NA,NA,NA,NA,0,NA,NA,NA,0,NA,NA,NA,0,NA,NA,NA,0,NA,NA,NA,0,NA,NA,NA,0,NA,NA,NA,0,NA,NA,NA,0,NA,NA,NA,0,NA,NA,NA,0,NA,NA,NA,0,NA,NA,NA,0,NA,NA,NA,0,NA,NA,NA,0,NA,NA,NA,0,NA,NA,NA,0,NA,NA,NA,0,NA,NA,NA,0,NA,NA,NA,0,NA,NA,NA,0,NA,NA,NA,0,NA,NA,NA,0,NA,NA,NA,0,NA,NA,batting_only,not_price_verified,npl-2024,NPL 2024 Â· Season 1,chr,NA,NA,NA,NA,NA,NA,NA
ed547c49,I Pandey,2024/25,Sudur Paschim Royals,Domestic,0,9,7,5,112,42,128,5,2,25.6,18.2857142857,38,114.2857142857,47,41.9642857143,40,9,0,13,3,16,70,14.2857142857,6.4285714286,6,0,6,7,85.7142857143,4,57.1428571429,1,0,80,72,111.1111111111,28,38.8888888889,7,2,42,33,127.2727272727,15,45.4545454545,5,1,4,0.8,10.5,7,52,7.4285714286,13,22,52.380952381,4,0,9.5238095238,0,2,4,32,14.2857142857,12,11,2,5.5,6,83.3333333333,30,41,2,8.2,15,40,0,0,0,NA,NA,NA,6,0,1,1,7,2,2,1,87,3,6,1,55,48,114.5833333333,73,64,114.0625,0,9,4,6.8,7,5,domestic_status_unknown|retirement_event,"Domestic/foreign classification is not supplied. Retired hurt is not a dismissal. Retired out is a batter/team dismissal, not a bowler wicket.",9,0,112,7,72,33,46,42,6,10,12,0,12,18,30,34,7,0,https://www.cricnepal.com/heres-how-each-team-lines-up-after-the-npl-auction,documented auction/retention pool; contextual ID mapping,Sudur Paschim Royals,0,1,0,1,0,0,0,0,4,0,0,,Unknown,Ishan Pandey,Unknown,,,auction,exact_auction_price,B,https://www.cricnepal.com/heres-how-each-team-lines-up-after-the-npl-auction,2024-10-07,https://www.cricnepal.com/heres-how-each-team-lines-up-after-the-npl-auction,NPR; reported clearing price. Base-price purchases use category price explicitly reported in auction result.,950000,NA,NA,NA,NA,,true,7421.875,237500,NA,NA,950000,reported_exact_auction,7421.875,237500,18.2857142857,17,14.1151725189,20,7,0.7719234971,0.8,1,0.8366600265,1,5,1.0458250332,7.4,8,2.5836021366,4,5,0.3491354239,69.6428571429,28,NA,NA,58.3333333333,18,NA,NA,80.3571428571,28,NA,NA,58.3333333333,18,NA,NA,19.0476190476,21,NA,NA,NA,0,NA,NA,NA,0,NA,NA,NA,0,NA,NA,80.3571428571,28,NA,NA,47.619047619,21,NA,NA,69.0476190476,21,NA,NA,73.2142857143,28,NA,NA,63.8888888889,18,NA,NA,19.0476190476,21,NA,NA,NA,0,NA,NA,NA,0,NA,NA,NA,0,NA,NA,NA,0,NA,NA,NA,0,NA,NA,71.875,16,NA,NA,7.5,20,NA,NA,20.8333333333,12,NA,NA,NA,0,NA,NA,batting_and_bowling,contextual_manual_match,npl-2024,NPL 2024 Â· Season 1,spr,NA,NA,NA,NA,NA,NA,NA
7c8a1fd7,Ismat Alam,2024/25,Biratnagar Kings,Foreign,0,3,3,3,20,42,11,3,0,3.6666666667,3.6666666667,6,55,12,60,7,0,0,1,0,1,4,5,NA,NA,1,0,3,0,3,100,0,0,11,17,64.7058823529,9,52.9411764706,1,0,0,0,NA,0,NA,0,0,2,0.6666666667,21,7,72,10.2857142857,36,12,28.5714285714,2,0,4.7619047619,0,9,1,42,23.8095238095,6,11,1,11,6,33.3333333333,24,37,1,9.25,24,29.1666666667,12,24,0,12,NA,25,0,0,1,0,1,2,0,0,0,1,0,0,5,13,38.4615384615,6,7,85.7142857143,2,11.2,0,8,3,3,domestic_status_unknown|opening_order_unknown,Domestic/foreign classification is not supplied. 1 innings have unknown exact opening order. Position mean/median left NA; times_opened retained.,3,0,20,3,17,0,44,42,10,2,7,3,30,56,12,16,2,1,https://wicketnepal.com/2024/11/nepal-premier-league-npl-2024-complete-squad-and-team-information/,documented season roster; contextual ID mapping,Biratnagar Kings,0,0,0,0,0,0,1,0,2,0,0,,Unknown,Ismat Alam,Unknown,,,not_found,not_found,,,,,,NA,NA,NA,NA,NA,,false,NA,NA,NA,NA,NA,unavailable,NA,NA,3.6666666667,5,3.2145502537,3,3,0.8766955237,0.6666666667,1,0.5773502692,0.5,3,0.8660254038,10.0555555556,10.5,1.8733017,1.8333333333,3,0.1862951967,NA,0,NA,NA,NA,0,NA,NA,NA,0,NA,NA,NA,0,NA,NA,NA,0,NA,NA,NA,0,NA,NA,NA,0,NA,NA,NA,0,NA,NA,NA,0,NA,NA,NA,0,NA,NA,NA,0,NA,NA,NA,0,NA,NA,NA,0,NA,NA,NA,0,NA,NA,NA,0,NA,NA,NA,0,NA,NA,NA,0,NA,NA,NA,0,NA,NA,NA,0,NA,NA,NA,0,NA,NA,NA,0,NA,NA,NA,0,NA,NA,NA,0,NA,NA,batting_and_bowling,not_price_verified,npl-2024,NPL 2024 Â· Season 1,bik,NA,NA,NA,NA,NA,NA,NA
fb501329,J Tromp,2024/25,Janakpur Bolts,Foreign,0,1,1,0,13,0,13,1,0,13,13,13,100,8,61.5384615385,3,0,0,1,1,2,10,15.3846153846,7,7,0,4,6,66.6666666667,5,83.3333333333,1,0,9,7,128.5714285714,3,42.8571428571,0,1,0,0,NA,0,NA,0,0,0,NA,NA,0,0,NA,NA,0,NA,0,0,NA,NA,0,0,0,NA,0,0,0,NA,NA,NA,0,0,0,NA,NA,NA,0,0,0,NA,NA,NA,3,0,0,0,0,1,0,0,0,0,0,0,0,0,NA,13,13,100,0,NA,0,NA,1,0,domestic_status_unknown,Domestic/foreign classification is not supplied.,1,0,13,6,7,0,0,0,0,0,0,0,0,0,0,0,1,0,https://wicketnepal.com/2024/11/nepal-premier-league-npl-2024-complete-squad-and-team-information/,documented season roster; contextual ID mapping,Janakpur Bolts,0,0,0,0,0,0,0,0,0,0,0,,Unknown,J Tromp,Unknown,,,not_found,not_found,,,,,,NA,NA,NA,NA,NA,,false,NA,NA,NA,NA,NA,unavailable,NA,NA,13,13,NA,0,1,NA,NA,NA,NA,NA,NA,NA,NA,NA,NA,NA,NA,NA,NA,0,NA,NA,NA,0,NA,NA,NA,0,NA,NA,NA,0,NA,NA,NA,0,NA,NA,NA,0,NA,NA,NA,0,NA,NA,NA,0,NA,NA,NA,0,NA,NA,NA,0,NA,NA,NA,0,NA,NA,NA,0,NA,NA,NA,0,NA,NA,NA,0,NA,NA,NA,0,NA,NA,NA,0,NA,NA,NA,0,NA,NA,NA,0,NA,NA,NA,0,NA,NA,NA,0,NA,NA,NA,0,NA,NA,NA,0,NA,NA,NA,0,NA,NA,batting_only,not_price_verified,npl-2024,NPL 2024 Â· Season 1,jab,NA,NA,NA,NA,NA,NA,NA
d48af8d7,JA Kolsawala,2024/25,Karnali Yaks,Foreign,0,2,2,0,43,0,54,2,0,27,27,53,125.5813953488,20,46.511627907,12,3,0,6,2,8,36,18.6046511628,NA,NA,2,36,27,133.3333333333,16,59.2592592593,6,1,18,16,112.5,4,25,0,1,0,0,NA,0,NA,0,0,0,NA,NA,0,0,NA,NA,0,NA,0,0,NA,NA,0,0,0,NA,0,0,0,NA,NA,NA,0,0,0,NA,NA,NA,0,0,0,NA,NA,NA,0,0,0,0,1,1,2,0,53,0,54,0,54,43,125.5813953488,0,0,NA,0,NA,0,NA,2,0,domestic_status_unknown|opening_order_unknown,Domestic/foreign classification is not supplied. 2 innings have unknown exact opening order. Position mean/median left NA; times_opened retained.,2,0,43,27,16,0,0,0,0,0,0,0,0,0,0,0,0,2,https://kathmandupost.com/cricket/2025/11/17/foreign-players-to-watch-as-npl-kicks-off-today,documented season roster; contextual ID mapping,Karnali Yaks,0,0,0,0,1,0,0,0,0,0,0,,Unknown,JA Kolsawala,Unknown,,,not_found,not_found,,,,,,NA,NA,NA,NA,NA,,false,NA,NA,NA,NA,NA,unavailable,NA,NA,27,27,36.7695526217,26,2,1.3618352823,NA,NA,NA,NA,NA,NA,NA,NA,NA,NA,NA,NA,NA,0,NA,NA,NA,0,NA,NA,NA,0,NA,NA,NA,0,NA,NA,NA,0,NA,NA,NA,0,NA,NA,NA,0,NA,NA,NA,0,NA,NA,NA,0,NA,NA,NA,0,NA,NA,NA,0,NA,NA,NA,0,NA,NA,NA,0,NA,NA,NA,0,NA,NA,NA,0,NA,NA,NA,0,NA,NA,NA,0,NA,NA,NA,0,NA,NA,NA,0,NA,NA,NA,0,NA,NA,NA,0,NA,NA,NA,0,NA,NA,NA,0,NA,NA,batting_only,not_price_verified,npl-2024,NPL 2024 Â· Season 1,ky,NA,NA,NA,NA,NA,NA,NA
9219eff0,JDS Neesham,2024/25,Janakpur Bolts,Foreign,0,9,9,9,126,156,247,7,2,35.2857142857,27.4444444444,65,196.0317460317,43,34.4,37,8,0,14,23,37,194,29.3650793651,5.3333333333,5,0,4,6,66.6666666667,5,83.3333333333,1,0,178,90,197.7777777778,29,32.5842696629,9,17,65,30,216.6666666667,9,30,4,6,7,0.7777777778,22.2857142857,26,233,8.9615384615,33.2857142857,54,34.6153846154,12,0,7.6923076923,0,20,8,128,17.9487179487,54,75,2,8.3333333333,27,42.5925925926,42,52,1,7.4285714286,42,38.0952380952,60,106,4,10.6,15,25,6,0,1,2,6,3,3,1,133,6,94,3,46,25,184,201,101,199.0099009901,7,9.0454545455,0,8.5,9,9,domestic_status_unknown,Domestic/foreign classification is not supplied.,9,0,125,6,89,30,164,156,28,23,16,15,132,199,24,34,9,0,https://wicketnepal.com/2024/11/nepal-premier-league-npl-2024-complete-squad-and-team-information/,documented season roster; contextual ID mapping,Janakpur Bolts,0,0,0,0,1,0,0,0,8,0,0,,Unknown,JDS Neesham,Unknown,,,not_found,not_found,,,,,,NA,NA,NA,NA,NA,,false,NA,NA,NA,NA,NA,unavailable,NA,NA,27.4444444444,27,22.6776933963,41,9,0.8263127148,0.7777777778,1,0.8333333333,1,9,1.0714285714,8.962962963,9,1.9659034144,2.5,9,0.2193363314,NA,0,NA,NA,NA,0,NA,NA,NA,0,NA,NA,NA,0,NA,NA,NA,0,NA,NA,NA,0,NA,NA,NA,0,NA,NA,NA,0,NA,NA,NA,0,NA,NA,NA,0,NA,NA,NA,0,NA,NA,NA,0,NA,NA,NA,0,NA,NA,NA,0,NA,NA,NA,0,NA,NA,NA,0,NA,NA,NA,0,NA,NA,NA,0,NA,NA,NA,0,NA,NA,NA,0,NA,NA,NA,0,NA,NA,NA,0,NA,NA,NA,0,NA,NA,batting_and_bowling,not_price_verified,npl-2024,NPL 2024 Â· Season 1,jab,NA,NA,NA,NA,NA,NA,NA
f8dcfe4e,JK Mukhiya,2024/25,Biratnagar Kings,Domestic,0,1,1,1,1,12,0,1,0,0,0,0,0,1,100,0,0,0,0,0,0,0,0,10,10,0,0,0,NA,0,NA,0,0,0,0,NA,0,NA,0,0,0,1,0,1,100,0,0,0,0,NA,2,12,6,NA,6,50,1,0,8.3333333333,0,2,0,8,16.6666666667,6,1,0,1,NA,83.3333333333,6,11,0,11,NA,16.6666666667,0,0,0,NA,NA,NA,0,0,0,0,0,1,0,0,0,0,0,0,0,1,0,0,0,NA,0,NA,0,6,1,1,domestic_status_unknown,Domestic/foreign classification is not supplied.,1,0,1,0,0,1,13,12,2,5,1,0,0,0,12,12,1,0,https://www.cricnepal.com/heres-how-each-team-lines-up-after-the-npl-auction,documented auction/retention pool; contextual ID mapping,Biratnagar Kings,0,0,0,0,0,0,1,0,1,0,0,,Unknown,Jitendra Mukhiya,Unknown,,,auction,exact_auction_price,B,https://www.cricnepal.com/heres-how-each-team-lines-up-after-the-npl-auction,2024-10-07,https://www.cricnepal.com/heres-how-each-team-lines-up-after-the-npl-auction,NPR; reported clearing price. Base-price purchases use category price explicitly reported in auction result.,500000,NA,NA,NA,NA,,true,NA,NA,NA,NA,500000,reported_exact_auction,NA,NA,0,0,NA,0,1,NA,0,0,NA,0,1,NA,6,6,NA,0,1,NA,NA,0,NA,NA,NA,0,NA,NA,NA,0,NA,NA,NA,0,NA,NA,NA,0,NA,NA,NA,0,NA,NA,NA,0,NA,NA,NA,0,NA,NA,NA,0,NA,NA,NA,0,NA,NA,NA,0,NA,NA,NA,0,NA,NA,NA,0,NA,NA,NA,0,NA,NA,NA,0,NA,NA,NA,0,NA,NA,NA,0,NA,NA,NA,0,NA,NA,NA,0,NA,NA,NA,0,NA,NA,NA,0,NA,NA,NA,0,NA,NA,NA,0,NA,NA,batting_and_bowling,contextual_manual_match,npl-2024,NPL 2024 Â· Season 1,bik,NA,NA,NA,NA,NA,NA,NA
f468293b,JN Loftie-Eaton,2024/25,Chitwan Rhinos,Foreign,0,3,3,3,23,48,17,2,1,8.5,5.6666666667,9,73.9130434783,12,52.1739130435,9,0,0,2,0,2,8,8.6956521739,6.3333333333,6,0,0,0,NA,0,NA,0,0,9,14,64.2857142857,8,57.1428571429,1,0,8,9,88.8888888889,4,44.4444444444,1,0,3,1,16,8,56,7,18.6666666667,15,31.25,1,0,2.0833333333,0,3,2,24,10.4166666667,0,0,0,NA,NA,NA,42,52,2,7.4285714286,21,30.9523809524,6,4,1,4,6,33.3333333333,3,0,0,0,1,2,0,0,2,2,0,0,11,16,68.75,6,7,85.7142857143,0,11,3,5.6666666667,3,3,domestic_status_unknown,Domestic/foreign classification is not supplied.,3,0,23,0,14,9,49,48,5,0,13,2,12,22,36,34,3,0,https://wicketnepal.com/2024/11/nepal-premier-league-npl-2024-complete-squad-and-team-information/,documented season roster; contextual ID mapping,Chitwan Rhinos,0,0,0,0,0,0,0,0,1,0,0,,Unknown,JN Loftie-Eaton,Unknown,,,not_found,not_found,,,,,,NA,NA,NA,NA,NA,,false,NA,NA,NA,NA,NA,unavailable,NA,NA,5.6666666667,6,3.5118845843,3.5,3,0.6197443384,1,1,1,1,3,1,7.4444444444,6,3.0971910811,2.8333333333,3,0.416040593,NA,0,NA,NA,NA,0,NA,NA,NA,0,NA,NA,NA,0,NA,NA,NA,0,NA,NA,NA,0,NA,NA,NA,0,NA,NA,NA,0,NA,NA,NA,0,NA,NA,NA,0,NA,NA,NA,0,NA,NA,NA,0,NA,NA,NA,0,NA,NA,NA,0,NA,NA,NA,0,NA,NA,NA,0,NA,NA,NA,0,NA,NA,NA,0,NA,NA,NA,0,NA,NA,NA,0,NA,NA,NA,0,NA,NA,NA,0,NA,NA,NA,0,NA,NA,batting_and_bowling,not_price_verified,npl-2024,NPL 2024 Â· Season 1,chr,NA,NA,NA,NA,NA,NA,NA
e3386c8a,K Bhurtel,2024/25,Pokhara Avengers,Domestic,0,7,6,6,65,85,54,6,0,9,9,31,83.0769230769,34,52.3076923077,24,1,0,4,2,6,28,9.2307692308,NA,NA,1,14,21,66.6666666667,15,71.4285714286,1,1,40,44,90.9090909091,19,43.1818181818,3,1,0,0,NA,0,NA,0,0,5,0.8333333333,17,14.1,113,7.9764705882,22.6,27,31.7647058824,1,0,1.1764705882,0,3,7,54,11.7647058824,0,0,0,NA,NA,NA,72,92,4,7.6666666667,18,29.1666666667,13,21,1,9.6923076923,13,46.1538461538,3,0,0,0,2,5,0,0,31,1,0,0,23,27,85.1851851852,31,38,81.5789473684,3,7.6666666667,2,8.5161290323,6,6,domestic_status_unknown|opening_order_unknown,Domestic/foreign classification is not supplied. 1 innings have unknown exact opening order. Position mean/median left NA; times_opened retained.,7,0,65,21,44,0,86,85,10,0,21,6,54,69,31,44,5,1,https://www.cricnepal.com/npl-marquee-players-to-receive-minimum-20-lakhs-auction-set-for-pre-dashain,documented auction/retention pool; contextual ID mapping,Pokhara Avengers,0,0,0,0,0,0,2,0,1,0,0,,Unknown,Kushal Bhurtel,Batter,https://pokharaavengers.com/our-team,Current franchise classification accessed 2026-09-23; historical role not established,marquee,documented_minimum,NA,https://www.cricnepal.com/npl-marquee-players-to-receive-minimum-20-lakhs-auction-set-for-pre-dashain,2024-09-14,https://www.cricnepal.com/npl-marquee-players-to-receive-minimum-20-lakhs-auction-set-for-pre-dashain,Minimum only; incentives can increase compensation. Not an auction clearing price.,NA,2000000,NA,NA,NA,"Project-owner assumption: every marquee player receives NPR 2,000,000 in each of 2024/25 and 2025/26. Not independently verified payment evidence.",false,NA,NA,37037.037037037,400000,2000000,user_assumed_marquee_salary,37037.03703703704,400000,9,6.5,11.4891252931,7.75,6,1.276569477,0.8333333333,1,0.7527726527,0.75,6,0.9033271833,8.8429487179,8.1538461538,2.877283417,2.5144230769,6,0.3253760153,35.7142857143,7,NA,NA,50,7,NA,NA,21.4285714286,7,NA,NA,50,7,NA,NA,NA,0,NA,NA,NA,0,NA,NA,NA,0,NA,NA,NA,0,NA,NA,21.4285714286,7,NA,NA,NA,0,NA,NA,NA,0,NA,NA,21.4285714286,7,NA,NA,50,7,NA,NA,NA,0,NA,NA,NA,0,NA,NA,NA,0,NA,NA,NA,0,NA,NA,NA,0,NA,NA,NA,0,NA,NA,NA,0,NA,NA,NA,0,NA,NA,NA,0,NA,NA,NA,0,NA,NA,batting_and_bowling,not_price_verified,npl-2024,NPL 2024 Â· Season 1,poa,NA,NA,NA,NA,NA,NA,2000000
d913103d,K Mahato,2024/25,Janakpur Bolts,Domestic,0,10,4,10,21,198,6,1,3,6,1.5,4,28.5714285714,15,71.4285714286,6,0,0,0,0,0,0,0,10.5,10.5,0,0,0,NA,0,NA,0,0,0,11,0,11,100,0,0,6,10,60,4,40,0,0,14,1.4,14.1428571429,33,265,8.0303030303,18.9285714286,78,39.3939393939,26,1,13.1313131313,0.5050505051,22,8,136,15.0753768844,90,117,1,7.8,90,52.2222222222,36,43,2,7.1666666667,18,27.7777777778,72,105,11,8.75,6.5454545455,29.1666666667,1,0,1,0,7,3,3,1,0,9,2,4,2,2,100,4,19,21.0526315789,12,8.3703703704,2,6.5,4,10,domestic_status_unknown,Domestic/foreign classification is not supplied.,10,0,21,0,11,10,217,199,30,47,10,21,162,226,36,39,4,0,https://www.cricnepal.com/heres-how-each-team-lines-up-after-the-npl-auction,documented auction/retention pool; contextual ID mapping,Janakpur Bolts,0,0,0,1,0,0,0,1,18,1,0,,Unknown,Kishore Mahato,Unknown,,,auction,exact_auction_price,A,https://www.cricnepal.com/heres-how-each-team-lines-up-after-the-npl-auction,2024-10-07,https://www.cricnepal.com/heres-how-each-team-lines-up-after-the-npl-auction,NPR; reported clearing price. Base-price purchases use category price explicitly reported in auction result.,1000000,NA,NA,NA,NA,,true,166666.6666666667,71428.5714285714,NA,NA,1000000,reported_exact_auction,166666.6666666667,71428.5714285714,1.5,1,1.9148542155,2.5,4,1.276569477,1.4,1,1.2649110641,0.75,10,0.9035079029,8.0416666667,8.1666666667,2.7395283229,2.3958333333,10,0.3406667345,5.3571428571,28,NA,NA,NA,0,NA,NA,16.0714285714,28,NA,NA,NA,0,NA,NA,92.8571428571,21,NA,NA,20.5882352941,17,NA,NA,67.6470588235,17,NA,NA,61.7647058824,17,NA,NA,26.7857142857,28,NA,NA,54.7619047619,21,NA,NA,73.8095238095,21,NA,NA,5.3571428571,28,NA,NA,NA,0,NA,NA,76.1904761905,21,NA,NA,26.4705882353,17,NA,NA,8.8235294118,17,NA,NA,14.7058823529,17,NA,NA,NA,0,NA,NA,11.5384615385,13,NA,NA,NA,0,NA,NA,27.5,20,NA,NA,NA,0,NA,NA,53.5714285714,14,NA,NA,batting_and_bowling,contextual_manual_match,npl-2024,NPL 2024 Â· Season 1,jab,NA,NA,NA,NA,NA,NA,NA
97d86e77,K Thagunna,2024/25,Pokhara Avengers,Domestic,0,3,2,0,30,0,33,2,0,16.5,16.5,32,110,12,40,13,1,0,3,1,4,18,13.3333333333,6,6,0,1,2,50,1,50,0,0,17,20,85,10,50,2,0,15,8,187.5,1,12.5,1,1,0,NA,NA,0,0,NA,NA,0,NA,0,0,NA,NA,0,0,0,NA,0,0,0,NA,NA,NA,0,0,0,NA,NA,NA,0,0,0,NA,NA,NA,0,0,0,0,1,2,0,0,0,0,0,0,0,0,NA,33,30,110,0,NA,0,NA,2,0,domestic_status_unknown,Domestic/foreign classification is not supplied.,3,0,30,2,20,8,0,0,0,0,0,0,0,0,0,0,2,0,https://www.cricnepal.com/heres-how-each-team-lines-up-after-the-npl-auction,documented auction/retention pool; contextual ID mapping,Pokhara Avengers,0,0,0,0,0,0,0,0,0,0,0,,Unknown,Kiran Thagunna,Batter,https://pokharaavengers.com/our-team,Current franchise classification accessed 2026-09-23; historical role not established,auction,exact_auction_price,B,https://www.cricnepal.com/heres-how-each-team-lines-up-after-the-npl-auction,2024-10-07,https://www.cricnepal.com/heres-how-each-team-lines-up-after-the-npl-auction,NPR; reported clearing price. Base-price purchases use category price explicitly reported in auction result.,1000000,NA,NA,NA,NA,,true,30303.0303030303,NA,NA,NA,1000000,reported_exact_auction,30303.0303030303,NA,16.5,16.5,21.9203102168,15.5,2,1.3285036495,NA,NA,NA,NA,NA,NA,NA,NA,NA,NA,NA,NA,NA,0,NA,NA,NA,0,NA,NA,NA,0,NA,NA,NA,0,NA,NA,NA,0,NA,NA,NA,0,NA,NA,NA,0,NA,NA,NA,0,NA,NA,NA,0,NA,NA,NA,0,NA,NA,NA,0,NA,NA,NA,0,NA,NA,NA,0,NA,NA,NA,0,NA,NA,NA,0,NA,NA,NA,0,NA,NA,NA,0,NA,NA,NA,0,NA,NA,NA,0,NA,NA,NA,0,NA,NA,NA,0,NA,NA,NA,0,NA,NA,NA,0,NA,NA,batting_only,contextual_manual_match,npl-2024,NPL 2024 Â· Season 1,poa,NA,NA,NA,NA,NA,NA,NA
f53b3e1d,Karan KC,2024/25,Kathmandu Gorkhas,Domestic,0,7,7,7,39,143,51,7,0,7.2857142857,7.2857142857,28,130.7692307692,19,48.7179487179,9,4,0,4,3,7,34,17.9487179487,8,9,0,0,0,NA,0,NA,0,0,3,11,27.2727272727,8,72.7272727273,0,0,48,28,171.4285714286,11,39.2857142857,4,3,12,1.7142857143,11.9166666667,23.5,152,6.3776223776,12.6666666667,60,41.958041958,7,0,4.8951048951,0,13,5,82,12.5874125874,66,71,3,6.4545454545,22,50,24,14,2,3.5,12,45.8333333333,53,67,7,7.5849056604,7.5714285714,30.1886792453,1,0,1,1,4,3,0,0,30,9,0,0,21,20,105,30,19,157.8947368421,6,7.2808988764,6,4.8888888889,7,7,domestic_status_unknown|team_alias_review,Domestic/foreign classification is not supplied. Kathmandu Gurkhas/Gorkhas uses proposed canonical label Kathmandu Gorkhas; raw label retained.,7,0,39,0,11,28,150,143,18,33,11,16,89,108,54,44,7,0,https://www.cricnepal.com/npl-marquee-players-to-receive-minimum-20-lakhs-auction-set-for-pre-dashain,documented auction/retention pool; contextual ID mapping,Kathmandu Gurkhas,0,0,0,0,0,0,1,0,7,0,0,,Unknown,Karan KC,Unknown,,,marquee,documented_minimum,NA,https://www.cricnepal.com/npl-marquee-players-to-receive-minimum-20-lakhs-auction-set-for-pre-dashain,2024-09-14,https://www.cricnepal.com/npl-marquee-players-to-receive-minimum-20-lakhs-auction-set-for-pre-dashain,Minimum only; incentives can increase compensation. Not an auction clearing price.,NA,2000000,NA,NA,NA,"Project-owner assumption: every marquee player receives NPR 2,000,000 in each of 2024/25 and 2025/26. Not independently verified payment evidence.",false,NA,NA,39215.6862745098,166666.6666666667,2000000,user_assumed_marquee_salary,39215.686274509804,166666.66666666666,7.2857142857,1,11.3829446353,9,7,1.5623649499,1.7142857143,1,1.3801311187,1.5,7,0.8050764859,6.4554865424,6.3333333333,2.4166836095,2.7608695652,7,0.3743611877,33.9285714286,28,NA,NA,NA,0,NA,NA,26.7857142857,28,NA,NA,NA,0,NA,NA,83.3333333333,21,NA,NA,79.4117647059,17,NA,NA,97.0588235294,17,NA,NA,85.2941176471,17,NA,NA,16.0714285714,28,NA,NA,78.5714285714,21,NA,NA,50,21,NA,NA,33.9285714286,28,NA,NA,NA,0,NA,NA,97.619047619,21,NA,NA,50,17,NA,NA,44.1176470588,17,NA,NA,58.8235294118,17,NA,NA,NA,0,NA,NA,57.6923076923,13,NA,NA,NA,0,NA,NA,92.5,20,NA,NA,70.8333333333,12,NA,NA,75,14,NA,NA,batting_and_bowling,not_price_verified,npl-2024,NPL 2024 Â· Season 1,kag,NA,NA,NA,NA,NA,NA,2000000
7e9f1cde,Kushal Malla,2024/25,Chitwan Rhinos,Domestic,0,8,8,8,184,162,223,8,0,27.875,27.875,72,121.1956521739,77,41.847826087,74,6,1,11,15,26,134,14.1304347826,4.375,4,0,35,28,125,16,57.1428571429,2,3,151,131,115.2671755725,53,40.4580152672,6,10,37,25,148,8,32,3,2,9,1.125,18,27,176,6.5185185185,19.5555555556,66,40.7407407407,2,0,1.2345679012,0,8,10,92,11.1111111111,36,36,3,6,12,58.3333333333,102,103,5,6.0588235294,20.4,38.2352941176,24,37,1,9.25,24,25,2,0,1,1,4,4,1,0,134,5,21,1,146,107,136.4485981308,77,77,100,4,8.3076923077,5,4.8571428571,8,8,domestic_status_unknown,Domestic/foreign classification is not supplied.,8,0,184,28,131,25,163,162,18,21,39,6,78,108,84,68,8,0,https://www.cricnepal.com/npl-marquee-players-to-receive-minimum-20-lakhs-auction-set-for-pre-dashain,documented auction/retention pool; contextual ID mapping,Chitwan Rhinos,0,0,0,0,1,0,0,0,1,0,0,,Unknown,Kushal Malla,Unknown,,,marquee,documented_minimum,NA,https://www.cricnepal.com/npl-marquee-players-to-receive-minimum-20-lakhs-auction-set-for-pre-dashain,2024-09-14,https://www.cricnepal.com/npl-marquee-players-to-receive-minimum-20-lakhs-auction-set-for-pre-dashain,Minimum only; incentives can increase compensation. Not an auction clearing price.,NA,2000000,NA,NA,NA,"Project-owner assumption: every marquee player receives NPR 2,000,000 in each of 2024/25 and 2025/26. Not independently verified payment evidence.",false,NA,NA,8968.6098654709,222222.2222222222,2000000,user_assumed_marquee_salary,8968.609865470851,222222.22222222222,27.875,22,19.6282413156,10,8,0.7041521548,1.125,1,0.6408699445,0.25,8,0.5696621729,6.6770833333,6.0833333333,2.6255904476,2.625,8,0.3932241544,91.0714285714,28,NA,NA,69.4444444444,18,NA,NA,83.9285714286,28,NA,NA,63.8888888889,18,NA,NA,69.0476190476,21,NA,NA,67.6470588235,17,NA,NA,38.2352941176,17,NA,NA,50,17,NA,NA,83.9285714286,28,NA,NA,92.8571428571,21,NA,NA,35.7142857143,21,NA,NA,98.2142857143,28,NA,NA,58.3333333333,18,NA,NA,61.9047619048,21,NA,NA,38.2352941176,17,NA,NA,73.5294117647,17,NA,NA,58.8235294118,17,NA,NA,64.2857142857,7,NA,NA,65.3846153846,13,NA,NA,78.125,16,NA,NA,62.5,20,NA,NA,45.8333333333,12,NA,NA,35.7142857143,14,NA,NA,batting_and_bowling,not_price_verified,npl-2024,NPL 2024 Â· Season 1,chr,NA,NA,NA,NA,NA,NA,2000000
c2e5539b,LM Benkenstein,2024/25,Chitwan Rhinos,Foreign,0,5,5,3,77,48,85,5,0,17,17,31,110.3896103896,46,59.7402597403,13,6,0,6,6,12,60,15.5844155844,NA,NA,1,65,56,116.0714285714,35,62.5,5,5,20,21,95.2380952381,11,52.380952381,1,1,0,0,NA,0,NA,0,0,4,1.3333333333,12,8,68,8.5,17,17,35.4166666667,12,0,25,0,2,4,32,12.5,0,0,0,NA,NA,NA,42,60,4,8.5714285714,10.5,40.4761904762,6,8,0,8,NA,0,2,0,0,0,2,3,1,0,38,4,16,0,16,18,88.8888888889,69,59,116.9491525424,1,4.6666666667,3,10.8,5,3,domestic_status_unknown|opening_order_unknown,Domestic/foreign classification is not supplied. 1 innings have unknown exact opening order. Position mean/median left NA; times_opened retained.,5,0,77,56,21,0,55,48,6,0,17,0,18,14,30,54,4,1,https://wicketnepal.com/2024/11/nepal-premier-league-npl-2024-complete-squad-and-team-information/,documented season roster; contextual ID mapping,Chitwan Rhinos,0,0,0,0,0,0,1,0,7,0,0,,Unknown,LM Benkenstein,Unknown,,,not_found,not_found,,,,,,NA,NA,NA,NA,NA,,false,NA,NA,NA,NA,NA,unavailable,NA,NA,17,16,11.313708499,6,5,0.6655122646,1.3333333333,1,1.5275252317,1.5,3,1.1456439237,10.3055555556,9.25,6.2340537314,6.1666666667,3,0.6049216559,NA,0,NA,NA,NA,0,NA,NA,NA,0,NA,NA,NA,0,NA,NA,NA,0,NA,NA,NA,0,NA,NA,NA,0,NA,NA,NA,0,NA,NA,NA,0,NA,NA,NA,0,NA,NA,NA,0,NA,NA,NA,0,NA,NA,NA,0,NA,NA,NA,0,NA,NA,NA,0,NA,NA,NA,0,NA,NA,NA,0,NA,NA,NA,0,NA,NA,NA,0,NA,NA,NA,0,NA,NA,NA,0,NA,NA,NA,0,NA,NA,NA,0,NA,NA,batting_and_bowling,not_price_verified,npl-2024,NPL 2024 Â· Season 1,chr,NA,NA,NA,NA,NA,NA,NA
6ad2d5f7,LN Rajbanshi,2024/25,Janakpur Bolts,Domestic,0,10,3,10,14,240,4,3,0,1.3333333333,1.3333333333,4,28.5714285714,13,92.8571428571,0,0,0,1,0,1,4,7.1428571429,10,10,0,0,0,NA,0,NA,0,0,4,11,36.3636363636,10,90.9090909091,1,0,0,3,0,3,100,0,0,17,1.7,14.1176470588,40,213,5.325,12.5294117647,135,56.25,8,0,3.3333333333,0,12,10,108,9.1666666667,120,97,6,4.85,20,65,78,66,7,5.0769230769,11.1428571429,51.2820512821,42,50,4,7.1428571429,10.5,40.4761904762,3,0,0,1,7,3,3,1,0,14,0,4,0,1,0,4,13,30.7692307692,15,5.09375,2,6.25,3,10,domestic_status_unknown,Domestic/foreign classification is not supplied.,10,0,14,0,11,3,244,240,22,78,40,17,192,163,48,50,3,0,https://www.cricnepal.com/heres-how-each-team-lines-up-after-the-npl-auction,documented auction/retention pool; contextual ID mapping,Janakpur Bolts,0,0,0,0,0,0,2,5,4,0,0,,Unknown,Lalit Rajbanshi,Unknown,,,auction,exact_auction_price,A,https://www.cricnepal.com/heres-how-each-team-lines-up-after-the-npl-auction,2024-10-07,https://www.cricnepal.com/heres-how-each-team-lines-up-after-the-npl-auction,NPR; reported clearing price. Base-price purchases use category price explicitly reported in auction result.,1500000,NA,NA,NA,NA,,true,375000,88235.2941176471,NA,NA,1500000,reported_exact_auction,375000,88235.2941176471,1.3333333333,0,2.3094010768,2,3,1.7320508076,1.7,1.5,1.0593499055,1.75,10,0.6231470032,5.325,4.75,2.5277625152,4.1875,10,0.474697186,NA,0,NA,NA,NA,0,NA,NA,NA,0,NA,NA,NA,0,NA,NA,97.619047619,21,NA,NA,97.0588235294,17,NA,NA,73.5294117647,17,NA,NA,91.1764705882,17,NA,NA,NA,0,NA,NA,88.0952380952,21,NA,NA,11.9047619048,21,NA,NA,NA,0,NA,NA,NA,0,NA,NA,92.8571428571,21,NA,NA,97.0588235294,17,NA,NA,67.6470588235,17,NA,NA,58.8235294118,17,NA,NA,NA,0,NA,NA,88.4615384615,13,NA,NA,NA,0,NA,NA,77.5,20,NA,NA,NA,0,NA,NA,82.1428571429,14,NA,NA,batting_and_bowling,contextual_manual_match,npl-2024,NPL 2024 Â· Season 1,jab,NA,NA,NA,NA,NA,NA,NA
75c8a26b,Lokesh Bam,2024/25,Biratnagar Kings,Domestic,0,7,7,1,96,6,131,7,0,18.7142857143,18.7142857143,71,136.4583333333,45,46.875,27,6,0,8,10,18,92,18.75,NA,NA,7,93,69,134.7826086957,36,52.1739130435,7,7,31,21,147.619047619,5,23.8095238095,1,2,7,6,116.6666666667,4,66.6666666667,0,1,1,1,6,1,8,8,8,3,50,0,0,0,0,0,1,6,16.6666666667,0,0,0,NA,NA,NA,0,0,0,NA,NA,NA,6,8,1,8,6,50,2,0,3,1,2,5,0,0,71,1,0,0,39,33,118.1818181818,92,63,146.0317460317,0,NA,1,8,7,1,domestic_status_unknown|opening_order_unknown,Domestic/foreign classification is not supplied. 7 innings have unknown exact opening order. Position mean/median left NA; times_opened retained.,7,0,96,69,21,6,6,6,1,0,0,3,0,0,6,8,0,7,https://www.cricnepal.com/heres-how-each-team-lines-up-after-the-npl-auction,documented auction/retention pool; contextual ID mapping,Biratnagar Kings,0,0,0,0,1,0,1,0,0,0,0,,Unknown,Lokesh Bam,Unknown,,,auction,exact_auction_price,A,https://www.cricnepal.com/heres-how-each-team-lines-up-after-the-npl-auction,2024-10-07,https://www.cricnepal.com/heres-how-each-team-lines-up-after-the-npl-auction,NPR; reported clearing price. Base-price purchases use category price explicitly reported in auction result.,1500000,NA,NA,NA,NA,,true,11450.3816793893,1500000,NA,NA,1500000,reported_exact_auction,11450.3816793893,1500000,18.7142857143,8,24.8978866956,19,7,1.3304214265,1,1,NA,0,1,NA,8,8,NA,0,1,NA,73.2142857143,28,NA,NA,80.5555555556,18,NA,NA,62.5,28,NA,NA,47.2222222222,18,NA,NA,NA,0,NA,NA,NA,0,NA,NA,NA,0,NA,NA,NA,0,NA,NA,19.6428571429,28,NA,NA,NA,0,NA,NA,NA,0,NA,NA,76.7857142857,28,NA,NA,91.6666666667,18,NA,NA,NA,0,NA,NA,NA,0,NA,NA,NA,0,NA,NA,NA,0,NA,NA,92.8571428571,7,NA,NA,NA,0,NA,NA,NA,0,NA,NA,NA,0,NA,NA,NA,0,NA,NA,NA,0,NA,NA,batting_and_bowling,contextual_manual_match,npl-2024,NPL 2024 Â· Season 1,bik,NA,NA,NA,NA,NA,NA,NA
6a71ba3a,M Levitt,2024/25,Kathmandu Gorkhas,Foreign,0,7,7,2,74,36,102,7,0,14.5714285714,14.5714285714,32,137.8378378378,41,55.4054054054,10,4,0,15,4,19,84,25.6756756757,NA,NA,7,99,70,141.4285714286,39,55.7142857143,15,4,3,4,75,2,50,0,0,0,0,NA,0,NA,0,0,1,0.5,36,6,45,7.5,45,7,19.4444444444,1,0,2.7777777778,0,1,2,16,8.3333333333,0,0,0,NA,NA,NA,24,24,1,6,24,25,12,21,0,10.5,NA,8.3333333333,4,0,0,0,4,3,0,0,64,1,0,0,33,24,137.5,69,50,138,1,7.5,0,NA,7,2,domestic_status_unknown|opening_order_unknown|team_alias_review,Domestic/foreign classification is not supplied. 7 innings have unknown exact opening order. Position mean/median left NA; times_opened retained. Kathmandu Gurkhas/Gorkhas uses proposed canonical label Kathmandu Gorkhas; raw label retained.,7,0,74,70,4,0,37,36,3,0,6,1,36,45,0,0,0,7,https://wicketnepal.com/2024/11/nepal-premier-league-npl-2024-complete-squad-and-team-information/,documented season roster; contextual ID mapping,Kathmandu Gurkhas,0,0,0,0,0,0,1,0,1,0,0,,Unknown,M Levitt,Unknown,,,not_found,not_found,,,,,,NA,NA,NA,NA,NA,,false,NA,NA,NA,NA,NA,unavailable,NA,NA,14.5714285714,10,11.801936887,17,7,0.8099368452,0.5,0.5,0.7071067812,0.5,2,1.4142135624,7.5,7.5,4.4783429475,3.1666666667,2,0.597112393,NA,0,NA,NA,NA,0,NA,NA,NA,0,NA,NA,NA,0,NA,NA,NA,0,NA,NA,NA,0,NA,NA,NA,0,NA,NA,NA,0,NA,NA,NA,0,NA,NA,NA,0,NA,NA,NA,0,NA,NA,NA,0,NA,NA,NA,0,NA,NA,NA,0,NA,NA,NA,0,NA,NA,NA,0,NA,NA,NA,0,NA,NA,NA,0,NA,NA,NA,0,NA,NA,NA,0,NA,NA,NA,0,NA,NA,NA,0,NA,NA,NA,0,NA,NA,batting_and_bowling,not_price_verified,npl-2024,NPL 2024 Â· Season 1,kag,NA,NA,NA,NA,NA,NA,NA
28131839,MA Leask,2024/25,Pokhara Avengers,Foreign,0,7,6,7,35,132,44,6,0,7.3333333333,7.3333333333,25,125.7142857143,18,51.4285714286,9,2,1,1,4,5,28,14.2857142857,7.1666666667,7,0,0,2,0,2,100,0,0,3,4,75,2,50,0,0,41,29,141.3793103448,14,48.275862069,1,4,3,0.4285714286,44,22,156,7.0909090909,52,49,37.1212121212,2,0,1.5151515152,0,11,6,80,12.8787878788,12,12,0,6,NA,66.6666666667,102,122,3,7.1764705882,34,35.2941176471,18,22,0,7.3333333333,NA,27.7777777778,1,0,1,0,2,5,0,0,11,0,0,0,28,17,164.7058823529,16,18,88.8888888889,1,6.9285714286,2,7.375,6,7,domestic_status_unknown,Domestic/foreign classification is not supplied.,7,0,35,2,4,29,133,132,17,8,36,5,84,97,48,59,6,0,https://wicketnepal.com/2024/11/nepal-premier-league-npl-2024-complete-squad-and-team-information/,documented season roster; contextual ID mapping,Pokhara Avengers,0,0,0,0,0,0,1,1,1,0,0,,Unknown,MA Leask,Unknown,,,not_found,not_found,,,,,,NA,NA,NA,NA,NA,,false,NA,NA,NA,NA,NA,unavailable,NA,NA,7.3333333333,3.5,9.5219045714,8.25,6,1.2984415325,0.4285714286,0,0.5345224838,1,7,1.2472191289,8.3333333333,8.25,4.234448672,2.9166666667,7,0.5081338406,NA,0,NA,NA,NA,0,NA,NA,NA,0,NA,NA,NA,0,NA,NA,NA,0,NA,NA,NA,0,NA,NA,NA,0,NA,NA,NA,0,NA,NA,NA,0,NA,NA,NA,0,NA,NA,NA,0,NA,NA,NA,0,NA,NA,NA,0,NA,NA,NA,0,NA,NA,NA,0,NA,NA,NA,0,NA,NA,NA,0,NA,NA,NA,0,NA,NA,NA,0,NA,NA,NA,0,NA,NA,NA,0,NA,NA,NA,0,NA,NA,NA,0,NA,NA,batting_and_bowling,not_price_verified,npl-2024,NPL 2024 Â· Season 1,poa,NA,NA,NA,NA,NA,NA,NA
95a5e066,MG Erasmus,2024/25,Kathmandu Gorkhas,Foreign,0,7,7,7,80,151,110,6,1,18.3333333333,15.7142857143,38,137.5,36,45,25,1,1,11,6,17,80,21.25,4.1428571429,4,0,17,16,106.25,11,68.75,4,0,82,57,143.8596491228,21,36.8421052632,6,5,11,7,157.1428571429,4,57.1428571429,1,1,11,1.5714285714,13.7272727273,25.1,131,5.2052980132,11.9090909091,79,52.3178807947,23,0,15.2317880795,0,9,2,48,7.2847682119,48,47,3,5.875,16,56.25,90,71,6,4.7333333333,15,48.8888888889,13,13,2,6,6.5,61.5384615385,1,0,1,0,4,3,0,0,76,8,0,0,25,30,83.3333333333,85,50,170,7,4.9285714286,4,5.552238806,7,7,domestic_status_unknown|team_alias_review,Domestic/foreign classification is not supplied. Kathmandu Gurkhas/Gorkhas uses proposed canonical label Kathmandu Gorkhas; raw label retained.,7,0,80,16,57,7,162,151,11,27,44,8,84,69,67,62,7,0,https://wicketnepal.com/2024/11/nepal-premier-league-npl-2024-complete-squad-and-team-information/,documented season roster; contextual ID mapping,Kathmandu Gurkhas,0,0,0,0,0,0,0,0,11,0,0,,Unknown,MG Erasmus,Unknown,,,not_found,not_found,,,,,,NA,NA,NA,NA,NA,,false,NA,NA,NA,NA,NA,unavailable,NA,NA,15.7142857143,12,12.9191625853,15.5,7,0.8221285282,1.5714285714,1,0.7867957925,1,7,0.5006882316,5.2067669173,4.75,1.3989862914,1.7236842105,7,0.2686861758,NA,0,NA,NA,NA,0,NA,NA,NA,0,NA,NA,NA,0,NA,NA,NA,0,NA,NA,NA,0,NA,NA,NA,0,NA,NA,NA,0,NA,NA,NA,0,NA,NA,NA,0,NA,NA,NA,0,NA,NA,NA,0,NA,NA,NA,0,NA,NA,NA,0,NA,NA,NA,0,NA,NA,NA,0,NA,NA,NA,0,NA,NA,NA,0,NA,NA,NA,0,NA,NA,NA,0,NA,NA,NA,0,NA,NA,NA,0,NA,NA,NA,0,NA,NA,batting_and_bowling,not_price_verified,npl-2024,NPL 2024 Â· Season 1,kag,NA,NA,NA,NA,NA,NA,NA
2be41edb,MJ Guptill,2024/25,Biratnagar Kings,Foreign,0,6,6,0,114,0,137,6,0,22.8333333333,22.8333333333,55,120.1754385965,52,45.6140350877,37,5,0,15,5,20,90,17.5438596491,NA,NA,5,64,64,100,35,54.6875,9,1,73,50,146,17,34,6,4,0,0,NA,0,NA,0,0,0,NA,NA,0,0,NA,NA,0,NA,0,0,NA,NA,0,0,0,NA,0,0,0,NA,NA,NA,0,0,0,NA,NA,NA,0,0,0,NA,NA,NA,2,0,0,0,2,4,0,0,73,0,0,0,105,92,114.1304347826,32,22,145.4545454545,0,NA,0,NA,6,0,domestic_status_unknown|opening_order_unknown,Domestic/foreign classification is not supplied. 5 innings have unknown exact opening order. Position mean/median left NA; times_opened retained.,6,0,114,64,50,0,0,0,0,0,0,0,0,0,0,0,1,5,https://wicketnepal.com/2024/11/nepal-premier-league-npl-2024-complete-squad-and-team-information/,documented season roster; contextual ID mapping,Biratnagar Kings,0,0,0,0,1,0,1,0,0,0,0,,Unknown,MJ Guptill,Unknown,,,not_found,not_found,,,,,,NA,NA,NA,NA,NA,,false,NA,NA,NA,NA,NA,unavailable,NA,NA,22.8333333333,16.5,23.4385721977,36.5,6,1.0265068116,NA,NA,NA,NA,NA,NA,NA,NA,NA,NA,NA,NA,NA,0,NA,NA,NA,0,NA,NA,NA,0,NA,NA,NA,0,NA,NA,NA,0,NA,NA,NA,0,NA,NA,NA,0,NA,NA,NA,0,NA,NA,NA,0,NA,NA,NA,0,NA,NA,NA,0,NA,NA,NA,0,NA,NA,NA,0,NA,NA,NA,0,NA,NA,NA,0,NA,NA,NA,0,NA,NA,NA,0,NA,NA,NA,0,NA,NA,NA,0,NA,NA,NA,0,NA,NA,NA,0,NA,NA,NA,0,NA,NA,NA,0,NA,NA,batting_only,not_price_verified,npl-2024,NPL 2024 Â· Season 1,bik,NA,NA,NA,NA,NA,NA,NA
c5cc48bc,MJJ Critchley,2024/25,Pokhara Avengers,Foreign,0,4,3,4,55,54,52,3,0,17.3333333333,17.3333333333,35,94.5454545455,27,49.0909090909,19,2,1,5,1,6,26,10.9090909091,6,5,0,9,6,150,3,50,2,0,38,44,86.3636363636,22,50,3,1,5,5,100,2,40,0,0,1,0.25,54,9,96,10.6666666667,96,18,33.3333333333,5,0,9.2592592593,0,4,7,58,20.3703703704,0,0,0,NA,NA,NA,48,76,1,9.5,48,33.3333333333,6,20,0,20,NA,33.3333333333,1,0,0,0,1,3,0,0,0,1,0,0,35,39,89.7435897436,17,16,106.25,1,9.8,0,11.75,3,4,domestic_status_unknown,Domestic/foreign classification is not supplied.,4,0,55,6,44,5,55,54,11,0,16,2,30,49,24,47,3,0,https://wicketnepal.com/2024/11/nepal-premier-league-npl-2024-complete-squad-and-team-information/,documented season roster; contextual ID mapping,Pokhara Avengers,0,0,0,0,0,0,1,0,1,0,0,,Unknown,MJJ Critchley,Unknown,,,not_found,not_found,,,,,,NA,NA,NA,NA,NA,,false,NA,NA,NA,NA,NA,unavailable,NA,NA,17.3333333333,17,17.5023807904,17.5,3,1.0097527379,0.25,0,0.5,0.25,4,2,10.7916666667,10,1.8123802642,0.9583333333,4,0.1679425727,NA,0,NA,NA,NA,0,NA,NA,NA,0,NA,NA,NA,0,NA,NA,NA,0,NA,NA,NA,0,NA,NA,NA,0,NA,NA,NA,0,NA,NA,NA,0,NA,NA,NA,0,NA,NA,NA,0,NA,NA,NA,0,NA,NA,NA,0,NA,NA,NA,0,NA,NA,NA,0,NA,NA,NA,0,NA,NA,NA,0,NA,NA,NA,0,NA,NA,NA,0,NA,NA,NA,0,NA,NA,NA,0,NA,NA,NA,0,NA,NA,NA,0,NA,NA,batting_and_bowling,not_price_verified,npl-2024,NPL 2024 Â· Season 1,poa,NA,NA,NA,NA,NA,NA,NA
c6355538,Mayan Yadav,2024/25,Janakpur Bolts,Domestic,0,2,2,0,21,0,16,1,1,16,8,14,76.1904761905,7,33.3333333333,12,2,0,0,0,0,0,0,7,7,0,0,0,NA,0,NA,0,0,5,8,62.5,3,37.5,0,0,11,13,84.6153846154,4,30.7692307692,0,0,0,NA,NA,0,0,NA,NA,0,NA,0,0,NA,NA,0,0,0,NA,0,0,0,NA,NA,NA,0,0,0,NA,NA,NA,0,0,0,NA,NA,NA,0,0,1,0,2,0,2,1,16,0,16,0,0,0,NA,16,21,76.1904761905,0,NA,0,NA,2,0,domestic_status_unknown,Domestic/foreign classification is not supplied.,2,0,21,0,8,13,0,0,0,0,0,0,0,0,0,0,2,0,https://www.onlinekhabar.com/wp-content/uploads/2025/08/SBL-NPL-Auction-Pool-2025-Final-Sheet1.pdf,documented auction/retention pool; contextual ID mapping,Janakpur Bolts,0,0,0,0,0,0,0,0,0,0,0,,Unknown,Mayan Yadav,Batter,https://www.onlinekhabar.com/wp-content/uploads/2025/08/SBL-NPL-Auction-Pool-2025-Final-Sheet1.pdf,2025 auction pool,not_found,not_found,,,,https://www.onlinekhabar.com/wp-content/uploads/2025/08/SBL-NPL-Auction-Pool-2025-Final-Sheet1.pdf,,NA,NA,NA,NA,NA,,false,NA,NA,NA,NA,NA,unavailable,NA,NA,8,8,8.4852813742,6,2,1.0606601718,NA,NA,NA,NA,NA,NA,NA,NA,NA,NA,NA,NA,NA,0,NA,NA,NA,0,NA,NA,NA,0,NA,NA,NA,0,NA,NA,NA,0,NA,NA,NA,0,NA,NA,NA,0,NA,NA,NA,0,NA,NA,NA,0,NA,NA,NA,0,NA,NA,NA,0,NA,NA,NA,0,NA,NA,NA,0,NA,NA,NA,0,NA,NA,NA,0,NA,NA,NA,0,NA,NA,NA,0,NA,NA,NA,0,NA,NA,NA,0,NA,NA,NA,0,NA,NA,NA,0,NA,NA,NA,0,NA,NA,NA,0,NA,NA,batting_only,not_price_verified,npl-2024,NPL 2024 Â· Season 1,jab,NA,NA,NA,NA,NA,NA,NA
79f8472d,Mohammad Mohsin,2024/25,Janakpur Bolts,Foreign,0,9,6,9,40,207,42,5,1,8.4,7,13,105,17,43.5897435897,16,0,0,5,1,6,26,15,6.5,7,0,0,0,NA,0,NA,0,0,26,27,96.2962962963,11,42.3076923077,2,1,16,13,123.0769230769,6,46.1538461538,3,0,12,1.3333333333,17.25,34.3,200,5.7971014493,16.6666666667,102,49.2753623188,1,0,0.4830917874,0,16,6,100,10.6280193237,12,6,1,3,12,66.6666666667,168,173,7,6.1785714286,24,45.8333333333,27,21,4,4.6666666667,6.75,62.962962963,3,0,1,0,7,2,3,1,26,11,13,5,6,11,54.5454545455,36,29,124.1379310345,12,5.5185185185,0,6.8,6,9,domestic_status_unknown,Domestic/foreign classification is not supplied.,9,0,39,0,26,13,208,207,22,8,77,17,162,149,45,51,6,0,https://wicketnepal.com/2024/11/nepal-premier-league-npl-2024-complete-squad-and-team-information/,documented season roster; contextual ID mapping,Janakpur Bolts,0,0,0,1,0,0,0,2,1,0,0,,Unknown,Mohammad Mohsin,Unknown,,,not_found,not_found,,,,,,NA,NA,NA,NA,NA,,false,NA,NA,NA,NA,NA,unavailable,NA,NA,7,6,5.366563146,9,6,0.766651878,1.3333333333,1,1,1,9,0.75,5.9087301587,5,2.5370413474,3.75,9,0.4293716719,NA,0,NA,NA,NA,0,NA,NA,NA,0,NA,NA,NA,0,NA,NA,NA,0,NA,NA,NA,0,NA,NA,NA,0,NA,NA,NA,0,NA,NA,NA,0,NA,NA,NA,0,NA,NA,NA,0,NA,NA,NA,0,NA,NA,NA,0,NA,NA,NA,0,NA,NA,NA,0,NA,NA,NA,0,NA,NA,NA,0,NA,NA,NA,0,NA,NA,NA,0,NA,NA,NA,0,NA,NA,NA,0,NA,NA,NA,0,NA,NA,NA,0,NA,NA,batting_and_bowling,not_price_verified,npl-2024,NPL 2024 Â· Season 1,jab,NA,NA,NA,NA,NA,NA,NA
f67dd650,N Bhatta,2024/25,Biratnagar Kings,Domestic,0,2,2,0,27,0,11,2,0,5.5,5.5,7,40.7407407407,17,62.962962963,9,1,0,0,0,0,0,0,3.5,3.5,0,3,13,23.0769230769,10,76.9230769231,0,0,8,14,57.1428571429,7,50,0,0,0,0,NA,0,NA,0,0,0,NA,NA,0,0,NA,NA,0,NA,0,0,NA,NA,0,0,0,NA,0,0,0,NA,NA,NA,0,0,0,NA,NA,NA,0,0,0,NA,NA,NA,0,0,0,0,0,2,0,0,0,0,0,0,4,11,36.3636363636,7,16,43.75,0,NA,0,NA,2,0,domestic_status_unknown,Domestic/foreign classification is not supplied.,2,0,27,13,14,0,0,0,0,0,0,0,0,0,0,0,2,0,https://www.cricnepal.com/heres-how-each-team-lines-up-after-the-npl-auction,documented auction/retention pool; contextual ID mapping,Biratnagar Kings,0,0,0,0,0,0,0,0,0,0,0,,Unknown,Naren Bhat,Unknown,,,auction,exact_auction_price,C,https://www.cricnepal.com/heres-how-each-team-lines-up-after-the-npl-auction,2024-10-07,https://www.cricnepal.com/heres-how-each-team-lines-up-after-the-npl-auction,NPR; reported clearing price. Base-price purchases use category price explicitly reported in auction result.,200000,NA,NA,NA,NA,,true,18181.8181818182,NA,NA,NA,200000,reported_exact_auction,18181.8181818182,NA,5.5,5.5,2.1213203436,1.5,2,0.3856946079,NA,NA,NA,NA,NA,NA,NA,NA,NA,NA,NA,NA,NA,0,NA,NA,NA,0,NA,NA,NA,0,NA,NA,NA,0,NA,NA,NA,0,NA,NA,NA,0,NA,NA,NA,0,NA,NA,NA,0,NA,NA,NA,0,NA,NA,NA,0,NA,NA,NA,0,NA,NA,NA,0,NA,NA,NA,0,NA,NA,NA,0,NA,NA,NA,0,NA,NA,NA,0,NA,NA,NA,0,NA,NA,NA,0,NA,NA,NA,0,NA,NA,NA,0,NA,NA,NA,0,NA,NA,NA,0,NA,NA,NA,0,NA,NA,batting_only,contextual_manual_match,npl-2024,NPL 2024 Â· Season 1,bik,NA,NA,NA,NA,NA,NA,NA
58c71b70,N Joshi,2024/25,Pokhara Avengers,Domestic,0,6,5,2,33,12,38,3,2,12.6666666667,7.6,30,115.1515151515,17,51.5151515152,8,3,0,3,2,5,24,15.1515151515,8.2,8,0,0,0,NA,0,NA,0,0,31,26,119.2307692308,15,57.6923076923,3,2,7,7,100,2,28.5714285714,0,0,0,0,NA,2,31,15.5,NA,3,25,3,0,25,0,4,1,22,41.6666666667,6,21,0,21,NA,16.6666666667,6,10,0,10,NA,33.3333333333,0,0,0,NA,NA,NA,0,0,0,0,2,4,0,0,2,0,0,0,6,6,100,32,27,118.5185185185,0,10,0,21,5,2,domestic_status_unknown,Domestic/foreign classification is not supplied.,6,0,33,0,26,7,15,12,5,1,2,0,6,10,6,21,5,0,https://www.cricnepal.com/heres-how-each-team-lines-up-after-the-npl-auction,documented auction/retention pool; contextual ID mapping,Pokhara Avengers,0,0,0,0,0,0,1,0,3,0,0,,Unknown,Narayan Joshi,All-rounder,https://www.onlinekhabar.com/wp-content/uploads/2025/08/SBL-NPL-Auction-Pool-2025-Final-Sheet1.pdf,2025 auction pool,auction,exact_auction_price,B,https://www.cricnepal.com/heres-how-each-team-lines-up-after-the-npl-auction,2024-10-07,https://www.cricnepal.com/heres-how-each-team-lines-up-after-the-npl-auction,NPR; reported clearing price. Base-price purchases use category price explicitly reported in auction result.,1000000,NA,NA,NA,NA,,true,26315.7894736842,NA,NA,NA,1000000,reported_exact_auction,26315.7894736842,NA,7.6,2,12.6609636284,4,5,1.6659162669,0,0,0,0,2,NA,15.5,15.5,7.7781745931,5.5,2,0.5018177157,NA,0,NA,NA,NA,0,NA,NA,NA,0,NA,NA,NA,0,NA,NA,NA,0,NA,NA,NA,0,NA,NA,NA,0,NA,NA,NA,0,NA,NA,NA,0,NA,NA,NA,0,NA,NA,NA,0,NA,NA,NA,0,NA,NA,NA,0,NA,NA,NA,0,NA,NA,NA,0,NA,NA,NA,0,NA,NA,NA,0,NA,NA,NA,0,NA,NA,NA,0,NA,NA,NA,0,NA,NA,NA,0,NA,NA,NA,0,NA,NA,NA,0,NA,NA,batting_and_bowling,contextual_manual_match,npl-2024,NPL 2024 Â· Season 1,poa,NA,NA,NA,NA,NA,NA,NA
010df582,N Saud,2024/25,Sudur Paschim Royals,Domestic,0,8,3,7,13,85,14,2,1,7,4.6666666667,10,107.6923076923,5,38.4615384615,6,1,0,0,1,1,6,7.6923076923,10,10,0,0,0,NA,0,NA,0,0,0,0,NA,0,NA,0,0,14,13,107.6923076923,5,38.4615384615,0,1,6,0.8571428571,14.1666666667,14.1,97,6.8470588235,16.1666666667,39,45.8823529412,4,0,4.7058823529,0,6,5,54,12.9411764706,18,19,0,6.3333333333,NA,55.5555555556,60,73,4,7.3,15,43.3333333333,7,5,2,4.2857142857,3.5,42.8571428571,2,0,1,1,6,2,2,1,3,6,1,0,4,5,80,10,8,125,0,10.5,6,6.2465753425,3,7,domestic_status_unknown,Domestic/foreign classification is not supplied.,8,0,13,0,0,13,88,85,11,10,26,3,12,21,73,76,3,0,https://www.cricnepal.com/heres-how-each-team-lines-up-after-the-npl-auction,documented auction/retention pool; contextual ID mapping,Sudur Paschim Royals,0,0,0,0,0,0,0,0,3,0,0,,Unknown,Naren Saud,Unknown,,,auction,exact_auction_price,C,https://www.cricnepal.com/heres-how-each-team-lines-up-after-the-npl-auction,2024-10-07,https://www.cricnepal.com/heres-how-each-team-lines-up-after-the-npl-auction,NPR; reported clearing price. Base-price purchases use category price explicitly reported in auction result.,200000,NA,NA,NA,NA,,true,14285.7142857143,33333.3333333333,NA,NA,200000,reported_exact_auction,14285.7142857143,33333.3333333333,4.6666666667,3,4.7258156263,4.5,3,1.0126747771,0.8571428571,0,1.8644544715,0.5,7,2.1751968834,7.6842650104,9,3.0922078249,4.0217391304,7,0.4024077541,NA,0,NA,NA,NA,0,NA,NA,NA,0,NA,NA,NA,0,NA,NA,35.7142857143,21,NA,NA,50,17,NA,NA,61.7647058824,17,NA,NA,73.5294117647,17,NA,NA,NA,0,NA,NA,2.380952381,21,NA,NA,26.1904761905,21,NA,NA,NA,0,NA,NA,NA,0,NA,NA,30.9523809524,21,NA,NA,67.6470588235,17,NA,NA,50,17,NA,NA,58.8235294118,17,NA,NA,NA,0,NA,NA,NA,0,NA,NA,NA,0,NA,NA,22.5,20,NA,NA,NA,0,NA,NA,NA,0,NA,NA,batting_and_bowling,contextual_manual_match,npl-2024,NPL 2024 Â· Season 1,spr,NA,NA,NA,NA,NA,NA,NA
ee0c05c0,NA Sowter,2024/25,Kathmandu Gorkhas,Foreign,0,3,1,3,1,54,1,0,1,NA,1,1,100,0,0,1,0,0,0,0,0,0,0,10,10,0,0,0,NA,0,NA,0,0,0,0,NA,0,NA,0,0,1,1,100,0,0,0,0,1,0.3333333333,54,9,86,9.5555555556,86,16,29.6296296296,2,0,3.7037037037,0,2,8,56,18.5185185185,6,11,0,11,NA,50,42,59,1,8.4285714286,42,30.9523809524,6,16,0,16,NA,0,0,0,0,0,2,1,0,0,0,1,0,0,0,0,NA,1,1,100,1,9.5555555556,0,NA,1,3,domestic_status_unknown|team_alias_review,Domestic/foreign classification is not supplied. Kathmandu Gurkhas/Gorkhas uses proposed canonical label Kathmandu Gorkhas; raw label retained.,3,0,1,0,0,1,56,54,10,3,13,0,54,86,0,0,1,0,https://wicketnepal.com/2024/11/nepal-premier-league-npl-2024-complete-squad-and-team-information/,documented season roster; contextual ID mapping,Kathmandu Gurkhas,0,0,0,1,0,0,0,0,2,0,0,,Unknown,NA Sowter,Unknown,,,not_found,not_found,,,,,,NA,NA,NA,NA,NA,,false,NA,NA,NA,NA,NA,unavailable,NA,NA,1,1,NA,0,1,NA,0.3333333333,0,0.5773502692,0.5,3,1.7320508076,9.7777777778,10,1.6777409856,1.6666666667,3,0.1715871463,NA,0,NA,NA,NA,0,NA,NA,NA,0,NA,NA,NA,0,NA,NA,NA,0,NA,NA,NA,0,NA,NA,NA,0,NA,NA,NA,0,NA,NA,NA,0,NA,NA,NA,0,NA,NA,NA,0,NA,NA,NA,0,NA,NA,NA,0,NA,NA,NA,0,NA,NA,NA,0,NA,NA,NA,0,NA,NA,NA,0,NA,NA,NA,0,NA,NA,NA,0,NA,NA,NA,0,NA,NA,NA,0,NA,NA,NA,0,NA,NA,NA,0,NA,NA,batting_and_bowling,not_price_verified,npl-2024,NPL 2024 Â· Season 1,kag,NA,NA,NA,NA,NA,NA,NA
9d280648,NB Budayair,2024/25,Sudur Paschim Royals,Domestic,0,9,4,0,22,0,28,2,2,14,7,9,127.2727272727,8,36.3636363636,8,3,0,2,1,3,14,13.6363636364,8.75,9,0,0,0,NA,0,NA,0,0,5,9,55.5555555556,4,44.4444444444,0,0,23,13,176.9230769231,4,30.7692307692,2,1,0,NA,NA,0,0,NA,NA,0,NA,0,0,NA,NA,0,0,0,NA,0,0,0,NA,NA,NA,0,0,0,NA,NA,NA,0,0,0,NA,NA,NA,9,0,0,0,7,2,2,1,15,0,8,0,23,12,191.6666666667,5,10,50,0,NA,0,NA,4,0,domestic_status_unknown,Domestic/foreign classification is not supplied.,9,0,22,0,9,13,0,0,0,0,0,0,0,0,0,0,4,0,https://www.cricnepal.com/heres-how-each-team-lines-up-after-the-npl-auction,documented auction/retention pool; contextual ID mapping,Sudur Paschim Royals,0,0,0,1,0,0,0,0,0,0,0,,Unknown,Naresh Budhayer,Unknown,,,auction,exact_auction_price,B,https://www.cricnepal.com/heres-how-each-team-lines-up-after-the-npl-auction,2024-10-07,https://www.cricnepal.com/heres-how-each-team-lines-up-after-the-npl-auction,NPR; reported clearing price. Base-price purchases use category price explicitly reported in auction result.,500000,NA,NA,NA,NA,,true,17857.1428571429,NA,NA,NA,500000,reported_exact_auction,17857.1428571429,NA,7,7,1.8257418584,2.5,4,0.2608202655,NA,NA,NA,NA,NA,NA,NA,NA,NA,NA,NA,NA,26.7857142857,28,NA,NA,NA,0,NA,NA,44.6428571429,28,NA,NA,NA,0,NA,NA,NA,0,NA,NA,NA,0,NA,NA,NA,0,NA,NA,NA,0,NA,NA,98.2142857143,28,NA,NA,NA,0,NA,NA,NA,0,NA,NA,30.3571428571,28,NA,NA,NA,0,NA,NA,NA,0,NA,NA,NA,0,NA,NA,NA,0,NA,NA,NA,0,NA,NA,NA,0,NA,NA,NA,0,NA,NA,NA,0,NA,NA,NA,0,NA,NA,NA,0,NA,NA,NA,0,NA,NA,batting_only,contextual_manual_match,npl-2024,NPL 2024 Â· Season 1,spr,NA,NA,NA,NA,NA,NA,NA
737e595d,NK Yadav,2024/25,Karnali Yaks,Domestic,0,9,5,8,16,141,4,3,2,1.3333333333,0.8,4,25,12,75,4,0,0,0,0,0,0,0,9.2,9,0,0,0,NA,0,NA,0,0,0,0,NA,0,NA,0,0,4,16,25,12,75,0,0,9,1.125,15.6666666667,23.3,177,7.5319148936,19.6666666667,57,40.4255319149,7,0,4.9645390071,0,17,4,92,14.8936170213,48,55,3,6.875,16,52.0833333333,30,31,1,6.2,30,50,63,91,5,8.6666666667,12.6,26.9841269841,3,0,4,0,5,4,2,0,0,7,4,2,4,16,25,0,0,NA,1,5.5,8,7.7209302326,5,8,domestic_status_unknown,Domestic/foreign classification is not supplied.,9,0,16,0,0,16,148,141,21,25,15,17,12,11,129,166,5,0,https://www.cricnepal.com/heres-how-each-team-lines-up-after-the-npl-auction,documented auction/retention pool; contextual ID mapping,Karnali Yaks,0,0,0,1,0,0,3,1,7,0,0,,Unknown,Nandan Yadav,Unknown,,,auction,exact_auction_price,A,https://www.cricnepal.com/heres-how-each-team-lines-up-after-the-npl-auction,2024-10-07,https://www.cricnepal.com/heres-how-each-team-lines-up-after-the-npl-auction,NPR; reported clearing price. Base-price purchases use category price explicitly reported in auction result.,1100000,NA,NA,NA,NA,,true,275000,122222.2222222222,NA,NA,1100000,reported_exact_auction,275000,122222.2222222222,0.8,0,1.788854382,0,5,2.2360679775,1.125,1,0.991031209,0.5,8,0.8809166302,8.3720238095,7.875,3.5375876871,2.9404761905,8,0.4225486893,1.7857142857,28,NA,NA,NA,0,NA,NA,1.7857142857,28,NA,NA,NA,0,NA,NA,69.0476190476,21,NA,NA,32.3529411765,17,NA,NA,55.8823529412,17,NA,NA,44.1176470588,17,NA,NA,1.7857142857,28,NA,NA,64.2857142857,21,NA,NA,16.6666666667,21,NA,NA,1.7857142857,28,NA,NA,NA,0,NA,NA,61.9047619048,21,NA,NA,32.3529411765,17,NA,NA,38.2352941176,17,NA,NA,58.8235294118,17,NA,NA,NA,0,NA,NA,50,13,NA,NA,NA,0,NA,NA,52.5,20,NA,NA,NA,0,NA,NA,60.7142857143,14,NA,NA,batting_and_bowling,contextual_manual_match,npl-2024,NPL 2024 Â· Season 1,ky,NA,NA,NA,NA,NA,NA,NA
6b75c2b1,NR Kirton,2024/25,Biratnagar Kings,Foreign,0,7,7,3,103,21,93,7,0,13.2857142857,13.2857142857,40,90.2912621359,53,51.9607843137,33,6,0,9,2,11,48,10.6796116505,4.2857142857,5,0,25,35,71.4285714286,22,64.7058823529,4,0,53,59,89.8305084746,28,47.4576271186,4,1,15,9,166.6666666667,3,33.3333333333,1,1,0,0,NA,3.3,29,8.2857142857,NA,3,14.2857142857,0,0,0,0,2,1,14,14.2857142857,0,0,0,NA,NA,NA,12,10,0,5,NA,16.6666666667,9,19,0,12.6666666667,NA,11.1111111111,2,0,2,0,2,5,0,0,8,0,0,0,48,54,88.8888888889,45,49,91.8367346939,0,NA,0,8.2857142857,7,3,domestic_status_unknown,Domestic/foreign classification is not supplied.,7,0,102,34,59,9,21,21,3,0,2,1,0,0,21,29,7,0,https://wicketnepal.com/2024/11/nepal-premier-league-npl-2024-complete-squad-and-team-information/,documented season roster; contextual ID mapping,Biratnagar Kings,0,0,0,0,0,0,1,0,0,0,0,,Unknown,NR Kirton,Unknown,,,not_found,not_found,,,,,,NA,NA,NA,NA,NA,,false,NA,NA,NA,NA,NA,unavailable,NA,NA,13.2857142857,9,13.1619943488,9,7,0.9906877467,0,0,0,0,3,NA,8.8333333333,8.5,3.0138568867,3,3,0.3411913457,NA,0,NA,NA,NA,0,NA,NA,NA,0,NA,NA,NA,0,NA,NA,NA,0,NA,NA,NA,0,NA,NA,NA,0,NA,NA,NA,0,NA,NA,NA,0,NA,NA,NA,0,NA,NA,NA,0,NA,NA,NA,0,NA,NA,NA,0,NA,NA,NA,0,NA,NA,NA,0,NA,NA,NA,0,NA,NA,NA,0,NA,NA,NA,0,NA,NA,NA,0,NA,NA,NA,0,NA,NA,NA,0,NA,NA,NA,0,NA,NA,NA,0,NA,NA,batting_and_bowling,not_price_verified,npl-2024,NPL 2024 Â· Season 1,bik,NA,NA,NA,NA,NA,NA,NA
a4740010,Nar Sarki,2024/25,Chitwan Rhinos,Unknown,0,2,1,1,12,12,22,0,1,NA,22,22,183.3333333333,2,16.6666666667,4,4,0,1,1,2,10,16.6666666667,10,10,0,0,0,NA,0,NA,0,0,0,0,NA,0,NA,0,0,22,12,183.3333333333,2,16.6666666667,1,1,0,0,NA,2,18,9,NA,2,16.6666666667,0,0,0,0,1,1,10,16.6666666667,0,0,0,NA,NA,NA,12,18,0,9,NA,16.6666666667,0,0,0,NA,NA,NA,1,0,0,0,1,1,0,0,0,0,0,0,0,0,NA,22,12,183.3333333333,0,9,0,NA,1,1,domestic_status_unknown|substitute_only_appearances,Domestic/foreign classification is not supplied. 1 observed matches were not in source squad lists; included in matches_played.,1,1,12,0,0,12,12,12,2,0,2,0,12,18,0,0,1,0,,Unknown,Chitwan Rhinos,0,0,1,1,0,0,0,0,0,0,0,,Unknown,Nar Sarki,Unknown,,,not_found,not_found,,,,,,NA,NA,NA,NA,NA,,false,NA,NA,NA,NA,NA,unavailable,NA,NA,22,22,NA,0,1,NA,0,0,NA,0,1,NA,9,9,NA,0,1,NA,NA,0,NA,NA,NA,0,NA,NA,NA,0,NA,NA,NA,0,NA,NA,NA,0,NA,NA,NA,0,NA,NA,NA,0,NA,NA,NA,0,NA,NA,NA,0,NA,NA,NA,0,NA,NA,NA,0,NA,NA,NA,0,NA,NA,NA,0,NA,NA,NA,0,NA,NA,NA,0,NA,NA,NA,0,NA,NA,NA,0,NA,NA,NA,0,NA,NA,NA,0,NA,NA,NA,0,NA,NA,NA,0,NA,NA,NA,0,NA,NA,NA,0,NA,NA,batting_and_bowling,not_price_verified,npl-2024,NPL 2024 Â· Season 1,chr,NA,NA,NA,NA,NA,NA,NA
534c4b03,P Shrestha,2024/25,Kathmandu Gorkhas,Domestic,0,5,4,0,65,0,73,4,0,18.25,18.25,39,112.3076923077,32,49.2307692308,19,6,0,3,5,8,42,12.3076923077,7.5,8,0,6,7,85.7142857143,4,57.1428571429,1,0,47,44,106.8181818182,22,50,2,3,20,14,142.8571428571,6,42.8571428571,0,2,0,NA,NA,0,0,NA,NA,0,NA,0,0,NA,NA,0,0,0,NA,0,0,0,NA,NA,NA,0,0,0,NA,NA,NA,0,0,0,NA,NA,NA,0,0,1,0,3,2,0,0,59,0,0,0,26,25,104,47,40,117.5,0,NA,0,NA,4,0,domestic_status_unknown|team_alias_review,Domestic/foreign classification is not supplied. Kathmandu Gurkhas/Gorkhas uses proposed canonical label Kathmandu Gorkhas; raw label retained.,5,0,65,7,44,14,0,0,0,0,0,0,0,0,0,0,4,0,https://www.cricnepal.com/heres-how-each-team-lines-up-after-the-npl-auction,documented auction/retention pool; contextual ID mapping,Kathmandu Gurkhas,0,0,0,0,0,0,0,0,0,0,0,,Unknown,Pratik Shrestha,Unknown,,,auction,exact_auction_price,C,https://www.cricnepal.com/heres-how-each-team-lines-up-after-the-npl-auction,2024-10-07,https://www.cricnepal.com/heres-how-each-team-lines-up-after-the-npl-auction,NPR; reported clearing price. Base-price purchases use category price explicitly reported in auction result.,200000,NA,NA,NA,NA,,true,2739.7260273973,NA,NA,NA,200000,reported_exact_auction,2739.7260273973,NA,18.25,14,15.1520075678,17.25,4,0.83024699,NA,NA,NA,NA,NA,NA,NA,NA,NA,NA,NA,NA,48.2142857143,28,NA,NA,52.7777777778,18,NA,NA,58.9285714286,28,NA,NA,30.5555555556,18,NA,NA,NA,0,NA,NA,NA,0,NA,NA,NA,0,NA,NA,NA,0,NA,NA,69.6428571429,28,NA,NA,NA,0,NA,NA,NA,0,NA,NA,69.6428571429,28,NA,NA,36.1111111111,18,NA,NA,NA,0,NA,NA,NA,0,NA,NA,NA,0,NA,NA,NA,0,NA,NA,NA,0,NA,NA,NA,0,NA,NA,59.375,16,NA,NA,NA,0,NA,NA,NA,0,NA,NA,NA,0,NA,NA,batting_only,contextual_manual_match,npl-2024,NPL 2024 Â· Season 1,kag,NA,NA,NA,NA,NA,NA,NA
c1077ba3,Pratis GC,2024/25,Biratnagar Kings,Domestic,0,6,5,6,17,114,20,3,2,6.6666666667,4,7,117.6470588235,7,41.1764705882,6,2,0,1,1,2,10,11.7647058824,8,8,0,0,0,NA,0,NA,0,0,1,3,33.3333333333,2,66.6666666667,0,0,19,14,135.7142857143,5,35.7142857143,1,1,9,1.5,12.6666666667,19,127,6.6842105263,14.1111111111,53,46.4912280702,7,0,6.1403508772,0,10,6,76,14.0350877193,66,77,3,7,22,50,24,13,2,3.25,12,41.6666666667,24,37,4,9.25,6,41.6666666667,4,0,0,0,2,4,0,0,6,0,0,0,6,4,150,14,13,107.6923076923,4,6.9090909091,5,6.375,5,6,domestic_status_unknown,Domestic/foreign classification is not supplied.,6,0,17,0,3,14,121,114,16,33,10,10,66,76,48,51,5,0,https://www.cricnepal.com/heres-how-each-team-lines-up-after-the-npl-auction,documented auction/retention pool; contextual ID mapping,Biratnagar Kings,0,0,0,1,0,0,0,1,7,0,0,,Unknown,Pratish GC,Unknown,,,auction,exact_auction_price,A,https://www.cricnepal.com/heres-how-each-team-lines-up-after-the-npl-auction,2024-10-07,https://www.cricnepal.com/heres-how-each-team-lines-up-after-the-npl-auction,NPR; reported clearing price. Base-price purchases use category price explicitly reported in auction result.,1500000,NA,NA,NA,NA,,true,75000,166666.6666666667,NA,NA,1500000,reported_exact_auction,75000,166666.6666666667,4,4,2.5495097568,4,5,0.6373774392,1.5,0.5,1.9748417658,3.25,6,1.3165611772,6.8888888889,6.1666666667,2.7139898196,4.1666666667,6,0.3939662641,17.8571428571,28,NA,NA,NA,0,NA,NA,23.2142857143,28,NA,NA,NA,0,NA,NA,69.0476190476,21,NA,NA,61.7647058824,17,NA,NA,91.1764705882,17,NA,NA,79.4117647059,17,NA,NA,94.6428571429,28,NA,NA,21.4285714286,21,NA,NA,30.9523809524,21,NA,NA,16.0714285714,28,NA,NA,NA,0,NA,NA,83.3333333333,21,NA,NA,73.5294117647,17,NA,NA,20.5882352941,17,NA,NA,58.8235294118,17,NA,NA,NA,0,NA,NA,34.6153846154,13,NA,NA,NA,0,NA,NA,97.5,20,NA,NA,NA,0,NA,NA,35.7142857143,14,NA,NA,batting_and_bowling,contextual_manual_match,npl-2024,NPL 2024 Â· Season 1,bik,NA,NA,NA,NA,NA,NA,NA
8399a7af,R Dhakal,2024/25,Chitwan Rhinos,Domestic,0,8,2,8,18,173,22,1,1,22,11,15,122.2222222222,5,27.7777777778,8,3,0,2,0,2,8,11.1111111111,9.5,9.5,0,0,0,NA,0,NA,0,0,0,0,NA,0,NA,0,0,22,18,122.2222222222,5,27.7777777778,2,0,13,1.625,13.3076923077,28.5,232,8.0462427746,17.8461538462,78,45.0867052023,10,1,5.7803468208,0.5780346821,29,6,152,20.1149425287,102,118,9,6.9411764706,11.3333333333,59.8039215686,0,0,0,NA,NA,NA,71,114,4,9.6338028169,17.75,23.9436619718,3,0,2,1,4,4,1,0,0,8,7,0,0,0,NA,22,18,122.2222222222,6,8.4375,7,7.5584415584,2,8,domestic_status_unknown,Domestic/foreign classification is not supplied.,8,0,18,0,0,18,179,174,35,61,0,17,96,135,77,97,2,0,https://www.cricnepal.com/heres-how-each-team-lines-up-after-the-npl-auction,documented auction/retention pool; contextual ID mapping,Chitwan Rhinos,0,0,0,1,0,0,0,1,5,1,0,,Unknown,Rijan Dhakal,Unknown,,,auction,exact_auction_price,A,https://www.cricnepal.com/heres-how-each-team-lines-up-after-the-npl-auction,2024-10-07,https://www.cricnepal.com/heres-how-each-team-lines-up-after-the-npl-auction,NPR; reported clearing price. Base-price purchases use category price explicitly reported in auction result.,1000000,NA,NA,NA,NA,,true,45454.5454545455,76923.0769230769,NA,NA,1000000,reported_exact_auction,45454.5454545455,76923.0769230769,11,11,5.6568542495,4,2,0.5142594772,1.625,2,1.1877349392,1.5,8,0.7309138087,7.9433876812,8.1902173913,2.793367111,4.125,8,0.3516594208,NA,0,NA,NA,NA,0,NA,NA,NA,0,NA,NA,NA,0,NA,NA,88.0952380952,21,NA,NA,8.8235294118,17,NA,NA,85.2941176471,17,NA,NA,67.6470588235,17,NA,NA,NA,0,NA,NA,83.3333333333,21,NA,NA,64.2857142857,21,NA,NA,NA,0,NA,NA,NA,0,NA,NA,88.0952380952,21,NA,NA,61.7647058824,17,NA,NA,26.4705882353,17,NA,NA,2.9411764706,17,NA,NA,NA,0,NA,NA,42.3076923077,13,NA,NA,NA,0,NA,NA,NA,0,NA,NA,NA,0,NA,NA,17.8571428571,14,NA,NA,batting_and_bowling,contextual_manual_match,npl-2024,NPL 2024 Â· Season 1,chr,NA,NA,NA,NA,NA,NA,NA
aba0f4a9,R Kumar,2024/25,Chitwan Rhinos,Domestic,0,5,1,5,0,84,0,0,1,NA,0,0,NA,0,NA,0,0,0,0,0,0,0,NA,11,11,0,0,0,NA,0,NA,0,0,0,0,NA,0,NA,0,0,0,0,NA,0,NA,0,0,2,0.4,42,14,120,8.5714285714,60,33,39.2857142857,2,0,2.380952381,0,9,8,84,20.2380952381,12,10,0,5,NA,66.6666666667,54,71,2,7.8888888889,27,38.8888888889,18,39,0,13,NA,22.2222222222,2,0,0,0,2,3,1,0,0,1,0,0,0,0,NA,0,0,NA,1,9.25,1,7.6666666667,1,5,domestic_status_unknown,Domestic/foreign classification is not supplied.,5,0,0,0,0,0,86,84,17,8,21,4,48,74,36,46,1,0,https://www.cricnepal.com/heres-how-each-team-lines-up-after-the-npl-auction,documented auction/retention pool; contextual ID mapping,Chitwan Rhinos,0,0,0,1,0,0,0,0,2,0,0,,Unknown,Ranjit Kumar,Bowler,https://www.onlinekhabar.com/wp-content/uploads/2025/08/SBL-NPL-Auction-Pool-2025-Final-Sheet1.pdf,2025 auction pool,auction,exact_auction_price,C,https://www.cricnepal.com/heres-how-each-team-lines-up-after-the-npl-auction,2024-10-07,https://www.cricnepal.com/heres-how-each-team-lines-up-after-the-npl-auction,NPR; reported clearing price. Base-price purchases use category price explicitly reported in auction result.,300000,NA,NA,NA,NA,,true,NA,150000,NA,NA,300000,reported_exact_auction,NA,150000,0,0,NA,0,1,NA,0.4,0,0.5477225575,1,5,1.3693063938,10,8,4.6502688094,2.5,5,0.4650268809,NA,0,NA,NA,NA,0,NA,NA,NA,0,NA,NA,NA,0,NA,NA,18.75,8,18.75,0,21.4285714286,7,21.4285714286,0,21.4285714286,7,21.4285714286,0,21.4285714286,7,21.4285714286,0,NA,0,NA,NA,43.75,8,18.75,25,18.75,8,18.75,0,NA,0,NA,NA,NA,0,NA,NA,18.75,8,18.75,0,21.4285714286,7,21.4285714286,0,42.8571428571,7,21.4285714286,21.4285714286,50,7,21.4285714286,28.5714285714,NA,0,NA,NA,NA,0,NA,NA,NA,0,NA,NA,21.4285714286,7,21.4285714286,0,NA,0,NA,NA,NA,0,NA,NA,batting_and_bowling,contextual_manual_match,npl-2024,NPL 2024 Â· Season 1,chr,NA,NA,NA,NA,NA,NA,NA
ee3ad356,R Rijal,2024/25,Kathmandu Gorkhas,Domestic,0,2,0,0,0,0,0,0,0,NA,NA,NA,NA,0,NA,0,0,0,0,0,0,0,NA,NA,NA,0,0,0,NA,0,NA,0,0,0,0,NA,0,NA,0,0,0,0,NA,0,NA,0,0,0,NA,NA,0,0,NA,NA,0,NA,0,0,NA,NA,0,0,0,NA,0,0,0,NA,NA,NA,0,0,0,NA,NA,NA,0,0,0,NA,NA,NA,1,0,0,0,1,1,0,0,0,0,0,0,0,0,NA,0,0,NA,0,NA,0,NA,0,0,domestic_status_unknown|team_alias_review|substitute_only_appearances,Domestic/foreign classification is not supplied. Kathmandu Gurkhas/Gorkhas uses proposed canonical label Kathmandu Gorkhas; raw label retained. 1 observed matches were not in source squad lists; included in matches_played.,1,1,0,0,0,0,0,0,0,0,0,0,0,0,0,0,0,0,https://www.cricnepal.com/heres-how-each-team-lines-up-after-the-npl-auction,documented auction/retention pool; contextual ID mapping,Kathmandu Gurkhas,0,0,1,NA,0,0,0,0,0,0,0,,Unknown,Raju Rijan,Wicketkeeper-batter,https://www.onlinekhabar.com/wp-content/uploads/2025/08/SBL-NPL-Auction-Pool-2025-Final-Sheet1.pdf,2025 auction pool,auction,exact_auction_price,C,https://www.cricnepal.com/heres-how-each-team-lines-up-after-the-npl-auction,2024-10-07,https://www.cricnepal.com/heres-how-each-team-lines-up-after-the-npl-auction,NPR; reported clearing price. Base-price purchases use category price explicitly reported in auction result.,200000,NA,NA,NA,NA,,true,NA,NA,NA,NA,200000,reported_exact_auction,NA,NA,NA,NA,NA,NA,NA,NA,NA,NA,NA,NA,NA,NA,NA,NA,NA,NA,NA,NA,NA,0,NA,NA,NA,0,NA,NA,NA,0,NA,NA,NA,0,NA,NA,NA,0,NA,NA,NA,0,NA,NA,NA,0,NA,NA,NA,0,NA,NA,NA,0,NA,NA,NA,0,NA,NA,NA,0,NA,NA,NA,0,NA,NA,NA,0,NA,NA,NA,0,NA,NA,NA,0,NA,NA,NA,0,NA,NA,NA,0,NA,NA,NA,0,NA,NA,NA,0,NA,NA,NA,0,NA,NA,NA,0,NA,NA,NA,0,NA,NA,NA,0,NA,NA,no_recorded_innings,contextual_manual_match,npl-2024,NPL 2024 Â· Season 1,kag,NA,NA,NA,NA,NA,NA,NA
d7725664,RA Reifer,2024/25,Pokhara Avengers,Foreign,0,7,6,7,136,126,146,4,2,36.5,24.3333333333,41,107.3529411765,56,41.1764705882,56,10,0,7,7,14,70,10.2941176471,5.5,6,0,2,11,18.1818181818,9,81.8181818182,0,0,49,69,71.0144927536,30,43.4782608696,2,0,95,56,169.6428571429,17,30.3571428571,5,7,5,0.7142857143,25.2,21,164,7.8095238095,32.8,40,31.746031746,7,0,5.5555555556,0,14,4,80,14.2857142857,54,75,2,8.3333333333,27,38.8888888889,24,24,0,6,NA,41.6666666667,48,65,3,8.125,16,18.75,2,0,1,1,2,5,0,0,34,2,0,0,78,76,102.6315789474,68,60,113.3333333333,5,7.8125,0,7.8,6,7,domestic_status_unknown,Domestic/foreign classification is not supplied.,7,0,136,11,69,56,133,126,18,21,10,9,96,125,30,39,6,0,https://wicketnepal.com/2024/11/nepal-premier-league-npl-2024-complete-squad-and-team-information/,documented season roster; contextual ID mapping,Pokhara Avengers,0,0,0,1,0,0,0,0,7,0,0,,Unknown,RA Reifer,Unknown,,,not_found,not_found,,,,,,NA,NA,NA,NA,NA,,false,NA,NA,NA,NA,NA,unavailable,NA,NA,24.3333333333,26.5,14.5830952362,16,6,0.5993052837,0.7142857143,0,0.9511897312,1.5,7,1.3316656237,8.1071428571,8.25,2.7908225447,3,7,0.3442424284,NA,0,NA,NA,NA,0,NA,NA,NA,0,NA,NA,NA,0,NA,NA,NA,0,NA,NA,NA,0,NA,NA,NA,0,NA,NA,NA,0,NA,NA,NA,0,NA,NA,NA,0,NA,NA,NA,0,NA,NA,NA,0,NA,NA,NA,0,NA,NA,NA,0,NA,NA,NA,0,NA,NA,NA,0,NA,NA,NA,0,NA,NA,NA,0,NA,NA,NA,0,NA,NA,NA,0,NA,NA,NA,0,NA,NA,NA,0,NA,NA,NA,0,NA,NA,batting_and_bowling,not_price_verified,npl-2024,NPL 2024 Â· Season 1,poa,NA,NA,NA,NA,NA,NA,NA
1a3cc554,RK Paudel,2024/25,Lumbini Lions,Domestic,0,7,7,6,212,114,279,7,0,39.8571428571,39.8571428571,95,131.6037735849,84,39.6226415094,74,16,1,26,11,37,170,17.4528301887,3.4285714286,3,0,83,70,118.5714285714,36,51.4285714286,12,2,131,110,119.0909090909,35,31.8181818182,6,5,65,32,203.125,13,40.625,8,4,8,1.3333333333,14.25,19,107,5.6315789474,13.375,49,42.9824561404,0,0,0,0,5,5,50,8.7719298246,18,16,2,5.3333333333,9,50,84,81,4,5.7857142857,21,39.2857142857,12,10,2,5,6,58.3333333333,3,0,1,1,1,6,0,0,80,4,0,0,221,145,152.4137931034,58,67,86.5671641791,4,5.5833333333,4,5.7142857143,7,6,domestic_status_unknown,Domestic/foreign classification is not supplied.,7,0,212,70,110,32,114,114,10,9,33,7,72,67,42,40,7,0,https://www.cricnepal.com/npl-marquee-players-to-receive-minimum-20-lakhs-auction-set-for-pre-dashain,documented auction/retention pool; contextual ID mapping,Lumbini Lions,0,0,0,0,2,0,0,0,0,0,0,,Unknown,Rohit Paudel,All-rounder,https://lumbinilions.com.np/,Current franchise classification accessed 2026-09-23; historical role not established,marquee,documented_minimum,NA,https://www.cricnepal.com/npl-marquee-players-to-receive-minimum-20-lakhs-auction-set-for-pre-dashain,2024-09-14,https://www.cricnepal.com/npl-marquee-players-to-receive-minimum-20-lakhs-auction-set-for-pre-dashain,Minimum only; incentives can increase compensation. Not an auction clearing price.,NA,2000000,NA,NA,NA,"Project-owner assumption: every marquee player receives NPR 2,000,000 in each of 2024/25 and 2025/26. Not independently verified payment evidence.",false,NA,NA,7168.458781362,250000,2000000,user_assumed_marquee_salary,7168.458781362007,250000,39.8571428571,35,36.1359865482,54,7,0.9066376553,1.3333333333,1,1.5055453054,1.5,6,1.1291589791,5.7361111111,5.5,2.0577878269,2.5625,6,0.358742672,NA,0,NA,NA,NA,0,NA,NA,NA,0,NA,NA,NA,0,NA,NA,NA,0,NA,NA,NA,0,NA,NA,NA,0,NA,NA,NA,0,NA,NA,NA,0,NA,NA,NA,0,NA,NA,NA,0,NA,NA,NA,0,NA,NA,NA,0,NA,NA,NA,0,NA,NA,NA,0,NA,NA,NA,0,NA,NA,NA,0,NA,NA,NA,0,NA,NA,NA,0,NA,NA,NA,0,NA,NA,NA,0,NA,NA,NA,0,NA,NA,NA,0,NA,NA,batting_and_bowling,not_price_verified,npl-2024,NPL 2024 Â· Season 1,lul,NA,NA,NA,NA,NA,NA,2000000
95bcba19,RP Magar,2024/25,Biratnagar Kings,Domestic,0,5,5,1,72,12,78,4,1,19.5,15.6,33,108.3333333333,27,37.5,36,2,0,2,5,7,38,9.7222222222,5.6,6,0,4,8,50,5,62.5,0,0,24,29,82.7586206897,10,34.4827586207,0,1,50,35,142.8571428571,12,34.2857142857,2,4,1,1,12,2,22,11,22,3,25,2,0,16.6666666667,0,0,2,12,16.6666666667,0,0,0,NA,NA,NA,12,22,1,11,12,25,0,0,0,NA,NA,NA,0,0,0,0,2,3,0,0,37,1,0,0,59,47,125.5319148936,19,25,76,1,11,0,NA,5,1,domestic_status_unknown,Domestic/foreign classification is not supplied.,5,0,72,8,29,35,14,12,2,0,3,0,12,22,0,0,5,0,https://www.cricnepal.com/heres-how-each-team-lines-up-after-the-npl-auction,documented auction/retention pool; contextual ID mapping,Biratnagar Kings,0,0,0,1,0,0,0,0,2,0,0,,Unknown,Rajesh Pulami,Unknown,,,auction,exact_auction_price,B,https://www.cricnepal.com/heres-how-each-team-lines-up-after-the-npl-auction,2024-10-07,https://www.cricnepal.com/heres-how-each-team-lines-up-after-the-npl-auction,NPR; reported clearing price. Base-price purchases use category price explicitly reported in auction result.,500000,NA,NA,NA,NA,,true,6410.2564102564,500000,NA,NA,500000,reported_exact_auction,6410.2564102564,500000,15.6,15,13.5941163744,21,5,0.8714177163,1,1,NA,0,1,NA,11,11,NA,0,1,NA,53.5714285714,28,NA,NA,30.5555555556,18,NA,NA,69.6428571429,28,NA,NA,77.7777777778,18,NA,NA,NA,0,NA,NA,NA,0,NA,NA,NA,0,NA,NA,NA,0,NA,NA,58.9285714286,28,NA,NA,NA,0,NA,NA,NA,0,NA,NA,62.5,28,NA,NA,19.4444444444,18,NA,NA,NA,0,NA,NA,NA,0,NA,NA,NA,0,NA,NA,NA,0,NA,NA,NA,0,NA,NA,NA,0,NA,NA,15.625,16,NA,NA,NA,0,NA,NA,37.5,12,NA,NA,NA,0,NA,NA,batting_and_bowling,contextual_manual_match,npl-2024,NPL 2024 Â· Season 1,bik,NA,NA,NA,NA,NA,NA,NA
fcf6b0f6,RR Simmonds,2024/25,Lumbini Lions,Foreign,0,7,4,7,13,146,6,2,2,3,1.5,4,46.1538461538,7,53.8461538462,6,0,0,0,0,0,0,0,9.25,9,0,0,0,NA,0,NA,0,0,0,0,NA,0,NA,0,0,6,13,46.1538461538,7,53.8461538462,0,0,9,1.2857142857,16.2222222222,24.2,194,7.9726027397,21.5555555556,65,44.5205479452,8,0,5.4794520548,0,13,11,118,16.4383561644,72,75,3,6.25,24,55.5555555556,12,11,0,5.5,NA,41.6666666667,62,108,6,10.4516129032,10.3333333333,32.2580645161,3,0,0,0,1,6,0,0,0,2,0,0,2,3,66.6666666667,4,10,40,5,8.3023255814,4,7.5,4,7,domestic_status_unknown,Domestic/foreign classification is not supplied.,7,0,13,0,0,13,152,146,24,40,5,20,86,119,60,75,4,0,https://wicketnepal.com/2024/11/nepal-premier-league-npl-2024-complete-squad-and-team-information/,documented season roster; contextual ID mapping,Lumbini Lions,0,0,0,1,0,0,2,0,6,0,0,,Unknown,RR Simmonds,Unknown,,,not_found,not_found,,,,,,NA,NA,NA,NA,NA,,false,NA,NA,NA,NA,NA,unavailable,NA,NA,1.5,1,1.9148542155,2.5,4,1.276569477,1.2857142857,2,0.9511897312,1.5,7,0.7398142354,8.1023809524,8.25,1.7114112806,2.1833333333,7,0.2112232553,NA,0,NA,NA,NA,0,NA,NA,NA,0,NA,NA,NA,0,NA,NA,NA,0,NA,NA,NA,0,NA,NA,NA,0,NA,NA,NA,0,NA,NA,NA,0,NA,NA,NA,0,NA,NA,NA,0,NA,NA,NA,0,NA,NA,NA,0,NA,NA,NA,0,NA,NA,NA,0,NA,NA,NA,0,NA,NA,NA,0,NA,NA,NA,0,NA,NA,NA,0,NA,NA,NA,0,NA,NA,NA,0,NA,NA,NA,0,NA,NA,NA,0,NA,NA,batting_and_bowling,not_price_verified,npl-2024,NPL 2024 Â· Season 1,lul,NA,NA,NA,NA,NA,NA,NA
7ca5e05d,RS Bopara,2024/25,Chitwan Rhinos,Foreign,0,8,8,4,211,54,286,7,1,40.8571428571,35.75,59,135.5450236967,70,33.1753554502,88,18,0,24,11,35,162,16.5876777251,4.625,5,0,20,26,76.9230769231,13,50,2,0,175,135,129.6296296296,47,34.8148148148,15,7,91,50,182,10,20,7,4,2,0.5,27,9,58,6.4444444444,29,17,31.4814814815,4,0,7.4074074074,0,3,1,18,7.4074074074,0,0,0,NA,NA,NA,42,45,1,6.4285714286,42,35.7142857143,12,13,1,6.5,12,16.6666666667,2,0,0,0,4,4,1,0,142,0,53,1,190,128,148.4375,96,83,115.6626506024,1,5.1666666667,1,9,8,4,domestic_status_unknown,Domestic/foreign classification is not supplied.,8,0,211,26,135,50,57,54,4,0,15,2,36,31,18,27,8,0,https://wicketnepal.com/2024/11/nepal-premier-league-npl-2024-complete-squad-and-team-information/,documented season roster; contextual ID mapping,Chitwan Rhinos,0,0,0,1,3,0,0,0,3,0,0,,Unknown,RS Bopara,Unknown,,,not_found,not_found,,,,,,NA,NA,NA,NA,NA,,false,NA,NA,NA,NA,NA,unavailable,NA,NA,35.75,40,19.1367260971,33.5,8,0.5352930377,0.5,0.5,0.5773502692,1,4,1.1547005384,7.4375,6.375,3.907124902,3.1875,4,0.5253277179,NA,0,NA,NA,NA,0,NA,NA,NA,0,NA,NA,NA,0,NA,NA,NA,0,NA,NA,NA,0,NA,NA,NA,0,NA,NA,NA,0,NA,NA,NA,0,NA,NA,NA,0,NA,NA,NA,0,NA,NA,NA,0,NA,NA,NA,0,NA,NA,NA,0,NA,NA,NA,0,NA,NA,NA,0,NA,NA,NA,0,NA,NA,NA,0,NA,NA,NA,0,NA,NA,NA,0,NA,NA,NA,0,NA,NA,NA,0,NA,NA,NA,0,NA,NA,batting_and_bowling,not_price_verified,npl-2024,NPL 2024 Â· Season 1,chr,NA,NA,NA,NA,NA,NA,NA
69cccff3,Rashid Khan,2024/25,Kathmandu Gorkhas,Domestic,0,7,7,6,53,104,29,6,1,4.8333333333,4.1428571429,14,54.7169811321,33,62.2641509434,17,1,0,1,1,2,10,3.7735849057,6.8571428571,7,0,0,3,0,3,100,0,0,29,50,58,30,60,1,1,0,0,NA,0,NA,0,0,6,1,17.3333333333,17.2,136,7.8461538462,22.6666666667,33,31.7307692308,4,0,3.8461538462,0,11,4,68,14.4230769231,30,37,2,7.4,15,46.6666666667,24,20,1,5,24,33.3333333333,50,79,3,9.48,16.6666666667,22,1,0,1,0,4,3,0,0,16,4,0,0,12,27,44.4444444444,17,26,65.3846153846,5,7.9285714286,1,7.5,7,6,domestic_status_unknown|team_alias_review,Domestic/foreign classification is not supplied. Kathmandu Gurkhas/Gorkhas uses proposed canonical label Kathmandu Gorkhas; raw label retained.,7,0,53,3,50,0,108,104,15,14,8,11,84,111,20,25,7,0,https://www.cricnepal.com/heres-how-each-team-lines-up-after-the-npl-auction,documented auction/retention pool; contextual ID mapping,Kathmandu Gurkhas,0,0,0,0,0,0,1,0,4,0,0,,Unknown,Rashid Khan,Unknown,,,auction,exact_auction_price,A,https://www.cricnepal.com/heres-how-each-team-lines-up-after-the-npl-auction,2024-10-07,https://www.cricnepal.com/heres-how-each-team-lines-up-after-the-npl-auction,NPR; reported clearing price. Base-price purchases use category price explicitly reported in auction result.,1000000,NA,NA,NA,NA,,true,34482.7586206897,166666.6666666667,NA,NA,1000000,reported_exact_auction,34482.7586206897,166666.6666666667,4.1428571429,2,4.9473417586,4.5,7,1.1941859417,1,0.5,1.2649110641,1.75,6,1.2649110641,7.5297619048,8.2142857143,3.0749495322,4.3571428571,6,0.4083727442,30.3571428571,28,NA,NA,2.7777777778,18,NA,NA,5.3571428571,28,NA,NA,2.7777777778,18,NA,NA,35.7142857143,21,NA,NA,26.4705882353,17,NA,NA,44.1176470588,17,NA,NA,26.4705882353,17,NA,NA,37.5,28,NA,NA,30.9523809524,21,NA,NA,21.4285714286,21,NA,NA,19.6428571429,28,NA,NA,2.7777777778,18,NA,NA,50,21,NA,NA,8.8235294118,17,NA,NA,61.7647058824,17,NA,NA,58.8235294118,17,NA,NA,NA,0,NA,NA,19.2307692308,13,NA,NA,3.125,16,NA,NA,85,20,NA,NA,NA,0,NA,NA,25,14,NA,NA,batting_and_bowling,contextual_manual_match,npl-2024,NPL 2024 Â· Season 1,kag,NA,NA,NA,NA,NA,NA,NA
f1471db3,Rit Gautam,2024/25,Karnali Yaks,Domestic,0,2,2,0,4,0,0,2,0,0,0,0,0,4,100,0,0,0,0,0,0,0,0,NA,NA,2,0,4,0,4,100,0,0,0,0,NA,0,NA,0,0,0,0,NA,0,NA,0,0,0,NA,NA,0,0,NA,NA,0,NA,0,0,NA,NA,0,0,0,NA,0,0,0,NA,NA,NA,0,0,0,NA,NA,NA,0,0,0,NA,NA,NA,0,0,0,0,1,1,1,0,0,0,0,0,0,4,0,0,0,NA,0,NA,0,NA,2,0,domestic_status_unknown|opening_order_unknown,Domestic/foreign classification is not supplied. 2 innings have unknown exact opening order. Position mean/median left NA; times_opened retained.,2,0,4,4,0,0,0,0,0,0,0,0,0,0,0,0,0,2,https://www.cricnepal.com/heres-how-each-team-lines-up-after-the-npl-auction,documented auction/retention pool; contextual ID mapping,Karnali Yaks,0,0,0,0,0,0,2,0,0,0,0,,Unknown,Rit Gautam,Batter,https://www.onlinekhabar.com/wp-content/uploads/2025/08/SBL-NPL-Auction-Pool-2025-Final-Sheet1.pdf,2025 auction pool,auction,exact_auction_price,B,https://www.cricnepal.com/heres-how-each-team-lines-up-after-the-npl-auction,2024-10-07,https://www.cricnepal.com/heres-how-each-team-lines-up-after-the-npl-auction,NPR; reported clearing price. Base-price purchases use category price explicitly reported in auction result.,500000,NA,NA,NA,NA,,true,NA,NA,NA,NA,500000,reported_exact_auction,NA,NA,0,0,0,0,2,NA,NA,NA,NA,NA,NA,NA,NA,NA,NA,NA,NA,NA,NA,0,NA,NA,NA,0,NA,NA,NA,0,NA,NA,NA,0,NA,NA,NA,0,NA,NA,NA,0,NA,NA,NA,0,NA,NA,NA,0,NA,NA,NA,0,NA,NA,NA,0,NA,NA,NA,0,NA,NA,NA,0,NA,NA,NA,0,NA,NA,NA,0,NA,NA,NA,0,NA,NA,NA,0,NA,NA,NA,0,NA,NA,NA,0,NA,NA,NA,0,NA,NA,NA,0,NA,NA,NA,0,NA,NA,NA,0,NA,NA,NA,0,NA,NA,batting_only,contextual_manual_match,npl-2024,NPL 2024 Â· Season 1,ky,NA,NA,NA,NA,NA,NA,NA
d1988788,Rohan Mustafa,2024/25,Sudur Paschim Royals,Foreign,0,1,1,1,7,6,4,1,0,4,4,4,57.1428571429,4,57.1428571429,2,1,0,0,0,0,0,0,5,5,0,0,0,NA,0,NA,0,0,4,6,66.6666666667,3,50,0,0,0,1,0,1,100,0,0,0,0,NA,1,8,8,NA,1,16.6666666667,0,0,0,0,1,0,4,16.6666666667,0,0,0,NA,NA,NA,6,8,0,8,NA,16.6666666667,0,0,0,NA,NA,NA,1,0,0,0,1,0,0,0,4,0,0,0,4,7,57.1428571429,0,0,NA,0,NA,0,8,1,1,domestic_status_unknown,Domestic/foreign classification is not supplied.,1,0,7,0,6,1,6,6,1,0,1,0,0,0,6,8,1,0,https://wicketnepal.com/2024/11/nepal-premier-league-npl-2024-complete-squad-and-team-information/,documented season roster; contextual ID mapping,Sudur Paschim Royals,0,0,0,0,0,0,0,0,0,0,0,,Unknown,Rohan Mustafa,Unknown,,,not_found,not_found,,,,,,NA,NA,NA,NA,NA,,false,NA,NA,NA,NA,NA,unavailable,NA,NA,4,4,NA,0,1,NA,0,0,NA,0,1,NA,8,8,NA,0,1,NA,NA,0,NA,NA,NA,0,NA,NA,NA,0,NA,NA,NA,0,NA,NA,NA,0,NA,NA,NA,0,NA,NA,NA,0,NA,NA,NA,0,NA,NA,NA,0,NA,NA,NA,0,NA,NA,NA,0,NA,NA,NA,0,NA,NA,NA,0,NA,NA,NA,0,NA,NA,NA,0,NA,NA,NA,0,NA,NA,NA,0,NA,NA,NA,0,NA,NA,NA,0,NA,NA,NA,0,NA,NA,NA,0,NA,NA,NA,0,NA,NA,NA,0,NA,NA,batting_and_bowling,not_price_verified,npl-2024,NPL 2024 Â· Season 1,spr,NA,NA,NA,NA,NA,NA,NA
c1974b74,S Aryal,2024/25,Pokhara Avengers,Domestic,0,1,1,1,0,12,0,1,0,0,0,0,NA,0,NA,0,0,0,0,0,0,0,NA,9,9,0,0,0,NA,0,NA,0,0,0,0,NA,0,NA,0,0,0,0,NA,0,NA,0,0,0,0,NA,2,19,9.5,NA,3,25,0,1,0,8.3333333333,0,1,6,7.6923076923,0,0,0,NA,NA,NA,6,10,0,10,NA,16.6666666667,6,9,0,9,NA,33.3333333333,1,0,0,0,0,1,0,0,0,0,0,0,0,0,NA,0,0,NA,0,9.5,0,NA,1,1,domestic_status_unknown,Domestic/foreign classification is not supplied.,1,0,0,0,0,0,13,13,1,0,1,2,12,19,0,0,1,0,https://www.onlinekhabar.com/wp-content/uploads/2025/08/SBL-NPL-Auction-Pool-2025-Final-Sheet1.pdf,documented auction/retention pool; contextual ID mapping,Pokhara Avengers,0,0,0,0,0,0,1,0,0,1,0,,Unknown,S Aryal,All-rounder,https://www.onlinekhabar.com/wp-content/uploads/2025/08/SBL-NPL-Auction-Pool-2025-Final-Sheet1.pdf,2025 auction pool,not_found,not_found,,,,https://www.onlinekhabar.com/wp-content/uploads/2025/08/SBL-NPL-Auction-Pool-2025-Final-Sheet1.pdf,,NA,NA,NA,NA,NA,,false,NA,NA,NA,NA,NA,unavailable,NA,NA,0,0,NA,0,1,NA,0,0,NA,0,1,NA,9.5,9.5,NA,0,1,NA,NA,0,NA,NA,NA,0,NA,NA,NA,0,NA,NA,NA,0,NA,NA,NA,0,NA,NA,NA,0,NA,NA,NA,0,NA,NA,NA,0,NA,NA,NA,0,NA,NA,NA,0,NA,NA,NA,0,NA,NA,NA,0,NA,NA,NA,0,NA,NA,NA,0,NA,NA,NA,0,NA,NA,NA,0,NA,NA,NA,0,NA,NA,NA,0,NA,NA,NA,0,NA,NA,NA,0,NA,NA,NA,0,NA,NA,NA,0,NA,NA,NA,0,NA,NA,batting_and_bowling,not_price_verified,npl-2024,NPL 2024 Â· Season 1,poa,NA,NA,NA,NA,NA,NA,NA
8955b928,S Dhakal,2024/25,Pokhara Avengers,Domestic,0,7,4,7,5,150,2,0,4,NA,0.5,1,40,3,60,2,0,0,0,0,0,0,0,10.5,10.5,0,0,0,NA,0,NA,0,0,0,1,0,1,100,0,0,2,4,50,2,50,0,0,5,0.7142857143,30,25,164,6.56,32.8,72,48,0,0,0,0,13,8,100,14,54,56,2,6.2222222222,27,62.962962963,78,82,3,6.3076923077,26,41.0256410256,18,26,0,8.6666666667,NA,33.3333333333,3,0,0,0,2,5,0,0,0,2,0,0,1,3,33.3333333333,1,2,50,4,6.3846153846,1,6.75,4,7,domestic_status_unknown,Domestic/foreign classification is not supplied.,7,0,5,0,1,4,150,150,21,34,32,6,78,83,72,81,4,0,https://www.cricnepal.com/heres-how-each-team-lines-up-after-the-npl-auction,documented auction/retention pool; contextual ID mapping,Pokhara Avengers,0,0,0,1,0,0,0,0,0,0,0,,Unknown,Sagar Dhakal,Bowler,https://pokharaavengers.com/our-team,Current franchise classification accessed 2026-09-23; historical role not established,auction,exact_auction_price,A,https://www.cricnepal.com/heres-how-each-team-lines-up-after-the-npl-auction,2024-10-07,https://www.cricnepal.com/heres-how-each-team-lines-up-after-the-npl-auction,NPR; reported clearing price. Base-price purchases use category price explicitly reported in auction result.,1500000,NA,NA,NA,NA,,true,750000,300000,NA,NA,1500000,reported_exact_auction,750000,300000,0.5,0.5,0.5773502692,1,4,1.1547005384,0.7142857143,1,0.755928946,1,7,1.0583005244,6.869047619,6,2.6955283371,3.0833333333,7,0.3924166037,NA,0,NA,NA,NA,0,NA,NA,NA,0,NA,NA,NA,0,NA,NA,50,8,87.5,-37.5,78.5714285714,7,85.7142857143,-7.1428571429,35.7142857143,7,85.7142857143,-50,35.7142857143,7,85.7142857143,-50,NA,0,NA,NA,68.75,8,87.5,-18.75,56.25,8,87.5,-31.25,NA,0,NA,NA,NA,0,NA,NA,31.25,8,87.5,-56.25,64.2857142857,7,85.7142857143,-21.4285714286,92.8571428571,7,85.7142857143,7.1428571429,50,7,85.7142857143,-35.7142857143,NA,0,NA,NA,70,5,90,-20,NA,0,NA,NA,64.2857142857,7,85.7142857143,-21.4285714286,NA,0,NA,NA,NA,0,NA,NA,batting_and_bowling,contextual_manual_match,npl-2024,NPL 2024 Â· Season 1,poa,NA,NA,NA,NA,NA,NA,NA
0a476045,S Dhawan,2024/25,Karnali Yaks,Foreign,0,4,4,0,111,0,136,3,1,45.3333333333,34,72,122.5225225225,45,40.5405405405,44,4,0,12,6,18,84,16.2162162162,NA,NA,4,43,42,102.380952381,23,54.7619047619,6,1,49,48,102.0833333333,16,33.3333333333,3,1,44,21,209.5238095238,6,28.5714285714,3,4,0,NA,NA,0,0,NA,NA,0,NA,0,0,NA,NA,0,0,0,NA,0,0,0,NA,NA,NA,0,0,0,NA,NA,NA,0,0,0,NA,NA,NA,1,0,0,0,2,2,0,0,50,0,0,0,91,70,130,45,41,109.756097561,0,NA,0,NA,4,0,domestic_status_unknown|opening_order_unknown,Domestic/foreign classification is not supplied. 4 innings have unknown exact opening order. Position mean/median left NA; times_opened retained.,4,0,111,42,48,21,0,0,0,0,0,0,0,0,0,0,0,4,https://wicketnepal.com/2024/11/nepal-premier-league-npl-2024-complete-squad-and-team-information/,documented season roster; contextual ID mapping,Karnali Yaks,0,0,0,1,1,0,0,0,0,0,0,,Unknown,S Dhawan,Unknown,,,not_found,not_found,,,,,,NA,NA,NA,NA,NA,,false,NA,NA,NA,NA,NA,unavailable,NA,NA,34,29.5,30.5832198,40,4,0.8995064647,NA,NA,NA,NA,NA,NA,NA,NA,NA,NA,NA,NA,NA,0,NA,NA,NA,0,NA,NA,NA,0,NA,NA,NA,0,NA,NA,NA,0,NA,NA,NA,0,NA,NA,NA,0,NA,NA,NA,0,NA,NA,NA,0,NA,NA,NA,0,NA,NA,NA,0,NA,NA,NA,0,NA,NA,NA,0,NA,NA,NA,0,NA,NA,NA,0,NA,NA,NA,0,NA,NA,NA,0,NA,NA,NA,0,NA,NA,NA,0,NA,NA,NA,0,NA,NA,NA,0,NA,NA,NA,0,NA,NA,NA,0,NA,NA,batting_only,not_price_verified,npl-2024,NPL 2024 Â· Season 1,ky,NA,NA,NA,NA,NA,NA,NA
156378d8,S Jora,2024/25,Lumbini Lions,Domestic,0,7,7,2,115,18,120,6,1,20,17.1428571429,26,104.347826087,47,40.8695652174,48,9,0,6,5,11,54,9.5652173913,5.4285714286,5,0,28,27,103.7037037037,15,55.5555555556,2,2,50,57,87.7192982456,20,35.0877192982,0,2,42,31,135.4838709677,12,38.7096774194,4,1,1,0.5,18,3,22,7.3333333333,22,4,22.2222222222,0,0,0,0,2,0,8,11.1111111111,0,0,0,NA,NA,NA,18,22,1,7.3333333333,18,22.2222222222,0,0,0,NA,NA,NA,5,0,0,0,1,6,0,0,4,0,0,0,34,31,109.6774193548,86,84,102.380952381,1,6.5,0,9,7,2,domestic_status_unknown,Domestic/foreign classification is not supplied.,7,0,115,27,57,31,18,18,2,0,4,0,12,13,6,9,7,0,https://www.cricnepal.com/heres-how-each-team-lines-up-after-the-npl-auction,documented auction/retention pool; contextual ID mapping,Lumbini Lions,0,0,0,0,0,0,0,0,0,0,0,,Unknown,Sundeep Jora,Batter,https://lumbinilions.com.np/,Current franchise classification accessed 2026-09-23; historical role not established,auction,exact_auction_price,A,https://www.cricnepal.com/heres-how-each-team-lines-up-after-the-npl-auction,2024-10-07,https://www.cricnepal.com/heres-how-each-team-lines-up-after-the-npl-auction,NPR; reported clearing price. Base-price purchases use category price explicitly reported in auction result.,1500000,NA,NA,NA,NA,,true,12500,1500000,NA,NA,1500000,reported_exact_auction,12500,1500000,17.1428571429,18,7.4705772073,8,7,0.4357836704,0.5,0.5,0.7071067812,0.5,2,1.4142135624,7.75,7.75,1.767766953,1.25,2,0.2280989617,78.5714285714,7,91.6666666667,-16.6666666667,78.5714285714,7,91.6666666667,-16.6666666667,64.2857142857,7,91.6666666667,-33.3333333333,92.8571428571,7,91.6666666667,0,NA,0,NA,NA,NA,0,NA,NA,NA,0,NA,NA,NA,0,NA,NA,92.8571428571,7,91.6666666667,0,NA,0,NA,NA,NA,0,NA,NA,64.2857142857,7,91.6666666667,-33.3333333333,78.5714285714,7,91.6666666667,-16.6666666667,NA,0,NA,NA,NA,0,NA,NA,NA,0,NA,NA,NA,0,NA,NA,NA,0,NA,NA,NA,0,NA,NA,NA,0,NA,NA,NA,0,NA,NA,NA,0,NA,NA,NA,0,NA,NA,batting_and_bowling,contextual_manual_match,npl-2024,NPL 2024 Â· Season 1,lul,NA,NA,NA,NA,NA,NA,NA
fd0e5582,S Kansakar,2024/25,Janakpur Bolts,Domestic,0,10,6,0,76,0,71,5,1,14.2,11.8333333333,26,93.4210526316,44,57.8947368421,19,3,0,7,3,10,46,13.1578947368,NA,NA,1,23,26,88.4615384615,15,57.6923076923,4,0,33,36,91.6666666667,20,55.5555555556,3,1,15,14,107.1428571429,9,64.2857142857,0,2,0,NA,NA,0,0,NA,NA,0,NA,0,0,NA,NA,0,0,0,NA,0,0,0,NA,NA,NA,0,0,0,NA,NA,NA,0,0,0,NA,NA,NA,0,0,0,0,7,3,3,1,30,0,29,0,48,48,100,23,28,82.1428571429,0,NA,0,NA,6,0,domestic_status_unknown|opening_order_unknown,Domestic/foreign classification is not supplied. 1 innings have unknown exact opening order. Position mean/median left NA; times_opened retained.,10,0,76,26,36,14,0,0,0,0,0,0,0,0,0,0,5,1,https://www.cricnepal.com/heres-how-each-team-lines-up-after-the-npl-auction,documented auction/retention pool; contextual ID mapping,Janakpur Bolts,0,0,0,0,0,0,1,0,0,0,0,,Unknown,Shubh Kansakar,Unknown,,,auction,exact_auction_price,B,https://www.cricnepal.com/heres-how-each-team-lines-up-after-the-npl-auction,2024-10-07,https://www.cricnepal.com/heres-how-each-team-lines-up-after-the-npl-auction,NPR; reported clearing price. Base-price purchases use category price explicitly reported in auction result.,500000,NA,NA,NA,NA,,true,7042.2535211268,NA,NA,NA,500000,reported_exact_auction,7042.2535211268,NA,11.8333333333,10,10.7594919335,16.75,6,0.9092528394,NA,NA,NA,NA,NA,NA,NA,NA,NA,NA,NA,NA,44.6428571429,28,NA,NA,13.8888888889,18,NA,NA,48.2142857143,28,NA,NA,8.3333333333,18,NA,NA,NA,0,NA,NA,NA,0,NA,NA,NA,0,NA,NA,NA,0,NA,NA,55.3571428571,28,NA,NA,NA,0,NA,NA,NA,0,NA,NA,51.7857142857,28,NA,NA,41.6666666667,18,NA,NA,NA,0,NA,NA,NA,0,NA,NA,NA,0,NA,NA,NA,0,NA,NA,21.4285714286,7,NA,NA,NA,0,NA,NA,28.125,16,NA,NA,NA,0,NA,NA,NA,0,NA,NA,NA,0,NA,NA,batting_only,contextual_manual_match,npl-2024,NPL 2024 Â· Season 1,jab,NA,NA,NA,NA,NA,NA,NA
4898e6fb,S Karki,2024/25,Chitwan Rhinos,Domestic,0,8,7,0,111,0,108,6,1,18,15.4285714286,28,97.2972972973,51,45.9459459459,40,9,0,8,3,11,50,9.9099099099,NA,NA,3,50,41,121.9512195122,19,46.3414634146,5,2,40,54,74.0740740741,27,50,1,1,18,16,112.5,5,31.25,2,0,0,NA,NA,0,0,NA,NA,0,NA,0,0,NA,NA,0,0,0,NA,0,0,0,NA,NA,NA,0,0,0,NA,NA,NA,0,0,0,NA,NA,NA,2,0,0,0,4,4,1,0,62,0,8,0,34,32,106.25,74,79,93.6708860759,0,NA,0,NA,7,0,domestic_status_unknown|opening_order_unknown,Domestic/foreign classification is not supplied. 3 innings have unknown exact opening order. Position mean/median left NA; times_opened retained.,8,0,111,41,54,16,0,0,0,0,0,0,0,0,0,0,4,3,https://www.cricnepal.com/heres-how-each-team-lines-up-after-the-npl-auction,documented auction/retention pool; contextual ID mapping,Chitwan Rhinos,0,0,0,1,0,0,0,0,0,0,0,,Unknown,Santosh Karki,Wicketkeeper-batter,https://www.onlinekhabar.com/wp-content/uploads/2025/08/SBL-NPL-Auction-Pool-2025-Final-Sheet1.pdf,2025 auction pool,auction,exact_auction_price,C,https://www.cricnepal.com/heres-how-each-team-lines-up-after-the-npl-auction,2024-10-07,https://www.cricnepal.com/heres-how-each-team-lines-up-after-the-npl-auction,NPR; reported clearing price. Base-price purchases use category price explicitly reported in auction result.,500000,NA,NA,NA,NA,,true,4629.6296296296,NA,NA,NA,500000,reported_exact_auction,4629.6296296296,NA,15.4285714286,11,8.7912293956,11.5,7,0.5698019053,NA,NA,NA,NA,NA,NA,NA,NA,NA,NA,NA,NA,90,5,30,60,70,5,30,40,90,5,30,60,50,5,30,20,NA,0,NA,NA,NA,0,NA,NA,NA,0,NA,NA,NA,0,NA,NA,90,5,30,60,NA,0,NA,NA,NA,0,NA,NA,90,5,30,60,50,5,30,20,NA,0,NA,NA,NA,0,NA,NA,NA,0,NA,NA,NA,0,NA,NA,NA,0,NA,NA,NA,0,NA,NA,NA,0,NA,NA,NA,0,NA,NA,NA,0,NA,NA,NA,0,NA,NA,batting_only,contextual_manual_match,npl-2024,NPL 2024 Â· Season 1,chr,NA,NA,NA,NA,NA,NA,NA
b410bd3d,S Lamichhane,2024/25,Biratnagar Kings,Domestic,0,7,5,7,20,168,22,4,1,5.5,4.4,8,110,9,45,6,3,0,1,1,2,10,10,9,9,0,0,0,NA,0,NA,0,0,8,6,133.3333333333,3,50,1,0,14,14,100,6,42.8571428571,0,1,6,0.8571428571,28,28,191,6.8214285714,31.8333333333,65,38.6904761905,1,0,0.5952380952,0,16,6,100,13.0952380952,18,16,2,5.3333333333,9,50,120,141,3,7.05,40,33.3333333333,30,34,1,6.8,30,53.3333333333,1,0,1,0,2,5,0,0,1,3,0,0,7,6,116.6666666667,15,14,107.1428571429,1,7.75,5,6.125,5,7,domestic_status_unknown,Domestic/foreign classification is not supplied.,7,0,20,0,6,14,169,168,22,9,40,16,72,93,96,98,5,0,https://www.cricnepal.com/npl-marquee-players-to-receive-minimum-20-lakhs-auction-set-for-pre-dashain,documented auction/retention pool; contextual ID mapping,Biratnagar Kings,0,0,0,0,0,0,1,0,1,0,0,,Unknown,Sandeep Lamichhane,Unknown,,,marquee,documented_minimum,NA,https://www.cricnepal.com/npl-marquee-players-to-receive-minimum-20-lakhs-auction-set-for-pre-dashain,2024-09-14,https://www.cricnepal.com/npl-marquee-players-to-receive-minimum-20-lakhs-auction-set-for-pre-dashain,Minimum only; incentives can increase compensation. Not an auction clearing price.,NA,2000000,NA,NA,NA,"Project-owner assumption: every marquee player receives NPR 2,000,000 in each of 2024/25 and 2025/26. Not independently verified payment evidence.",false,NA,NA,90909.0909090909,333333.3333333333,2000000,user_assumed_marquee_salary,90909.09090909091,333333.3333333333,4.4,6,3.6469165058,6,5,0.8288446604,0.8571428571,0,1.2149857926,1.5,7,1.4174834247,6.8214285714,7,1.4699368305,1.75,7,0.2154881218,23.2142857143,28,NA,NA,NA,0,NA,NA,12.5,28,NA,NA,NA,0,NA,NA,35.7142857143,21,NA,NA,55.8823529412,17,NA,NA,8.8235294118,17,NA,NA,8.8235294118,17,NA,NA,73.2142857143,28,NA,NA,11.9047619048,21,NA,NA,92.8571428571,21,NA,NA,23.2142857143,28,NA,NA,NA,0,NA,NA,30.9523809524,21,NA,NA,20.5882352941,17,NA,NA,91.1764705882,17,NA,NA,58.8235294118,17,NA,NA,NA,0,NA,NA,NA,0,NA,NA,NA,0,NA,NA,32.5,20,NA,NA,NA,0,NA,NA,89.2857142857,14,NA,NA,batting_and_bowling,not_price_verified,npl-2024,NPL 2024 Â· Season 1,bik,NA,NA,NA,NA,NA,NA,2000000
f0b3e7ee,S Maharjan,2024/25,Kathmandu Gorkhas,Domestic,0,5,5,0,95,0,87,4,1,21.75,17.4,40,91.5789473684,40,42.1052631579,41,6,0,7,1,8,34,8.4210526316,5,5,0,6,8,75,5,62.5,1,0,50,65,76.9230769231,28,43.0769230769,3,0,31,22,140.9090909091,7,31.8181818182,3,1,0,NA,NA,0,0,NA,NA,0,NA,0,0,NA,NA,0,0,0,NA,0,0,0,NA,NA,NA,0,0,0,NA,NA,NA,0,0,0,NA,NA,NA,0,0,0,1,2,3,0,0,44,0,0,0,33,48,68.75,54,47,114.8936170213,0,NA,0,NA,5,0,domestic_status_unknown|team_alias_review,Domestic/foreign classification is not supplied. Kathmandu Gurkhas/Gorkhas uses proposed canonical label Kathmandu Gorkhas; raw label retained.,5,0,95,8,65,22,0,0,0,0,0,0,0,0,0,0,5,0,https://www.cricnepal.com/heres-how-each-team-lines-up-after-the-npl-auction,documented auction/retention pool; contextual ID mapping,Kathmandu Gurkhas,0,0,0,1,0,0,1,0,0,0,0,,Unknown,Sumit Maharjan,Batter,https://www.onlinekhabar.com/wp-content/uploads/2025/08/SBL-NPL-Auction-Pool-2025-Final-Sheet1.pdf,2025 auction pool,auction,exact_auction_price,B,https://www.cricnepal.com/heres-how-each-team-lines-up-after-the-npl-auction,2024-10-07,https://www.cricnepal.com/heres-how-each-team-lines-up-after-the-npl-auction,NPR; reported clearing price. Base-price purchases use category price explicitly reported in auction result.,500000,NA,NA,NA,NA,,true,5747.1264367816,NA,NA,NA,500000,reported_exact_auction,5747.1264367816,NA,17.4,14,16.8760184878,25,5,0.96988612,NA,NA,NA,NA,NA,NA,NA,NA,NA,NA,NA,NA,50,7,25,16.6666666667,64.2857142857,7,25,33.3333333333,78.5714285714,7,25,50,78.5714285714,7,25,50,NA,0,NA,NA,NA,0,NA,NA,NA,0,NA,NA,NA,0,NA,NA,35.7142857143,7,25,0,NA,0,NA,NA,NA,0,NA,NA,78.5714285714,7,25,50,21.4285714286,7,25,0,NA,0,NA,NA,NA,0,NA,NA,NA,0,NA,NA,NA,0,NA,NA,NA,0,NA,NA,NA,0,NA,NA,NA,0,NA,NA,NA,0,NA,NA,NA,0,NA,NA,NA,0,NA,NA,batting_only,contextual_manual_match,npl-2024,NPL 2024 Â· Season 1,kag,NA,NA,NA,NA,NA,NA,NA
1daa8927,S Malla,2024/25,Janakpur Bolts,Domestic,0,8,5,7,27,117,24,4,1,6,4.8,16,88.8888888889,13,48.1481481481,8,5,0,0,1,1,6,3.7037037037,8.8,9,0,0,0,NA,0,NA,0,0,0,4,0,4,100,0,0,24,23,104.347826087,9,39.1304347826,0,1,7,1,16.7142857143,19.3,132,6.7692307692,18.8571428571,48,41.0256410256,2,0,1.7094017094,0,7,6,64,11.1111111111,6,9,0,9,NA,16.6666666667,78,101,4,7.7692307692,19.5,35.8974358974,33,22,3,4,11,57.5757575758,1,0,0,0,5,3,3,1,16,5,19,1,3,5,60,21,22,95.4545454545,6,6.32,1,7.5714285714,5,7,domestic_status_unknown,Domestic/foreign classification is not supplied.,8,0,27,0,4,23,119,117,13,1,28,19,75,79,42,53,5,0,https://www.cricnepal.com/heres-how-each-team-lines-up-after-the-npl-auction,documented auction/retention pool; contextual ID mapping,Janakpur Bolts,0,0,0,1,0,0,2,0,2,0,0,,Unknown,Sher Malla,Bowler,https://www.onlinekhabar.com/wp-content/uploads/2025/08/SBL-NPL-Auction-Pool-2025-Final-Sheet1.pdf,2025 auction pool,auction,exact_auction_price,C,https://www.cricnepal.com/heres-how-each-team-lines-up-after-the-npl-auction,2024-10-07,https://www.cricnepal.com/heres-how-each-team-lines-up-after-the-npl-auction,NPR; reported clearing price. Base-price purchases use category price explicitly reported in auction result.,500000,NA,NA,NA,NA,,true,20833.3333333333,71428.5714285714,NA,NA,500000,reported_exact_auction,20833.3333333333,71428.5714285714,4.8,3,6.6105975524,5,5,1.3772078234,1,1,1.1547005384,1.5,7,1.1547005384,7.0442176871,6.6666666667,3.411988074,4.75,7,0.4843672109,NA,0,NA,NA,NA,0,NA,NA,NA,0,NA,NA,NA,0,NA,NA,81.25,8,37.5,43.75,64.2857142857,7,42.8571428571,21.4285714286,64.2857142857,7,42.8571428571,21.4285714286,64.2857142857,7,42.8571428571,21.4285714286,NA,0,NA,NA,56.25,8,37.5,18.75,6.25,8,37.5,-31.25,NA,0,NA,NA,NA,0,NA,NA,62.5,8,37.5,25,35.7142857143,7,42.8571428571,-7.1428571429,64.2857142857,7,42.8571428571,21.4285714286,50,7,42.8571428571,7.1428571429,NA,0,NA,NA,NA,0,NA,NA,NA,0,NA,NA,35.7142857143,7,42.8571428571,-7.1428571429,NA,0,NA,NA,NA,0,NA,NA,batting_and_bowling,contextual_manual_match,npl-2024,NPL 2024 Â· Season 1,jab,NA,NA,NA,NA,NA,NA,NA
3de06845,S Vesawkar,2024/25,Chitwan Rhinos,Domestic,0,4,4,2,46,36,38,0,4,NA,9.5,11,82.6086956522,18,39.1304347826,23,2,1,2,0,2,8,4.347826087,8.25,8.5,0,0,0,NA,0,NA,0,0,9,15,60,6,40,0,0,29,31,93.5483870968,12,38.7096774194,2,0,1,0.5,36,6,53,8.8333333333,53,12,33.3333333333,0,0,0,0,2,4,32,16.6666666667,18,22,1,7.3333333333,18,44.4444444444,18,31,0,10.3333333333,NA,22.2222222222,0,0,0,NA,NA,NA,2,0,0,0,2,2,1,0,22,0,10,1,17,15,113.3333333333,21,31,67.7419354839,1,9.25,0,8,4,2,domestic_status_unknown,Domestic/foreign classification is not supplied.,4,0,46,0,15,31,36,36,6,8,4,0,24,37,12,16,4,0,https://www.cricnepal.com/heres-how-each-team-lines-up-after-the-npl-auction,documented auction/retention pool; contextual ID mapping,Chitwan Rhinos,0,0,0,1,0,0,0,0,0,0,0,,Unknown,Sharad Vesawakar,All-rounder,https://www.onlinekhabar.com/wp-content/uploads/2025/08/SBL-NPL-Auction-Pool-2025-Final-Sheet1.pdf,2025 auction pool,auction,exact_auction_price,A,https://www.cricnepal.com/heres-how-each-team-lines-up-after-the-npl-auction,2024-10-07,https://www.cricnepal.com/heres-how-each-team-lines-up-after-the-npl-auction,NPR; reported clearing price. Base-price purchases use category price explicitly reported in auction result.,1000000,NA,NA,NA,NA,,true,26315.7894736842,1000000,NA,NA,1000000,reported_exact_auction,26315.7894736842,1000000,9.5,10.5,2.3804761428,2,4,0.2505764361,0.5,0.5,0.7071067812,0.5,2,1.4142135624,8.625,8.625,0.8838834765,0.625,2,0.1024792437,NA,0,NA,NA,NA,0,NA,NA,NA,0,NA,NA,NA,0,NA,NA,NA,0,NA,NA,NA,0,NA,NA,NA,0,NA,NA,NA,0,NA,NA,NA,0,NA,NA,NA,0,NA,NA,NA,0,NA,NA,NA,0,NA,NA,NA,0,NA,NA,NA,0,NA,NA,NA,0,NA,NA,NA,0,NA,NA,NA,0,NA,NA,NA,0,NA,NA,NA,0,NA,NA,NA,0,NA,NA,NA,0,NA,NA,NA,0,NA,NA,NA,0,NA,NA,batting_and_bowling,contextual_manual_match,npl-2024,NPL 2024 Â· Season 1,chr,NA,NA,NA,NA,NA,NA,NA
b59db04f,SA Edwards,2024/25,Biratnagar Kings,Foreign,0,3,3,0,53,0,60,3,0,20,20,45,113.2075471698,17,32.0754716981,24,6,0,6,0,6,24,11.320754717,4,4,0,5,6,83.3333333333,4,66.6666666667,1,0,42,34,123.5294117647,9,26.4705882353,4,0,13,13,100,4,30.7692307692,1,0,0,NA,NA,0,0,NA,NA,0,NA,0,0,NA,NA,0,0,0,NA,0,0,0,NA,NA,NA,0,0,0,NA,NA,NA,0,0,0,NA,NA,NA,2,0,0,0,1,2,0,0,0,0,0,0,60,53,113.2075471698,0,0,NA,0,NA,0,NA,3,0,domestic_status_unknown,Domestic/foreign classification is not supplied.,3,0,53,6,34,13,0,0,0,0,0,0,0,0,0,0,3,0,https://wicketnepal.com/2024/11/nepal-premier-league-npl-2024-complete-squad-and-team-information/,documented season roster; contextual ID mapping,Biratnagar Kings,0,0,0,0,0,0,1,0,0,0,0,,Unknown,SA Edwards,Unknown,,,not_found,not_found,,,,,,NA,NA,NA,NA,NA,,false,NA,NA,NA,NA,NA,unavailable,NA,NA,20,15,22.9128784748,22.5,3,1.1456439237,NA,NA,NA,NA,NA,NA,NA,NA,NA,NA,NA,NA,NA,0,NA,NA,NA,0,NA,NA,NA,0,NA,NA,NA,0,NA,NA,NA,0,NA,NA,NA,0,NA,NA,NA,0,NA,NA,NA,0,NA,NA,NA,0,NA,NA,NA,0,NA,NA,NA,0,NA,NA,NA,0,NA,NA,NA,0,NA,NA,NA,0,NA,NA,NA,0,NA,NA,NA,0,NA,NA,NA,0,NA,NA,NA,0,NA,NA,NA,0,NA,NA,NA,0,NA,NA,NA,0,NA,NA,NA,0,NA,NA,NA,0,NA,NA,batting_only,not_price_verified,npl-2024,NPL 2024 Â· Season 1,bik,NA,NA,NA,NA,NA,NA,NA
ab01e323,SA Zaib,2024/25,Sudur Paschim Royals,Foreign,0,9,9,9,202,145,275,9,0,30.5555555556,30.5555555556,90,136.1386138614,89,44.0594059406,49,26,2,24,12,36,168,17.8217821782,NA,NA,8,140,119,117.6470588235,61,51.2605042017,15,5,115,75,153.3333333333,24,32,9,4,20,8,250,4,50,0,3,12,1.3333333333,12.0833333333,24.1,151,6.2482758621,12.5833333333,56,38.6206896552,2,0,1.3793103448,0,10,5,70,10.3448275862,30,24,3,4.8,10,53.3333333333,96,103,5,6.4375,19.2,33.3333333333,19,24,4,7.5789473684,4.75,42.1052631579,0,0,0,1,7,2,2,1,188,10,101,3,214,157,136.3057324841,61,45,135.5555555556,4,5.6,8,6.7058823529,9,9,domestic_status_unknown|opening_order_unknown,Domestic/foreign classification is not supplied. 8 innings have unknown exact opening order. Position mean/median left NA; times_opened retained.,9,0,202,119,75,8,146,145,15,16,32,8,60,56,85,95,1,8,https://wicketnepal.com/2024/11/nepal-premier-league-npl-2024-complete-squad-and-team-information/,documented season roster; contextual ID mapping,Sudur Paschim Royals,0,0,0,0,2,0,0,0,1,0,0,,Unknown,SA Zaib,Unknown,,,not_found,not_found,,,,,,NA,NA,NA,NA,NA,,false,NA,NA,NA,NA,NA,unavailable,NA,NA,30.5555555556,18,29.0822588149,21,9,0.9517830158,1.3333333333,1,0.7071067812,0,9,0.5303300859,6.0550682261,7,2.1514030947,2.8333333333,9,0.355306169,NA,0,NA,NA,NA,0,NA,NA,NA,0,NA,NA,NA,0,NA,NA,NA,0,NA,NA,NA,0,NA,NA,NA,0,NA,NA,NA,0,NA,NA,NA,0,NA,NA,NA,0,NA,NA,NA,0,NA,NA,NA,0,NA,NA,NA,0,NA,NA,NA,0,NA,NA,NA,0,NA,NA,NA,0,NA,NA,NA,0,NA,NA,NA,0,NA,NA,NA,0,NA,NA,NA,0,NA,NA,NA,0,NA,NA,NA,0,NA,NA,NA,0,NA,NA,batting_and_bowling,not_price_verified,npl-2024,NPL 2024 Â· Season 1,spr,NA,NA,NA,NA,NA,NA,NA
fef92afc,SC Kuggeleijn,2024/25,Sudur Paschim Royals,Foreign,0,9,7,9,45,173,66,5,2,13.2,9.4285714286,16,146.6666666667,13,28.8888888889,20,3,0,7,2,9,40,20,7.4285714286,8,0,0,0,NA,0,NA,0,0,0,0,NA,0,NA,0,0,66,45,146.6666666667,13,28.8888888889,7,2,17,1.8888888889,10.1764705882,28.5,210,7.2832369942,12.3529411765,95,54.9132947977,38,0,21.9653179191,0,23,4,116,15.6069364162,96,91,8,5.6875,12,65.625,19,27,2,8.5263157895,9.5,47.3684210526,58,92,7,9.5172413793,8.2857142857,39.6551724138,4,0,0,1,7,2,2,1,37,14,13,2,50,35,142.8571428571,16,10,160,5,7.5,12,7.1287128713,7,9,domestic_status_unknown,Domestic/foreign classification is not supplied.,9,0,45,0,0,45,191,173,27,63,9,23,72,90,101,120,7,0,https://wicketnepal.com/2024/11/nepal-premier-league-npl-2024-complete-squad-and-team-information/,documented season roster; contextual ID mapping,Sudur Paschim Royals,0,0,0,0,0,0,0,1,18,0,0,,Unknown,SC Kuggeleijn,Unknown,,,not_found,not_found,,,,,,NA,NA,NA,NA,NA,,false,NA,NA,NA,NA,NA,unavailable,NA,NA,9.4285714286,10,4.5773770822,5,7,0.4854793875,1.8888888889,2,1.4529663145,1,9,0.7692174606,6.5547138047,7.25,3.80464618,2.5909090909,9,0.5804442869,NA,0,NA,NA,NA,0,NA,NA,NA,0,NA,NA,NA,0,NA,NA,NA,0,NA,NA,NA,0,NA,NA,NA,0,NA,NA,NA,0,NA,NA,NA,0,NA,NA,NA,0,NA,NA,NA,0,NA,NA,NA,0,NA,NA,NA,0,NA,NA,NA,0,NA,NA,NA,0,NA,NA,NA,0,NA,NA,NA,0,NA,NA,NA,0,NA,NA,NA,0,NA,NA,NA,0,NA,NA,NA,0,NA,NA,NA,0,NA,NA,NA,0,NA,NA,batting_and_bowling,not_price_verified,npl-2024,NPL 2024 Â· Season 1,spr,NA,NA,NA,NA,NA,NA,NA
9db1b072,SM Dhakal,2024/25,Karnali Yaks,Domestic,0,1,0,1,0,13,0,0,0,NA,NA,NA,NA,0,NA,0,0,0,0,0,0,0,NA,NA,NA,0,0,0,NA,0,NA,0,0,0,0,NA,0,NA,0,0,0,0,NA,0,NA,0,0,1,1,13,2.1,25,11.5384615385,25,4,30.7692307692,0,0,0,0,2,2,20,30.7692307692,0,0,0,NA,NA,NA,12,24,1,12,12,33.3333333333,1,1,0,6,NA,0,0,0,0,0,0,1,0,0,0,0,0,0,0,0,NA,0,0,NA,0,NA,1,11.5384615385,0,1,domestic_status_unknown,Domestic/foreign classification is not supplied.,1,0,0,0,0,0,13,13,4,0,4,0,0,0,13,25,0,0,https://www.cricnepal.com/heres-how-each-team-lines-up-after-the-npl-auction,documented auction/retention pool; contextual ID mapping,Karnali Yaks,0,0,0,NA,0,0,0,0,0,0,0,,Unknown,Mausam Dhakal,Bowler,https://www.onlinekhabar.com/wp-content/uploads/2025/08/SBL-NPL-Auction-Pool-2025-Final-Sheet1.pdf,2025 auction pool,auction,exact_auction_price,B,https://www.cricnepal.com/heres-how-each-team-lines-up-after-the-npl-auction,2024-10-07,https://www.cricnepal.com/heres-how-each-team-lines-up-after-the-npl-auction,NPR; reported clearing price. Base-price purchases use category price explicitly reported in auction result.,1000000,NA,NA,NA,NA,,true,NA,1000000,NA,NA,1000000,reported_exact_auction,NA,1000000,NA,NA,NA,NA,NA,NA,1,1,NA,0,1,NA,11.5384615385,11.5384615385,NA,0,1,NA,NA,0,NA,NA,NA,0,NA,NA,NA,0,NA,NA,NA,0,NA,NA,NA,0,NA,NA,NA,0,NA,NA,NA,0,NA,NA,NA,0,NA,NA,NA,0,NA,NA,NA,0,NA,NA,NA,0,NA,NA,NA,0,NA,NA,NA,0,NA,NA,NA,0,NA,NA,NA,0,NA,NA,NA,0,NA,NA,NA,0,NA,NA,NA,0,NA,NA,NA,0,NA,NA,NA,0,NA,NA,NA,0,NA,NA,NA,0,NA,NA,NA,0,NA,NA,bowling_only,contextual_manual_match,npl-2024,NPL 2024 Â· Season 1,ky,NA,NA,NA,NA,NA,NA,NA
75cbed9b,SS Eskinazi,2024/25,Kathmandu Gorkhas,Foreign,0,7,7,0,115,0,133,7,0,19,19,60,115.652173913,52,45.6140350877,36,5,0,19,1,20,82,17.3913043478,NA,NA,5,82,77,106.4935064935,39,50.6493506494,11,1,51,38,134.2105263158,13,35.1351351351,8,0,0,0,NA,0,NA,0,0,0,NA,NA,0,0,NA,NA,0,NA,0,0,NA,NA,0,0,0,NA,0,0,0,NA,NA,NA,0,0,0,NA,NA,NA,0,0,0,NA,NA,NA,1,2,1,1,4,3,0,0,77,0,0,0,32,39,82.0512820513,101,76,132.8947368421,0,NA,0,NA,7,0,domestic_status_unknown|opening_order_unknown|team_alias_review,Domestic/foreign classification is not supplied. 5 innings have unknown exact opening order. Position mean/median left NA; times_opened retained. Kathmandu Gurkhas/Gorkhas uses proposed canonical label Kathmandu Gorkhas; raw label retained.,7,0,114,77,37,0,0,0,0,0,0,0,0,0,0,0,2,5,https://wicketnepal.com/2024/11/nepal-premier-league-npl-2024-complete-squad-and-team-information/,documented season roster; contextual ID mapping,Kathmandu Gurkhas,0,0,0,0,1,0,0,0,0,0,0,,Unknown,SS Eskinazi,Unknown,,,not_found,not_found,,,,,,NA,NA,NA,NA,NA,,false,NA,NA,NA,NA,NA,unavailable,NA,NA,19,13,22.0378462348,24.5,7,1.1598866439,NA,NA,NA,NA,NA,NA,NA,NA,NA,NA,NA,NA,NA,0,NA,NA,NA,0,NA,NA,NA,0,NA,NA,NA,0,NA,NA,NA,0,NA,NA,NA,0,NA,NA,NA,0,NA,NA,NA,0,NA,NA,NA,0,NA,NA,NA,0,NA,NA,NA,0,NA,NA,NA,0,NA,NA,NA,0,NA,NA,NA,0,NA,NA,NA,0,NA,NA,NA,0,NA,NA,NA,0,NA,NA,NA,0,NA,NA,NA,0,NA,NA,NA,0,NA,NA,NA,0,NA,NA,NA,0,NA,NA,NA,0,NA,NA,batting_only,not_price_verified,npl-2024,NPL 2024 Â· Season 1,kag,NA,NA,NA,NA,NA,NA,NA
f28a60e0,Saad Bin Zafar,2024/25,Lumbini Lions,Foreign,0,7,6,7,63,150,83,6,0,13.8333333333,13.8333333333,52,131.746031746,18,29.0322580645,25,13,0,5,2,7,32,11.1111111111,6.6666666667,6.5,0,0,1,0,1,100,0,0,32,26,123.0769230769,9,34.6153846154,2,1,51,36,141.6666666667,8,22.8571428571,3,1,9,1.2857142857,16.6666666667,25,171,6.84,19,75,50,8,0,5.3333333333,0,14,8,104,14.6666666667,60,78,4,7.8,15,60,60,69,2,6.9,30,36.6666666667,30,24,3,4.8,10,56.6666666667,6,0,1,0,1,6,0,0,52,1,0,0,67,48,139.5833333333,16,15,106.6666666667,6,6.3571428571,3,7.4545454545,6,7,domestic_status_unknown,Domestic/foreign classification is not supplied.,7,0,62,1,26,35,154,150,22,36,22,17,84,89,66,82,6,0,https://wicketnepal.com/2024/11/nepal-premier-league-npl-2024-complete-squad-and-team-information/,documented season roster; contextual ID mapping,Lumbini Lions,0,0,0,0,1,0,3,0,4,0,0,,Unknown,Saad Bin Zafar,Unknown,,,not_found,not_found,,,,,,NA,NA,NA,NA,NA,,false,NA,NA,NA,NA,NA,unavailable,NA,NA,13.8333333333,7.5,20.183326452,15.75,6,1.4590356471,1.2857142857,1,1.1126972805,1.5,7,0.8654312182,6.880952381,7.25,2.1788424673,3.4583333333,7,0.3166483863,NA,0,NA,NA,NA,0,NA,NA,NA,0,NA,NA,NA,0,NA,NA,NA,0,NA,NA,NA,0,NA,NA,NA,0,NA,NA,NA,0,NA,NA,NA,0,NA,NA,NA,0,NA,NA,NA,0,NA,NA,NA,0,NA,NA,NA,0,NA,NA,NA,0,NA,NA,NA,0,NA,NA,NA,0,NA,NA,NA,0,NA,NA,NA,0,NA,NA,NA,0,NA,NA,NA,0,NA,NA,NA,0,NA,NA,NA,0,NA,NA,NA,0,NA,NA,batting_and_bowling,not_price_verified,npl-2024,NPL 2024 Â· Season 1,lul,NA,NA,NA,NA,NA,NA,NA
cdd9fa95,Shahab Alam,2024/25,Kathmandu Gorkhas,Domestic,0,7,6,7,28,138,20,4,2,5,3.3333333333,8,71.4285714286,17,60.7142857143,8,1,0,1,1,2,10,7.1428571429,10,10,0,0,0,NA,0,NA,0,0,1,4,25,3,75,0,0,19,24,79.1666666667,14,58.3333333333,1,1,6,0.8571428571,23,23,125,5.4347826087,20.8333333333,74,53.6231884058,1,0,0.7246376812,0,7,6,64,9.4202898551,54,50,2,5.5555555556,27,59.2592592593,66,69,4,6.2727272727,16.5,45.4545454545,18,6,0,2,NA,66.6666666667,3,0,0,0,4,3,0,0,10,1,0,0,17,17,100,3,11,27.2727272727,2,6.6363636364,4,4.3333333333,6,7,domestic_status_unknown|team_alias_review,Domestic/foreign classification is not supplied. Kathmandu Gurkhas/Gorkhas uses proposed canonical label Kathmandu Gorkhas; raw label retained.,7,0,28,0,4,24,139,138,13,32,30,12,66,73,72,52,6,0,https://www.cricnepal.com/heres-how-each-team-lines-up-after-the-npl-auction,documented auction/retention pool; contextual ID mapping,Kathmandu Gurkhas,0,0,0,1,0,0,0,0,1,0,0,,Unknown,Shahab Alam,Unknown,,,auction,exact_auction_price,A,https://www.cricnepal.com/heres-how-each-team-lines-up-after-the-npl-auction,2024-10-07,https://www.cricnepal.com/heres-how-each-team-lines-up-after-the-npl-auction,NPR; reported clearing price. Base-price purchases use category price explicitly reported in auction result.,1500000,NA,NA,NA,NA,,true,75000,250000,NA,NA,1500000,reported_exact_auction,75000,250000,3.3333333333,1.5,3.6696957185,5.5,6,1.1009087156,0.8571428571,1,1.0690449676,1,7,1.2472191289,5.9642857143,5.75,2.2566040647,1.25,7,0.3783527773,17.8571428571,28,NA,NA,NA,0,NA,NA,8.9285714286,28,NA,NA,NA,0,NA,NA,35.7142857143,21,NA,NA,91.1764705882,17,NA,NA,14.7058823529,17,NA,NA,32.3529411765,17,NA,NA,44.6428571429,28,NA,NA,35.7142857143,21,NA,NA,45.2380952381,21,NA,NA,12.5,28,NA,NA,NA,0,NA,NA,30.9523809524,21,NA,NA,91.1764705882,17,NA,NA,85.2941176471,17,NA,NA,58.8235294118,17,NA,NA,NA,0,NA,NA,80.7692307692,13,NA,NA,NA,0,NA,NA,47.5,20,NA,NA,4.1666666667,12,NA,NA,NA,0,NA,NA,batting_and_bowling,contextual_manual_match,npl-2024,NPL 2024 Â· Season 1,kag,NA,NA,NA,NA,NA,NA,NA
3a61496b,Shankar Rana,2024/25,Kathmandu Gorkhas,Domestic,0,4,4,0,51,0,41,3,1,13.6666666667,10.25,16,80.3921568627,26,50.9803921569,19,2,0,3,1,4,18,7.8431372549,NA,NA,2,14,18,77.7777777778,10,55.5555555556,2,0,17,23,73.9130434783,12,52.1739130435,0,1,10,10,100,4,40,1,0,0,NA,NA,0,0,NA,NA,0,NA,0,0,NA,NA,0,0,0,NA,0,0,0,NA,NA,NA,0,0,0,NA,NA,NA,0,0,0,NA,NA,NA,1,0,0,0,2,2,0,0,22,0,0,0,16,17,94.1176470588,25,34,73.5294117647,0,NA,0,NA,4,0,domestic_status_unknown|opening_order_unknown|team_alias_review,Domestic/foreign classification is not supplied. 2 innings have unknown exact opening order. Position mean/median left NA; times_opened retained. Kathmandu Gurkhas/Gorkhas uses proposed canonical label Kathmandu Gorkhas; raw label retained.,4,0,51,18,23,10,0,0,0,0,0,0,0,0,0,0,2,2,https://www.cricnepal.com/heres-how-each-team-lines-up-after-the-npl-auction,documented auction/retention pool; contextual ID mapping,Kathmandu Gurkhas,0,0,0,1,0,0,0,0,0,0,0,,Unknown,Sankhar Rana,Batter,https://www.onlinekhabar.com/wp-content/uploads/2025/08/SBL-NPL-Auction-Pool-2025-Final-Sheet1.pdf,2025 auction pool,auction,exact_auction_price,B,https://www.cricnepal.com/heres-how-each-team-lines-up-after-the-npl-auction,2024-10-07,https://www.cricnepal.com/heres-how-each-team-lines-up-after-the-npl-auction,NPR; reported clearing price. Base-price purchases use category price explicitly reported in auction result.,950000,NA,NA,NA,NA,,true,23170.7317073171,NA,NA,NA,950000,reported_exact_auction,23170.7317073171,NA,10.25,11,6.7515430335,10.75,4,0.6586871252,NA,NA,NA,NA,NA,NA,NA,NA,NA,NA,NA,NA,7.1428571429,7,41.6666666667,-33.3333333333,21.4285714286,7,41.6666666667,-16.6666666667,50,7,41.6666666667,0,64.2857142857,7,41.6666666667,16.6666666667,NA,0,NA,NA,NA,0,NA,NA,NA,0,NA,NA,NA,0,NA,NA,78.5714285714,7,41.6666666667,33.3333333333,NA,0,NA,NA,NA,0,NA,NA,35.7142857143,7,41.6666666667,-16.6666666667,7.1428571429,7,41.6666666667,-33.3333333333,NA,0,NA,NA,NA,0,NA,NA,NA,0,NA,NA,NA,0,NA,NA,NA,0,NA,NA,NA,0,NA,NA,NA,0,NA,NA,NA,0,NA,NA,NA,0,NA,NA,NA,0,NA,NA,batting_only,contextual_manual_match,npl-2024,NPL 2024 Â· Season 1,kag,NA,NA,NA,NA,NA,NA,NA
64d43928,Sohail Tanvir,2024/25,Chitwan Rhinos,Foreign,0,8,6,8,13,182,11,4,2,2.75,1.8333333333,5,84.6153846154,8,61.5384615385,3,0,0,2,0,2,8,15.3846153846,6.5,7,0,1,2,50,1,50,0,0,0,0,NA,0,NA,0,0,10,11,90.9090909091,7,63.6363636364,2,0,14,1.75,13,30.2,174,5.7362637363,12.4285714286,95,52.1978021978,7,3,3.8461538462,1.6483516484,17,4,92,11.3513513514,114,97,9,5.1052631579,12.6666666667,60.5263157895,24,32,1,8,24,33.3333333333,44,45,4,6.1363636364,11,40.9090909091,1,0,0,1,4,4,1,0,5,11,4,2,5,6,83.3333333333,6,7,85.7142857143,8,6.5625,6,4.8139534884,6,8,domestic_status_unknown,Domestic/foreign classification is not supplied.,8,0,13,2,0,11,192,185,21,69,8,18,96,105,86,69,6,0,https://wicketnepal.com/2024/11/nepal-premier-league-npl-2024-complete-squad-and-team-information/,documented season roster; contextual ID mapping,Chitwan Rhinos,0,0,0,1,0,0,2,1,7,3,0,,Unknown,Sohail Tanvir,Unknown,,,not_found,not_found,,,,,,NA,NA,NA,NA,NA,,false,NA,NA,NA,NA,NA,unavailable,NA,NA,1.8333333333,1,2.1369760566,3,6,1.1656233036,1.75,1.5,1.6690459208,1.5,8,0.9537405262,5.6375,5.875,1.8442478142,1.575,8,0.3271393018,NA,0,NA,NA,NA,0,NA,NA,NA,0,NA,NA,NA,0,NA,NA,NA,0,NA,NA,NA,0,NA,NA,NA,0,NA,NA,NA,0,NA,NA,NA,0,NA,NA,NA,0,NA,NA,NA,0,NA,NA,NA,0,NA,NA,NA,0,NA,NA,NA,0,NA,NA,NA,0,NA,NA,NA,0,NA,NA,NA,0,NA,NA,NA,0,NA,NA,NA,0,NA,NA,NA,0,NA,NA,NA,0,NA,NA,NA,0,NA,NA,NA,0,NA,NA,batting_and_bowling,not_price_verified,npl-2024,NPL 2024 Â· Season 1,chr,NA,NA,NA,NA,NA,NA,NA
1adb8ee8,Sompal Kami,2024/25,Karnali Yaks,Domestic,0,9,6,9,34,179,52,3,3,17.3333333333,8.6666666667,29,152.9411764706,10,29.4117647059,14,3,0,5,2,7,32,20.5882352941,7.8333333333,8,0,0,0,NA,0,NA,0,0,3,6,50,3,50,0,0,49,28,175,7,25,5,2,9,1,19.8888888889,29.5,240,8.0446927374,26.6666666667,79,44.1340782123,10,1,5.5865921788,0.5586592179,26,7,146,18.3333333333,108,130,6,7.2222222222,18,58.3333333333,12,21,0,10.5,NA,33.3333333333,59,89,3,9.0508474576,19.6666666667,20.3389830508,2,0,1,0,5,4,2,0,7,6,5,3,52,34,152.9411764706,0,0,NA,2,8.7692307692,7,7.8428571429,6,9,domestic_status_unknown,Domestic/foreign classification is not supplied.,9,0,34,0,6,28,189,180,33,63,4,12,39,57,140,183,6,0,https://www.cricnepal.com/npl-marquee-players-to-receive-minimum-20-lakhs-auction-set-for-pre-dashain,documented auction/retention pool; contextual ID mapping,Karnali Yaks,0,0,0,1,0,0,0,1,9,1,0,,Unknown,Sompal Kami,Unknown,,,marquee,documented_minimum,NA,https://www.cricnepal.com/npl-marquee-players-to-receive-minimum-20-lakhs-auction-set-for-pre-dashain,2024-09-14,https://www.cricnepal.com/npl-marquee-players-to-receive-minimum-20-lakhs-auction-set-for-pre-dashain,Minimum only; incentives can increase compensation. Not an auction clearing price.,NA,2000000,NA,NA,NA,"Project-owner assumption: every marquee player receives NPR 2,000,000 in each of 2024/25 and 2025/26. Not independently verified payment evidence.",false,NA,NA,38461.5384615385,222222.2222222222,2000000,user_assumed_marquee_salary,38461.53846153846,222222.22222222222,8.6666666667,6,10.8197350553,8.75,6,1.2484309679,1,1,0.5,0,9,0.5,8.219047619,7.75,1.6234704122,1.2380952381,9,0.1975253688,37.5,28,NA,NA,NA,0,NA,NA,55.3571428571,28,NA,NA,NA,0,NA,NA,69.0476190476,21,NA,NA,14.7058823529,17,NA,NA,20.5882352941,17,NA,NA,14.7058823529,17,NA,NA,30.3571428571,28,NA,NA,97.619047619,21,NA,NA,97.619047619,21,NA,NA,41.0714285714,28,NA,NA,NA,0,NA,NA,50,21,NA,NA,55.8823529412,17,NA,NA,32.3529411765,17,NA,NA,8.8235294118,17,NA,NA,NA,0,NA,NA,26.9230769231,13,NA,NA,NA,0,NA,NA,NA,0,NA,NA,79.1666666667,12,NA,NA,46.4285714286,14,NA,NA,batting_and_bowling,not_price_verified,npl-2024,NPL 2024 Â· Season 1,ky,NA,NA,NA,NA,NA,NA,2000000
1519bdeb,Subash Bhandari,2024/25,Biratnagar Kings,Domestic,0,3,1,2,10,25,6,1,0,6,6,6,60,4,40,6,0,0,0,0,0,0,0,10,10,0,0,0,NA,0,NA,0,0,0,0,NA,0,NA,0,0,6,10,60,4,40,0,0,1,0.5,25,4.1,31,7.44,31,10,40,0,0,0,0,3,1,18,16,0,0,0,NA,NA,NA,18,17,1,5.6666666667,18,50,7,14,0,12,NA,14.2857142857,0,0,0,0,1,2,0,0,0,1,0,0,6,10,60,0,0,NA,0,NA,1,7.44,1,2,domestic_status_unknown,Domestic/foreign classification is not supplied.,3,0,10,0,0,10,25,25,4,0,9,1,0,0,25,31,1,0,https://www.cricnepal.com/heres-how-each-team-lines-up-after-the-npl-auction,documented auction/retention pool; contextual ID mapping,Biratnagar Kings,0,0,0,0,0,0,0,0,0,0,0,,Unknown,Subash Bhandari,Unknown,,,auction,exact_auction_price,C,https://www.cricnepal.com/heres-how-each-team-lines-up-after-the-npl-auction,2024-10-07,https://www.cricnepal.com/heres-how-each-team-lines-up-after-the-npl-auction,NPR; reported clearing price. Base-price purchases use category price explicitly reported in auction result.,250000,NA,NA,NA,NA,,true,41666.6666666667,250000,NA,NA,250000,reported_exact_auction,41666.6666666667,250000,6,6,NA,0,1,NA,0.5,0.5,0.7071067812,0.5,2,1.4142135624,15.375,15.375,12.1975919755,8.625,2,0.7933393155,NA,0,NA,NA,NA,0,NA,NA,NA,0,NA,NA,NA,0,NA,NA,NA,0,NA,NA,NA,0,NA,NA,NA,0,NA,NA,NA,0,NA,NA,NA,0,NA,NA,NA,0,NA,NA,NA,0,NA,NA,NA,0,NA,NA,NA,0,NA,NA,NA,0,NA,NA,NA,0,NA,NA,NA,0,NA,NA,NA,0,NA,NA,NA,0,NA,NA,NA,0,NA,NA,NA,0,NA,NA,NA,0,NA,NA,NA,0,NA,NA,NA,0,NA,NA,batting_and_bowling,contextual_manual_match,npl-2024,NPL 2024 Â· Season 1,bik,NA,NA,NA,NA,NA,NA,NA
579f2447,Surya Tamang,2024/25,Lumbini Lions,Domestic,0,4,2,4,19,89,18,1,1,18,9,11,94.7368421053,7,36.8421052632,10,0,0,2,0,2,8,10.5263157895,9.5,9.5,0,0,0,NA,0,NA,0,0,7,6,116.6666666667,2,33.3333333333,1,0,11,13,84.6153846154,5,38.4615384615,1,0,1,0.25,89,14.5,111,7.4831460674,111,28,31.4606741573,3,0,3.3707865169,0,6,4,48,11.2359550562,6,3,0,3,NA,66.6666666667,66,83,0,7.5454545455,NA,28.7878787879,17,25,1,8.8235294118,17,29.4117647059,0,0,0,0,0,4,0,0,0,0,0,0,0,0,NA,18,19,94.7368421053,1,6.5714285714,0,8.2978723404,2,4,domestic_status_unknown,Domestic/foreign classification is not supplied.,4,0,19,0,6,13,91,89,10,4,19,5,42,46,47,65,2,0,https://www.cricnepal.com/heres-how-each-team-lines-up-after-the-npl-auction,documented auction/retention pool; contextual ID mapping,Lumbini Lions,0,0,0,1,0,0,0,0,2,0,0,,Unknown,Surya Tamang,Bowler,https://www.onlinekhabar.com/wp-content/uploads/2025/08/SBL-NPL-Auction-Pool-2025-Final-Sheet1.pdf,2025 auction pool,auction,exact_auction_price,A,https://www.cricnepal.com/heres-how-each-team-lines-up-after-the-npl-auction,2024-10-07,https://www.cricnepal.com/heres-how-each-team-lines-up-after-the-npl-auction,NPR; reported clearing price. Base-price purchases use category price explicitly reported in auction result.,1500000,NA,NA,NA,NA,,true,83333.3333333333,1500000,NA,NA,1500000,reported_exact_auction,83333.3333333333,1500000,9,9,2.8284271247,2,2,0.3142696805,0.25,0,0.5,0.25,4,2,7.6023550725,8.2880434783,2.1593237808,1.9012681159,4,0.2840335344,NA,0,NA,NA,NA,0,NA,NA,NA,0,NA,NA,NA,0,NA,NA,6.25,8,87.5,-81.25,35.7142857143,7,85.7142857143,-50,7.1428571429,7,85.7142857143,-78.5714285714,7.1428571429,7,85.7142857143,-78.5714285714,NA,0,NA,NA,12.5,8,87.5,-75,93.75,8,87.5,6.25,NA,0,NA,NA,NA,0,NA,NA,6.25,8,87.5,-81.25,7.1428571429,7,85.7142857143,-78.5714285714,21.4285714286,7,85.7142857143,-64.2857142857,50,7,85.7142857143,-35.7142857143,NA,0,NA,NA,NA,0,NA,NA,NA,0,NA,NA,50,7,85.7142857143,-35.7142857143,NA,0,NA,NA,NA,0,NA,NA,batting_and_bowling,contextual_manual_match,npl-2024,NPL 2024 Â· Season 1,lul,NA,NA,NA,NA,NA,NA,NA
752cd438,TB Thapa,2024/25,Janakpur Bolts,Domestic,0,3,0,2,0,12,0,0,0,NA,NA,NA,NA,0,NA,0,0,0,0,0,0,0,NA,NA,NA,0,0,0,NA,0,NA,0,0,0,0,NA,0,NA,0,0,0,0,NA,0,NA,0,0,0,0,NA,2,19,9.5,NA,4,33.3333333333,0,0,0,0,2,1,14,25,0,0,0,NA,NA,NA,12,19,0,9.5,NA,33.3333333333,0,0,0,NA,NA,NA,1,0,0,0,3,0,0,0,0,0,0,0,0,0,NA,0,0,NA,0,9.5,0,NA,0,2,domestic_status_unknown,Domestic/foreign classification is not supplied.,3,0,0,0,0,0,12,12,3,0,4,0,12,19,0,0,0,0,https://www.cricnepal.com/heres-how-each-team-lines-up-after-the-npl-auction,documented auction/retention pool; contextual ID mapping,Janakpur Bolts,0,0,0,NA,0,0,0,0,0,0,0,,Unknown,Tul Bahadur Thapa,Unknown,,,auction,exact_auction_price,C,https://www.cricnepal.com/heres-how-each-team-lines-up-after-the-npl-auction,2024-10-07,https://www.cricnepal.com/heres-how-each-team-lines-up-after-the-npl-auction,NPR; reported clearing price. Base-price purchases use category price explicitly reported in auction result.,200000,NA,NA,NA,NA,,true,NA,NA,NA,NA,200000,reported_exact_auction,NA,NA,NA,NA,NA,NA,NA,NA,0,0,0,0,2,NA,9.5,9.5,3.5355339059,2.5,2,0.3721614638,NA,0,NA,NA,NA,0,NA,NA,NA,0,NA,NA,NA,0,NA,NA,NA,0,NA,NA,NA,0,NA,NA,NA,0,NA,NA,NA,0,NA,NA,NA,0,NA,NA,NA,0,NA,NA,NA,0,NA,NA,NA,0,NA,NA,NA,0,NA,NA,NA,0,NA,NA,NA,0,NA,NA,NA,0,NA,NA,NA,0,NA,NA,NA,0,NA,NA,NA,0,NA,NA,NA,0,NA,NA,NA,0,NA,NA,NA,0,NA,NA,NA,0,NA,NA,bowling_only,contextual_manual_match,npl-2024,NPL 2024 Â· Season 1,jab,NA,NA,NA,NA,NA,NA,NA
85dcb721,TJ Moores,2024/25,Lumbini Lions,Foreign,0,7,7,0,130,0,165,7,0,23.5714285714,23.5714285714,45,126.9230769231,51,39.5348837209,49,8,2,10,9,19,94,14.6153846154,4.4285714286,4,0,13,17,76.4705882353,12,75,1,1,122,87,140.2298850575,31,35.632183908,6,8,30,26,115.3846153846,8,30.7692307692,3,0,0,NA,NA,0,0,NA,NA,0,NA,0,0,NA,NA,0,0,0,NA,0,0,0,NA,NA,NA,0,0,0,NA,NA,NA,0,0,0,NA,NA,NA,0,0,0,0,1,6,0,0,10,0,0,0,85,60,141.6666666667,80,70,114.2857142857,0,NA,0,NA,7,0,domestic_status_unknown,Domestic/foreign classification is not supplied.,7,0,129,16,87,26,0,0,0,0,0,0,0,0,0,0,7,0,https://wicketnepal.com/2024/11/nepal-premier-league-npl-2024-complete-squad-and-team-information/,documented season roster; contextual ID mapping,Lumbini Lions,0,0,0,0,0,0,0,0,0,0,0,,Unknown,TJ Moores,Unknown,,,not_found,not_found,,,,,,NA,NA,NA,NA,NA,,false,NA,NA,NA,NA,NA,unavailable,NA,NA,23.5714285714,30,15.693492737,25,7,0.6657845404,NA,NA,NA,NA,NA,NA,NA,NA,NA,NA,NA,NA,NA,0,NA,NA,NA,0,NA,NA,NA,0,NA,NA,NA,0,NA,NA,NA,0,NA,NA,NA,0,NA,NA,NA,0,NA,NA,NA,0,NA,NA,NA,0,NA,NA,NA,0,NA,NA,NA,0,NA,NA,NA,0,NA,NA,NA,0,NA,NA,NA,0,NA,NA,NA,0,NA,NA,NA,0,NA,NA,NA,0,NA,NA,NA,0,NA,NA,NA,0,NA,NA,NA,0,NA,NA,NA,0,NA,NA,NA,0,NA,NA,NA,0,NA,NA,batting_only,not_price_verified,npl-2024,NPL 2024 Â· Season 1,lul,NA,NA,NA,NA,NA,NA,NA
2593c302,TR Bhandari,2024/25,Lumbini Lions,Domestic,0,1,1,1,5,24,3,0,1,NA,3,3,60,2,40,3,0,0,0,0,0,0,0,8,8,0,0,0,NA,0,NA,0,0,0,0,NA,0,NA,0,0,3,5,60,2,40,0,0,2,2,12,4,23,5.75,11.5,8,33.3333333333,0,0,0,0,1,1,10,8.3333333333,0,0,0,NA,NA,NA,24,23,2,5.75,12,33.3333333333,0,0,0,NA,NA,NA,0,0,0,0,0,1,0,0,0,0,0,0,0,0,NA,3,5,60,2,5.75,0,NA,1,1,domestic_status_unknown,Domestic/foreign classification is not supplied.,1,0,5,0,0,5,24,24,2,0,8,0,24,23,0,0,1,0,https://www.cricnepal.com/heres-how-each-team-lines-up-after-the-npl-auction,documented auction/retention pool; contextual ID mapping,Lumbini Lions,0,0,0,1,0,0,0,0,0,0,0,,Unknown,Tilak Raj Bhandari,Bowler,https://lumbinilions.com.np/,Current franchise classification accessed 2026-09-23; historical role not established,auction,exact_auction_price,B,https://www.cricnepal.com/heres-how-each-team-lines-up-after-the-npl-auction,2024-10-07,https://www.cricnepal.com/heres-how-each-team-lines-up-after-the-npl-auction,NPR; reported clearing price. Base-price purchases use category price explicitly reported in auction result.,1000000,NA,NA,NA,NA,,true,333333.3333333333,500000,NA,NA,1000000,reported_exact_auction,333333.3333333333,500000,3,3,NA,0,1,NA,2,2,NA,0,1,NA,5.75,5.75,NA,0,1,NA,NA,0,NA,NA,NA,0,NA,NA,NA,0,NA,NA,NA,0,NA,NA,NA,0,NA,NA,NA,0,NA,NA,NA,0,NA,NA,NA,0,NA,NA,NA,0,NA,NA,NA,0,NA,NA,NA,0,NA,NA,NA,0,NA,NA,NA,0,NA,NA,NA,0,NA,NA,NA,0,NA,NA,NA,0,NA,NA,NA,0,NA,NA,NA,0,NA,NA,NA,0,NA,NA,NA,0,NA,NA,78.5714285714,7,64.2857142857,14.2857142857,NA,0,NA,NA,NA,0,NA,NA,batting_and_bowling,contextual_manual_match,npl-2024,NPL 2024 Â· Season 1,lul,NA,NA,NA,NA,NA,NA,NA
40f1a776,TR Das,2024/25,Pokhara Avengers,Domestic,0,1,1,0,1,0,0,1,0,0,0,0,0,1,100,0,0,0,0,0,0,0,0,6,6,0,0,0,NA,0,NA,0,0,0,1,0,1,100,0,0,0,0,NA,0,NA,0,0,0,NA,NA,0,0,NA,NA,0,NA,0,0,NA,NA,0,0,0,NA,0,0,0,NA,NA,NA,0,0,0,NA,NA,NA,0,0,0,NA,NA,NA,0,0,0,0,1,0,0,0,0,0,0,0,0,0,NA,0,1,0,0,NA,0,NA,1,0,domestic_status_unknown,Domestic/foreign classification is not supplied.,1,0,1,0,1,0,0,0,0,0,0,0,0,0,0,0,1,0,https://www.cricnepal.com/heres-how-each-team-lines-up-after-the-npl-auction,documented auction/retention pool; contextual ID mapping,Pokhara Avengers,0,0,0,0,0,0,1,0,0,0,0,,Unknown,Trit Raj Das,Unknown,,,auction,exact_auction_price,C,https://www.cricnepal.com/heres-how-each-team-lines-up-after-the-npl-auction,2024-10-07,https://www.cricnepal.com/heres-how-each-team-lines-up-after-the-npl-auction,NPR; reported clearing price. Base-price purchases use category price explicitly reported in auction result.,500000,NA,NA,NA,NA,,true,NA,NA,NA,NA,500000,reported_exact_auction,NA,NA,0,0,NA,0,1,NA,NA,NA,NA,NA,NA,NA,NA,NA,NA,NA,NA,NA,NA,0,NA,NA,NA,0,NA,NA,NA,0,NA,NA,NA,0,NA,NA,NA,0,NA,NA,NA,0,NA,NA,NA,0,NA,NA,NA,0,NA,NA,NA,0,NA,NA,NA,0,NA,NA,NA,0,NA,NA,NA,0,NA,NA,NA,0,NA,NA,NA,0,NA,NA,NA,0,NA,NA,NA,0,NA,NA,NA,0,NA,NA,NA,0,NA,NA,NA,0,NA,NA,NA,0,NA,NA,NA,0,NA,NA,NA,0,NA,NA,NA,0,NA,NA,batting_only,contextual_manual_match,npl-2024,NPL 2024 Â· Season 1,poa,NA,NA,NA,NA,NA,NA,NA
fd0aef78,UBS Thakuri,2024/25,Karnali Yaks,Domestic,0,5,2,5,18,54,12,2,0,6,6,12,66.6666666667,14,77.7777777778,0,2,0,2,0,2,8,11.1111111111,10,10,0,0,0,NA,0,NA,0,0,0,0,NA,0,NA,0,0,12,18,66.6666666667,14,77.7777777778,2,0,2,0.4,27,9,64,7.1111111111,32,24,44.4444444444,0,0,0,0,7,2,40,16.6666666667,6,5,1,5,6,66.6666666667,48,59,1,7.375,48,41.6666666667,0,0,0,NA,NA,NA,1,0,2,0,4,1,1,0,0,2,12,0,12,18,66.6666666667,0,0,NA,1,5.4,1,9.25,2,5,domestic_status_unknown|name_identity_review,Domestic/foreign classification is not supplied. UBS Thakuri (fd0aef78) and UB Singh (92493bc9) remain separate pending the linking evidence you offered.,5,0,18,0,0,18,54,54,9,4,20,0,30,27,24,37,2,0,https://www.cricnepal.com/heres-how-each-team-lines-up-after-the-npl-auction,documented auction/retention pool; contextual ID mapping,Karnali Yaks,0,0,0,0,0,0,1,0,0,0,1,User confirmed separate players on 2026-09-23,Unknown,Unish Bikram Singh Thakuri,Unknown,,,auction,exact_auction_price,C,https://www.cricnepal.com/heres-how-each-team-lines-up-after-the-npl-auction,2024-10-07,https://www.cricnepal.com/heres-how-each-team-lines-up-after-the-npl-auction,NPR; reported clearing price. Base-price purchases use category price explicitly reported in auction result.,200000,NA,NA,NA,NA,,true,16666.6666666667,100000,NA,NA,200000,reported_exact_auction,16666.6666666667,100000,6,6,8.4852813742,6,2,1.4142135624,0.4,0,0.5477225575,1,5,1.3693063938,8.55,8.5,3.2710854468,3,5,0.3825830932,NA,0,NA,NA,NA,0,NA,NA,NA,0,NA,NA,NA,0,NA,NA,7.1428571429,21,NA,NA,NA,0,NA,NA,NA,0,NA,NA,NA,0,NA,NA,NA,0,NA,NA,16.6666666667,21,NA,NA,40.4761904762,21,NA,NA,NA,0,NA,NA,NA,0,NA,NA,7.1428571429,21,NA,NA,NA,0,NA,NA,NA,0,NA,NA,NA,0,NA,NA,NA,0,NA,NA,NA,0,NA,NA,NA,0,NA,NA,17.5,20,NA,NA,NA,0,NA,NA,NA,0,NA,NA,batting_and_bowling,user_confirmed_separate_ids,npl-2024,NPL 2024 Â· Season 1,ky,NA,NA,NA,NA,NA,NA,NA
0c94f480,UBT Chand,2024/25,Lumbini Lions,Foreign,0,4,4,0,29,0,18,4,0,4.5,4.5,14,62.0689655172,17,58.6206896552,10,0,0,2,0,2,8,6.8965517241,NA,NA,2,7,15,46.6666666667,11,73.3333333333,1,0,11,14,78.5714285714,6,42.8571428571,1,0,0,0,NA,0,NA,0,0,0,NA,NA,0,0,NA,NA,0,NA,0,0,NA,NA,0,0,0,NA,0,0,0,NA,NA,NA,0,0,0,NA,NA,NA,0,0,0,NA,NA,NA,2,0,0,0,1,3,0,0,0,0,0,0,0,6,0,18,23,78.2608695652,0,NA,0,NA,4,0,domestic_status_unknown|opening_order_unknown,Domestic/foreign classification is not supplied. 2 innings have unknown exact opening order. Position mean/median left NA; times_opened retained.,4,0,29,15,14,0,0,0,0,0,0,0,0,0,0,0,2,2,https://wicketnepal.com/2024/11/nepal-premier-league-npl-2024-complete-squad-and-team-information/,documented season roster; contextual ID mapping,Lumbini Lions,0,0,0,0,0,0,2,0,0,0,0,,Unknown,UBT Chand,Unknown,,,not_found,not_found,,,,,,NA,NA,NA,NA,NA,,false,NA,NA,NA,NA,NA,unavailable,NA,NA,4.5,2,6.6080758672,6.5,4,1.4684613038,NA,NA,NA,NA,NA,NA,NA,NA,NA,NA,NA,NA,NA,0,NA,NA,NA,0,NA,NA,NA,0,NA,NA,NA,0,NA,NA,NA,0,NA,NA,NA,0,NA,NA,NA,0,NA,NA,NA,0,NA,NA,NA,0,NA,NA,NA,0,NA,NA,NA,0,NA,NA,NA,0,NA,NA,NA,0,NA,NA,NA,0,NA,NA,NA,0,NA,NA,NA,0,NA,NA,NA,0,NA,NA,NA,0,NA,NA,NA,0,NA,NA,NA,0,NA,NA,NA,0,NA,NA,NA,0,NA,NA,NA,0,NA,NA,batting_only,not_price_verified,npl-2024,NPL 2024 Â· Season 1,lul,NA,NA,NA,NA,NA,NA,NA
04ef663a,WG Bosisto,2024/25,Karnali Yaks,Foreign,0,8,6,7,163,144,194,5,1,38.8,32.3333333333,66,119.018404908,61,37.4233128834,68,13,0,13,8,21,100,12.8834355828,4.5,4.5,0,15,17,88.2352941176,9,52.9411764706,2,0,112,103,108.7378640777,35,33.9805825243,7,3,67,43,155.8139534884,17,39.5348837209,4,5,9,1.2857142857,16,24,164,6.8333333333,18.2222222222,62,43.0555555556,7,0,4.8611111111,0,9,8,84,11.8055555556,18,10,1,3.3333333333,18,77.7777777778,120,146,7,7.3,17.1428571429,37.5,6,8,1,8,6,50,3,0,2,3,5,3,2,0,164,8,66,1,192,157,122.2929936306,2,6,33.3333333333,6,7.5,3,6.6111111111,6,7,domestic_status_unknown|substitute_only_appearances,Domestic/foreign classification is not supplied. 1 observed matches were not in source squad lists; included in matches_played.,7,1,163,17,103,43,147,144,17,14,45,3,36,45,108,119,6,0,https://wicketnepal.com/2024/11/nepal-premier-league-npl-2024-complete-squad-and-team-information/,documented season roster; contextual ID mapping,Karnali Yaks,0,0,1,0,2,0,0,1,3,0,0,,Unknown,WG Bosisto,Unknown,,,not_found,not_found,,,,,,NA,NA,NA,NA,NA,,false,NA,NA,NA,NA,NA,unavailable,NA,NA,32.3333333333,30,25.216396782,35.5,6,0.7798885603,1.2857142857,1,2.1380899353,1,7,1.6629588386,7,7,1.2256895263,1.7083333333,7,0.1750985038,NA,0,NA,NA,NA,0,NA,NA,NA,0,NA,NA,NA,0,NA,NA,NA,0,NA,NA,NA,0,NA,NA,NA,0,NA,NA,NA,0,NA,NA,NA,0,NA,NA,NA,0,NA,NA,NA,0,NA,NA,NA,0,NA,NA,NA,0,NA,NA,NA,0,NA,NA,NA,0,NA,NA,NA,0,NA,NA,NA,0,NA,NA,NA,0,NA,NA,NA,0,NA,NA,NA,0,NA,NA,NA,0,NA,NA,NA,0,NA,NA,NA,0,NA,NA,batting_and_bowling,not_price_verified,npl-2024,NPL 2024 Â· Season 1,ky,NA,NA,NA,NA,NA,NA,NA
1732cd55,Z Malik,2024/25,Pokhara Avengers,Foreign,0,2,2,0,24,0,14,2,0,7,7,10,58.3333333333,12,50,10,2,0,0,0,0,0,0,4.5,4.5,0,0,1,0,1,100,0,0,14,23,60.8695652174,11,47.8260869565,0,0,0,0,NA,0,NA,0,0,0,NA,NA,0,0,NA,NA,0,NA,0,0,NA,NA,0,0,0,NA,0,0,0,NA,NA,NA,0,0,0,NA,NA,NA,0,0,0,NA,NA,NA,0,0,0,0,1,1,0,0,4,0,0,0,0,0,NA,14,24,58.3333333333,0,NA,0,NA,2,0,domestic_status_unknown,Domestic/foreign classification is not supplied.,2,0,24,1,23,0,0,0,0,0,0,0,0,0,0,0,2,0,https://wicketnepal.com/2024/11/nepal-premier-league-npl-2024-complete-squad-and-team-information/,documented season roster; contextual ID mapping,Pokhara Avengers,0,0,0,0,0,0,0,0,0,0,0,,Unknown,Z Malik,Unknown,,,not_found,not_found,,,,,,NA,NA,NA,NA,NA,,false,NA,NA,NA,NA,NA,unavailable,NA,NA,7,7,4.2426406871,3,2,0.6060915267,NA,NA,NA,NA,NA,NA,NA,NA,NA,NA,NA,NA,NA,0,NA,NA,NA,0,NA,NA,NA,0,NA,NA,NA,0,NA,NA,NA,0,NA,NA,NA,0,NA,NA,NA,0,NA,NA,NA,0,NA,NA,NA,0,NA,NA,NA,0,NA,NA,NA,0,NA,NA,NA,0,NA,NA,NA,0,NA,NA,NA,0,NA,NA,NA,0,NA,NA,NA,0,NA,NA,NA,0,NA,NA,NA,0,NA,NA,NA,0,NA,NA,NA,0,NA,NA,NA,0,NA,NA,NA,0,NA,NA,NA,0,NA,NA,batting_only,not_price_verified,npl-2024,NPL 2024 Â· Season 1,poa,NA,NA,NA,NA,NA,NA,NA
34464143,Zeeshan Maqsood,2024/25,Karnali Yaks,Foreign,0,9,8,9,90,198,85,5,3,17,10.625,30,94.4444444444,38,42.2222222222,41,1,0,9,1,10,42,11.1111111111,5.375,5.5,0,22,19,115.7894736842,8,42.1052631579,2,1,34,35,97.1428571429,17,48.5714285714,5,0,29,36,80.5555555556,13,36.1111111111,2,0,10,1.1111111111,19.8,33,177,5.3636363636,17.7,98,49.4949494949,5,0,2.5252525253,0,9,8,84,8.5858585859,54,53,3,5.8888888889,18,61.1111111111,126,107,5,5.0952380952,25.2,46.0317460317,18,17,2,5.6666666667,9,38.8888888889,0,0,1,0,5,4,2,0,29,7,26,4,73,75,97.3333333333,12,15,80,2,4.125,8,5.76,8,9,domestic_status_unknown,Domestic/foreign classification is not supplied.,9,0,90,19,35,36,203,198,17,33,58,7,48,33,150,144,8,0,https://wicketnepal.com/2024/11/nepal-premier-league-npl-2024-complete-squad-and-team-information/,documented season roster; contextual ID mapping,Karnali Yaks,0,0,0,0,0,0,1,0,5,0,0,,Unknown,Zeeshan Maqsood,Unknown,,,not_found,not_found,,,,,,NA,NA,NA,NA,NA,,false,NA,NA,NA,NA,NA,unavailable,NA,NA,10.625,12,9.8696866356,12.25,8,0.9289116834,1.1111111111,1,1.0540925534,2,9,0.9486832981,5.4722222222,5.5,1.9180248811,2.5,9,0.3505020087,NA,0,NA,NA,NA,0,NA,NA,NA,0,NA,NA,NA,0,NA,NA,NA,0,NA,NA,NA,0,NA,NA,NA,0,NA,NA,NA,0,NA,NA,NA,0,NA,NA,NA,0,NA,NA,NA,0,NA,NA,NA,0,NA,NA,NA,0,NA,NA,NA,0,NA,NA,NA,0,NA,NA,NA,0,NA,NA,NA,0,NA,NA,NA,0,NA,NA,NA,0,NA,NA,NA,0,NA,NA,NA,0,NA,NA,NA,0,NA,NA,NA,0,NA,NA,batting_and_bowling,not_price_verified,npl-2024,NPL 2024 Â· Season 1,ky,NA,NA,NA,NA,NA,NA,NA
64fb6b15,A Bohara,2025/26,Sudur Paschim Royals,Domestic,0,9,3,9,9,157,3,2,1,1.5,1,1,33.3333333333,6,66.6666666667,3,0,0,0,0,0,0,0,11,11,0,0,0,NA,0,NA,0,0,0,0,NA,0,NA,0,0,3,9,33.3333333333,6,66.6666666667,0,0,17,1.8888888889,9.2352941176,26.1,195,7.4522292994,11.4705882353,64,40.7643312102,2,0,1.2738853503,0,13,11,118,15.2866242038,6,9,0,9,NA,33.3333333333,96,130,8,8.125,12,34.375,55,56,9,6.1090909091,6.1111111111,52.7272727273,1,0,0,0,7,2,2,1,2,14,1,3,3,9,33.3333333333,0,0,NA,7,7,10,7.6513761468,3,9,domestic_status_unknown,Domestic/foreign classification is not supplied.,9,0,9,0,0,9,159,157,24,2,33,29,48,56,109,139,3,0,https://kathmandupost.com/cricket/2025/08/06/150-players-shortlisted-for-npl-season-2-auction,documented auction/retention pool; contextual ID mapping,Sudur Paschim Royals,0,0,0,1,0,0,0,0,2,0,0,,Unknown,Abinash Bohara,Unknown,,,retained,retained_compensation_unknown,NA,https://kathmandupost.com/cricket/2025/08/06/150-players-shortlisted-for-npl-season-2-auction,2025-08-06,https://kathmandupost.com/cricket/2025/08/06/150-players-shortlisted-for-npl-season-2-auction,Historical price is context only. Current season compensation not established.,NA,NA,1200000,1200000,NA,User instruction 2026-09-23: retained players have the same price as 2024 in 2025,false,NA,NA,NA,NA,1200000,user_assumed_retained_price,400000,70588.2352941177,1,1,0,0,3,0,1.8888888889,2,1.0540925534,1,9,0.5580489989,7.0473110882,7.2,3.3401184383,1.5,9,0.4739564348,NA,0,NA,NA,NA,0,NA,NA,NA,0,NA,NA,NA,0,NA,NA,95.4545454545,22,NA,NA,55.8823529412,17,NA,NA,96.875,16,NA,NA,90.625,16,NA,NA,NA,0,NA,NA,97.619047619,21,NA,NA,6.8181818182,22,NA,NA,NA,0,NA,NA,NA,0,NA,NA,95.4545454545,22,NA,NA,61.7647058824,17,NA,NA,79.4117647059,17,NA,NA,58.8235294118,17,NA,NA,NA,0,NA,NA,NA,0,NA,NA,NA,0,NA,NA,25,18,NA,NA,NA,0,NA,NA,86.3636363636,11,NA,NA,batting_and_bowling,not_price_verified,npl-2025,NPL 2025 Â· Season 2,spr,NA,NA,NA,82.1428571429,32.1915584416,100,NA
0b62d391,A Gharti,2025/26,Karnali Yaks,Domestic,0,4,2,0,27,0,17,2,0,8.5,8.5,13,62.962962963,15,55.5555555556,9,2,0,1,0,1,4,3.7037037037,8,8,0,0,0,NA,0,NA,0,0,3,3,100,0,0,0,0,14,24,58.3333333333,15,62.5,1,0,0,NA,NA,0,0,NA,NA,0,NA,0,0,NA,NA,0,0,0,NA,0,0,0,NA,NA,NA,0,0,0,NA,NA,NA,0,0,0,NA,NA,NA,1,0,1,0,2,2,0,0,4,0,0,0,4,3,133.3333333333,13,24,54.1666666667,0,NA,0,NA,2,0,domestic_status_unknown,Domestic/foreign classification is not supplied.,4,0,27,0,3,24,0,0,0,0,0,0,0,0,0,0,2,0,https://kathmandupost.com/cricket/2025/08/06/150-players-shortlisted-for-npl-season-2-auction,documented auction/retention pool; contextual ID mapping,Karnali Yaks,0,0,0,0,0,0,0,0,0,0,0,,Unknown,Arjun Gharti,Unknown,,,retained,retained_compensation_unknown,NA,https://kathmandupost.com/cricket/2025/08/06/150-players-shortlisted-for-npl-season-2-auction,2025-08-06,https://kathmandupost.com/cricket/2025/08/06/150-players-shortlisted-for-npl-season-2-auction,Historical price is context only. Current season compensation not established.,NA,NA,1000000,1000000,NA,User instruction 2026-09-23: retained players have the same price as 2024 in 2025,false,NA,NA,NA,NA,1000000,user_assumed_retained_price,58823.5294117647,NA,8.5,8.5,6.3639610307,4.5,2,0.7487012977,NA,NA,NA,NA,NA,NA,NA,NA,NA,NA,NA,NA,NA,0,NA,NA,NA,0,NA,NA,NA,0,NA,NA,NA,0,NA,NA,NA,0,NA,NA,NA,0,NA,NA,NA,0,NA,NA,NA,0,NA,NA,NA,0,NA,NA,NA,0,NA,NA,NA,0,NA,NA,NA,0,NA,NA,NA,0,NA,NA,NA,0,NA,NA,NA,0,NA,NA,NA,0,NA,NA,NA,0,NA,NA,NA,0,NA,NA,NA,0,NA,NA,NA,0,NA,NA,NA,0,NA,NA,7.1428571429,7,NA,NA,NA,0,NA,NA,batting_only,not_price_verified,npl-2025,NPL 2025 Â· Season 2,ky,NA,NA,NA,NA,NA,NA,NA
83fddc3f,A Mahata,2025/26,Janakpur Bolts,Domestic,0,5,4,5,24,48,35,3,1,11.6666666667,8.75,18,145.8333333333,7,29.1666666667,11,1,0,4,1,5,22,20.8333333333,7.25,7,0,0,0,NA,0,NA,0,0,6,6,100,3,50,1,0,29,18,161.1111111111,4,22.2222222222,3,1,4,0.8,12,8,70,8.75,17.5,16,33.3333333333,5,0,10.4166666667,0,7,2,40,18.75,0,0,0,NA,NA,NA,30,44,1,8.8,30,36.6666666667,18,26,3,8.6666666667,6,27.7777777778,0,0,0,0,1,4,0,0,18,0,0,0,15,13,115.3846153846,20,11,181.8181818182,3,8.75,1,8.75,4,5,domestic_status_unknown,Domestic/foreign classification is not supplied.,5,0,24,0,6,18,50,48,9,0,11,5,24,35,24,35,4,0,https://kathmandupost.com/cricket/2025/08/10/mohammad-adil-alam-steals-the-spotlight-in-npl-season-2-auction,documented auction/retention pool; contextual ID mapping,Janakpur Bolts,0,0,0,1,0,0,0,0,2,0,0,,Unknown,Aditya Mahata,All-rounder,https://www.onlinekhabar.com/wp-content/uploads/2025/08/SBL-NPL-Auction-Pool-2025-Final-Sheet1.pdf,2025 auction pool,auction,exact_auction_price,C,https://kathmandupost.com/cricket/2025/08/10/mohammad-adil-alam-steals-the-spotlight-in-npl-season-2-auction,2025-08-10,https://kathmandupost.com/cricket/2025/08/10/mohammad-adil-alam-steals-the-spotlight-in-npl-season-2-auction,NPR; reported clearing price. Base-price purchases use category price explicitly reported in auction result.,500000,NA,NA,NA,NA,,true,14285.7142857143,125000,NA,NA,500000,reported_exact_auction,14285.7142857143,125000,8.75,8,9.0323492699,14.75,4,1.032268488,0.8,1,0.8366600265,1,5,1.0458250332,8.9,9,2.0736441353,2,5,0.2329937231,8.3333333333,6,20,-10,NA,0,NA,NA,25,6,20,10,NA,0,NA,NA,50,5,NA,NA,NA,0,NA,NA,NA,0,NA,NA,NA,0,NA,NA,41.6666666667,6,20,30,NA,0,NA,NA,90,5,NA,NA,25,6,20,10,NA,0,NA,NA,50,5,NA,NA,NA,0,NA,NA,NA,0,NA,NA,NA,0,NA,NA,NA,0,NA,NA,NA,0,NA,NA,NA,0,NA,NA,10,5,NA,NA,NA,0,NA,NA,NA,0,NA,NA,batting_and_bowling,contextual_manual_match,npl-2025,NPL 2025 Â· Season 2,jab,32.6086956522,0,69.612890923,48.5119047619,0,98.4632034632,NA
94b8d7dd,A Saud,2025/26,Chitwan Rhinos,Domestic,0,7,6,0,70,0,87,4,2,21.75,14.5,52,124.2857142857,30,42.8571428571,25,3,0,8,4,12,56,17.1428571429,NA,NA,3,35,30,116.6666666667,17,56.6666666667,4,2,36,31,116.1290322581,12,38.7096774194,3,1,16,9,177.7777777778,1,11.1111111111,1,1,0,NA,NA,0,0,NA,NA,0,NA,0,0,NA,NA,0,0,0,NA,0,0,0,NA,NA,NA,0,0,0,NA,NA,NA,0,0,0,NA,NA,NA,1,0,2,0,2,5,0,0,8,0,0,0,61,46,132.6086956522,26,24,108.3333333333,0,NA,0,NA,6,0,domestic_status_unknown|opening_order_unknown,Domestic/foreign classification is not supplied. 3 innings have unknown exact opening order. Position mean/median left NA; times_opened retained.,7,0,70,30,31,9,0,0,0,0,0,0,0,0,0,0,3,3,https://kathmandupost.com/cricket/2025/08/10/mohammad-adil-alam-steals-the-spotlight-in-npl-season-2-auction,documented auction/retention pool; contextual ID mapping,Chitwan Rhinos,0,0,0,0,1,0,0,0,0,0,0,,Unknown,Arjun Saud,Wicketkeeper-batter,https://www.onlinekhabar.com/wp-content/uploads/2025/08/SBL-NPL-Auction-Pool-2025-Final-Sheet1.pdf,2025 auction pool,auction,exact_auction_price,A,https://kathmandupost.com/cricket/2025/08/10/mohammad-adil-alam-steals-the-spotlight-in-npl-season-2-auction,2025-08-10,https://kathmandupost.com/cricket/2025/08/10/mohammad-adil-alam-steals-the-spotlight-in-npl-season-2-auction,NPR; reported clearing price. Base-price purchases use category price explicitly reported in auction result.,1500000,NA,NA,NA,NA,,true,17241.3793103448,NA,NA,NA,1500000,reported_exact_auction,17241.3793103448,NA,14.5,8,19.1389654893,10.5,6,1.3199286544,NA,NA,NA,NA,NA,NA,NA,NA,NA,NA,NA,NA,NA,0,NA,NA,NA,0,NA,NA,NA,0,NA,NA,NA,0,NA,NA,NA,0,NA,NA,NA,0,NA,NA,NA,0,NA,NA,NA,0,NA,NA,NA,0,NA,NA,NA,0,NA,NA,NA,0,NA,NA,NA,0,NA,NA,NA,0,NA,NA,NA,0,NA,NA,NA,0,NA,NA,NA,0,NA,NA,NA,0,NA,NA,NA,0,NA,NA,NA,0,NA,NA,NA,0,NA,NA,NA,0,NA,NA,NA,0,NA,NA,NA,0,NA,NA,batting_only,contextual_manual_match,npl-2025,NPL 2025 Â· Season 2,chr,44.347826087,7.3436308162,81.3520213577,NA,NA,NA,NA
cbba9e4e,A Tripathi,2025/26,Kathmandu Gorkhas,Domestic,0,8,8,0,138,0,118,8,0,14.75,14.75,39,85.5072463768,75,54.7445255474,36,13,0,11,2,13,56,9.4202898551,NA,NA,8,71,80,88.75,47,59.4936708861,9,1,47,56,83.9285714286,26,46.4285714286,2,1,0,2,0,2,100,0,0,0,NA,NA,0,0,NA,NA,0,NA,0,0,NA,NA,0,0,0,NA,0,0,0,NA,NA,NA,0,0,0,NA,NA,NA,0,0,0,NA,NA,NA,0,0,0,0,5,3,1,0,83,0,1,0,37,52,71.1538461538,81,86,94.1860465116,0,NA,0,NA,8,0,domestic_status_unknown|opening_order_unknown|team_alias_review,Domestic/foreign classification is not supplied. 8 innings have unknown exact opening order. Position mean/median left NA; times_opened retained. Kathmandu Gurkhas/Gorkhas uses proposed canonical label Kathmandu Gorkhas; raw label retained.,8,0,137,79,56,2,0,0,0,0,0,0,0,0,0,0,0,8,https://kathmandupost.com/cricket/2025/08/10/mohammad-adil-alam-steals-the-spotlight-in-npl-season-2-auction,documented auction/retention pool; contextual ID mapping,Kathmandu Gorkhas,0,0,0,0,0,0,2,0,0,0,0,,Unknown,Aakash Tripathi,Batter,https://www.onlinekhabar.com/wp-content/uploads/2025/08/SBL-NPL-Auction-Pool-2025-Final-Sheet1.pdf,2025 auction pool,auction,exact_auction_price,B,https://kathmandupost.com/cricket/2025/08/10/mohammad-adil-alam-steals-the-spotlight-in-npl-season-2-auction,2025-08-10,https://kathmandupost.com/cricket/2025/08/10/mohammad-adil-alam-steals-the-spotlight-in-npl-season-2-auction,NPR; reported clearing price. Base-price purchases use category price explicitly reported in auction result.,700000,NA,NA,NA,NA,,true,5932.2033898305,NA,NA,NA,700000,reported_exact_auction,5932.2033898305,NA,14.75,6,17.0775541909,31.75,8,1.1578002841,NA,NA,NA,NA,NA,NA,NA,NA,NA,NA,NA,NA,68.75,8,NA,NA,8.3333333333,6,NA,NA,56.25,8,NA,NA,25,6,NA,NA,NA,0,NA,NA,NA,0,NA,NA,NA,0,NA,NA,NA,0,NA,NA,18.75,8,NA,NA,NA,0,NA,NA,NA,0,NA,NA,68.75,8,NA,NA,25,6,NA,NA,NA,0,NA,NA,NA,0,NA,NA,NA,0,NA,NA,NA,0,NA,NA,35.7142857143,7,NA,NA,NA,0,NA,NA,30,5,NA,NA,NA,0,NA,NA,NA,0,NA,NA,NA,0,NA,NA,batting_only,contextual_manual_match,npl-2025,NPL 2025 Â· Season 2,kag,45.1690821256,8.1648868548,82.1732773964,NA,NA,NA,NA
5b1d6583,AK Sah,2025/26,Janakpur Bolts,Domestic,0,6,6,6,75,114,73,6,0,12.1666666667,12.1666666667,61,97.3333333333,37,49.3333333333,25,5,0,5,3,8,38,10.6666666667,3.5,3,0,24,36,66.6666666667,25,69.4444444444,2,1,48,36,133.3333333333,10,27.7777777778,3,2,1,3,33.3333333333,2,66.6666666667,0,0,4,0.6666666667,28.5,19,135,7.1052631579,33.75,45,39.4736842105,6,0,5.2631578947,0,9,6,72,13.1578947368,54,63,0,7,NA,46.2962962963,48,45,2,5.625,24,35.4166666667,12,27,2,13.5,6,25,2,0,0,1,1,5,0,0,61,1,0,0,7,12,58.3333333333,66,63,104.7619047619,3,7.25,1,6.8571428571,6,6,domestic_status_unknown,Domestic/foreign classification is not supplied.,6,0,75,36,36,3,116,114,15,25,17,3,72,87,42,48,6,0,https://kathmandupost.com/cricket/2025/08/06/150-players-shortlisted-for-npl-season-2-auction,documented auction/retention pool; contextual ID mapping,Janakpur Bolts,0,0,0,0,1,0,2,0,2,0,0,,Unknown,Anil Sah,Unknown,,,retained,retained_compensation_unknown,NA,https://kathmandupost.com/cricket/2025/08/06/150-players-shortlisted-for-npl-season-2-auction,2025-08-06,https://kathmandupost.com/cricket/2025/08/06/150-players-shortlisted-for-npl-season-2-auction,Historical price is context only. Current season compensation not established.,NA,NA,1500000,1500000,NA,User instruction 2026-09-23: retained players have the same price as 2024 in 2025,false,NA,NA,NA,NA,1500000,user_assumed_retained_price,20547.9452054795,375000,12.1666666667,2.5,24.0783443506,6,6,1.9790420014,0.6666666667,1,0.5163977795,0.75,6,0.7745966692,7.2222222222,6.9166666667,2.4419178862,0.9583333333,6,0.3381117073,50,21,NA,NA,21.875,16,NA,NA,22.5,20,NA,NA,21.875,16,NA,NA,50,22,NA,NA,79.4117647059,17,NA,NA,28.125,16,NA,NA,31.25,16,NA,NA,2.380952381,21,NA,NA,78.5714285714,21,NA,NA,34.0909090909,22,NA,NA,35.7142857143,21,NA,NA,34.375,16,NA,NA,38.6363636364,22,NA,NA,55.8823529412,17,NA,NA,26.4705882353,17,NA,NA,58.8235294118,17,NA,NA,6.25,8,NA,NA,59.375,16,NA,NA,95.8333333333,12,NA,NA,91.6666666667,18,NA,NA,NA,0,NA,NA,NA,0,NA,NA,batting_and_bowling,not_price_verified,npl-2025,NPL 2025 Â· Season 2,jab,36.0869565217,0,73.0911517925,37.1428571429,0,87.0941558442,NA
7bcde3fe,AM Rossington,2025/26,Pokhara Avengers,Foreign,0,7,7,0,214,0,323,6,1,53.8333333333,46.1428571429,108,150.9345794393,85,39.7196261682,73,6,0,31,19,50,238,23.3644859813,NA,NA,7,132,92,143.4782608696,46,50,18,6,132,96,137.5,34,35.4166666667,9,8,59,26,226.9230769231,5,19.2307692308,4,5,0,NA,NA,0,0,NA,NA,0,NA,0,0,NA,NA,0,0,0,NA,0,0,0,NA,NA,NA,0,0,0,NA,NA,NA,0,0,0,NA,NA,NA,4,3,1,2,3,4,0,0,197,0,0,0,213,138,154.347826087,110,76,144.7368421053,0,NA,0,NA,7,0,domestic_status_unknown|opening_order_unknown,Domestic/foreign classification is not supplied. 7 innings have unknown exact opening order. Position mean/median left NA; times_opened retained.,7,0,214,92,96,26,0,0,0,0,0,0,0,0,0,0,0,7,https://www.cricnepal.com/tournament/nepal-premier-league-2025-174/squads/pokhara-avengers-025-22564,documented season roster; contextual ID mapping,Pokhara Avengers,0,0,0,1,2,1,0,0,0,0,0,,Unknown,AM Rossington,Unknown,,,not_found,not_found,,,,,,NA,NA,NA,NA,NA,,false,NA,NA,NA,NA,NA,unavailable,NA,NA,46.1428571429,39,40.143196067,58.5,7,0.8699763854,NA,NA,NA,NA,NA,NA,NA,NA,NA,NA,NA,NA,NA,0,NA,NA,NA,0,NA,NA,NA,0,NA,NA,NA,0,NA,NA,NA,0,NA,NA,NA,0,NA,NA,NA,0,NA,NA,NA,0,NA,NA,NA,0,NA,NA,NA,0,NA,NA,NA,0,NA,NA,NA,0,NA,NA,NA,0,NA,NA,NA,0,NA,NA,NA,0,NA,NA,NA,0,NA,NA,NA,0,NA,NA,NA,0,NA,NA,NA,0,NA,NA,NA,0,NA,NA,NA,0,NA,NA,NA,0,NA,NA,NA,0,NA,NA,batting_only,not_price_verified,npl-2025,NPL 2025 Â· Season 2,poa,81.3570487484,44.3528534776,100,NA,NA,NA,NA
30d8136b,AR Ramjani,2025/26,Chitwan Rhinos,Foreign,0,1,1,1,22,24,33,0,1,NA,33,33,150,7,31.8181818182,8,3,1,1,2,3,16,13.6363636364,7,7,0,0,0,NA,0,NA,0,0,8,8,100,4,50,1,0,25,14,178.5714285714,3,21.4285714286,0,2,0,0,NA,4,21,5.25,NA,13,54.1666666667,0,0,0,0,0,2,12,8.3333333333,18,17,0,5.6666666667,NA,61.1111111111,0,0,0,NA,NA,NA,6,4,0,4,NA,33.3333333333,0,0,0,0,0,1,0,0,0,0,0,0,33,22,150,0,0,NA,0,NA,0,5.25,1,1,domestic_status_unknown,Domestic/foreign classification is not supplied.,1,0,22,0,8,14,24,24,2,11,0,2,0,0,24,21,1,0,https://en.himalpress.com/karnali-vs-chitwan-biratnagar-vs-pokhara-in-npl-today/,documented season roster; contextual ID mapping,Chitwan Rhinos,0,0,0,1,0,0,0,0,0,0,0,,Unknown,AR Ramjani,Unknown,,,not_found,not_found,,,,,,NA,NA,NA,NA,NA,,false,NA,NA,NA,NA,NA,unavailable,NA,NA,33,33,NA,0,1,NA,0,0,NA,0,1,NA,5.25,5.25,NA,0,1,NA,NA,0,NA,NA,NA,0,NA,NA,NA,0,NA,NA,NA,0,NA,NA,NA,0,NA,NA,NA,0,NA,NA,NA,0,NA,NA,NA,0,NA,NA,NA,0,NA,NA,NA,0,NA,NA,NA,0,NA,NA,NA,0,NA,NA,NA,0,NA,NA,NA,0,NA,NA,NA,0,NA,NA,NA,0,NA,NA,NA,0,NA,NA,NA,0,NA,NA,NA,0,NA,NA,NA,0,NA,NA,NA,0,NA,NA,NA,0,NA,NA,NA,0,NA,NA,batting_and_bowling,not_price_verified,npl-2025,NPL 2025 Â· Season 2,chr,NA,NA,NA,NA,NA,NA,NA
3d74eacf,AS Routela,2025/26,Chitwan Rhinos,Domestic,0,4,3,1,11,12,13,1,2,13,4.3333333333,9,118.1818181818,3,27.2727272727,5,2,0,1,0,1,4,9.0909090909,6.6666666667,7,0,0,0,NA,0,NA,0,0,8,5,160,1,20,1,0,5,6,83.3333333333,2,33.3333333333,0,0,1,1,12,2,19,9.5,19,3,25,0,0,0,0,0,2,12,16.6666666667,0,0,0,NA,NA,NA,12,19,1,9.5,12,25,0,0,0,NA,NA,NA,1,0,0,0,1,3,0,0,3,0,0,0,4,5,80,9,6,150,0,NA,1,9.5,3,1,domestic_status_unknown,Domestic/foreign classification is not supplied.,4,0,11,0,5,6,12,12,2,0,3,0,0,0,12,19,3,0,https://kathmandupost.com/cricket/2025/08/06/150-players-shortlisted-for-npl-season-2-auction,documented auction/retention pool; contextual ID mapping,Chitwan Rhinos,0,0,0,0,0,0,0,0,0,0,0,,Unknown,Amar Singh Rautel,Unknown,,,retained,retained_compensation_unknown,NA,https://kathmandupost.com/cricket/2025/08/06/150-players-shortlisted-for-npl-season-2-auction,2025-08-06,https://kathmandupost.com/cricket/2025/08/06/150-players-shortlisted-for-npl-season-2-auction,Historical price is context only. Current season compensation not established.,NA,NA,500000,500000,NA,User instruction 2026-09-23: retained players have the same price as 2024 in 2025,false,NA,NA,NA,NA,500000,user_assumed_retained_price,38461.5384615385,500000,4.3333333333,3,4.1633319989,4,3,0.9607689228,1,1,NA,0,1,NA,9.5,9.5,NA,0,1,NA,NA,0,NA,NA,NA,0,NA,NA,NA,0,NA,NA,NA,0,NA,NA,NA,0,NA,NA,NA,0,NA,NA,NA,0,NA,NA,NA,0,NA,NA,NA,0,NA,NA,NA,0,NA,NA,NA,0,NA,NA,NA,0,NA,NA,NA,0,NA,NA,NA,0,NA,NA,NA,0,NA,NA,NA,0,NA,NA,NA,0,NA,NA,NA,0,NA,NA,NA,0,NA,NA,NA,0,NA,NA,NA,0,NA,NA,NA,0,NA,NA,NA,0,NA,NA,batting_and_bowling,not_price_verified,npl-2025,NPL 2025 Â· Season 2,chr,NA,NA,NA,NA,NA,NA,NA
279c51f0,Aakash Chand,2025/26,Pokhara Avengers,Domestic,0,5,3,5,5,84,5,2,1,2.5,1.6666666667,4,100,3,60,1,0,0,1,0,1,4,20,10,10,0,0,0,NA,0,NA,0,0,0,0,NA,0,NA,0,0,5,5,100,3,60,1,0,3,0.6,28,14,157,11.2142857143,52.3333333333,26,30.9523809524,2,2,2.380952381,2.380952381,19,6,112,29.0697674419,36,74,0,12.3333333333,NA,38.8888888889,18,24,0,8,NA,11.1111111111,30,59,3,11.8,10,33.3333333333,0,0,0,0,2,3,0,0,0,0,0,0,0,0,NA,5,5,100,3,11.1666666667,0,11.5,3,5,domestic_status_unknown,Domestic/foreign classification is not supplied.,5,0,5,0,0,5,88,86,25,14,2,10,72,134,12,23,3,0,https://kathmandupost.com/cricket/2025/08/06/150-players-shortlisted-for-npl-season-2-auction,documented auction/retention pool; contextual ID mapping,Pokhara Avengers,0,0,0,0,0,0,1,0,2,2,0,,Unknown,Aakash Chand,Bowler,https://pokharaavengers.com/our-team,Current franchise classification accessed 2026-09-23; historical role not established,retained,retained_compensation_unknown,NA,https://kathmandupost.com/cricket/2025/08/06/150-players-shortlisted-for-npl-season-2-auction,2025-08-06,https://kathmandupost.com/cricket/2025/08/06/150-players-shortlisted-for-npl-season-2-auction,Historical price is context only. Current season compensation not established.,NA,NA,1150000,1150000,NA,User instruction 2026-09-23: retained players have the same price as 2024 in 2025,false,NA,NA,NA,NA,1150000,user_assumed_retained_price,230000,383333.3333333333,1.6666666667,1,2.0816659995,2,3,1.2489995997,0.6,0,0.894427191,1,5,1.490711985,11.3,11,0.6708203932,1,5,0.0593646366,NA,0,NA,NA,NA,0,NA,NA,NA,0,NA,NA,NA,0,NA,NA,15,10,NA,NA,5.5555555556,9,NA,NA,16.6666666667,9,NA,NA,5.5555555556,9,NA,NA,NA,0,NA,NA,15,10,NA,NA,95,10,NA,NA,NA,0,NA,NA,NA,0,NA,NA,10,10,NA,NA,5.5555555556,9,NA,NA,61.1111111111,9,NA,NA,5.5555555556,9,NA,NA,NA,0,NA,NA,6.25,8,NA,NA,NA,0,NA,NA,NA,0,NA,NA,NA,0,NA,NA,NA,0,NA,NA,batting_and_bowling,not_price_verified,npl-2025,NPL 2025 Â· Season 2,poa,NA,NA,NA,34.623015873,0,84.5743145743,NA
cd4d7695,Aarif Sheikh,2025/26,Sudur Paschim Royals,Domestic,0,9,8,0,156,0,186,6,2,31,23.25,45,119.2307692308,56,35.8974358974,70,8,0,16,6,22,100,14.1025641026,5,4,0,21,26,80.7692307692,12,46.1538461538,2,0,89,83,107.2289156627,30,36.1445783133,9,1,76,47,161.7021276596,14,29.7872340426,5,5,0,NA,NA,0,0,NA,NA,0,NA,0,0,NA,NA,0,0,0,NA,0,0,0,NA,NA,NA,0,0,0,NA,NA,NA,0,0,0,NA,NA,NA,4,0,1,0,7,2,2,1,135,0,26,0,147,119,123.5294117647,39,37,105.4054054054,0,NA,0,NA,8,0,domestic_status_unknown,Domestic/foreign classification is not supplied.,9,0,156,26,83,47,0,0,0,0,0,0,0,0,0,0,8,0,https://kathmandupost.com/cricket/2025/08/06/150-players-shortlisted-for-npl-season-2-auction,documented auction/retention pool; contextual ID mapping,Sudur Paschim Royals,0,0,0,1,0,0,1,0,0,0,0,,Unknown,Aarif Sheikh,Unknown,,,retained,retained_compensation_unknown,NA,https://kathmandupost.com/cricket/2025/08/06/150-players-shortlisted-for-npl-season-2-auction,2025-08-06,https://kathmandupost.com/cricket/2025/08/06/150-players-shortlisted-for-npl-season-2-auction,Historical price is context only. Current season compensation not established.,NA,NA,1500000,1500000,NA,User instruction 2026-09-23: retained players have the same price as 2024 in 2025,false,NA,NA,NA,NA,1500000,user_assumed_retained_price,8064.5161290323,NA,23.25,24.5,15.0594061731,13.5,8,0.6477163945,NA,NA,NA,NA,NA,NA,NA,NA,NA,NA,NA,NA,88.0952380952,21,NA,NA,71.875,16,NA,NA,92.5,20,NA,NA,84.375,16,NA,NA,NA,0,NA,NA,NA,0,NA,NA,NA,0,NA,NA,NA,0,NA,NA,78.5714285714,21,NA,NA,NA,0,NA,NA,NA,0,NA,NA,92.8571428571,21,NA,NA,71.875,16,NA,NA,NA,0,NA,NA,NA,0,NA,NA,NA,0,NA,NA,NA,0,NA,NA,31.25,8,NA,NA,NA,0,NA,NA,62.5,12,NA,NA,NA,0,NA,NA,50,7,NA,NA,NA,0,NA,NA,batting_only,not_price_verified,npl-2025,NPL 2025 Â· Season 2,spr,70.2898550725,33.2856598017,100,NA,NA,NA,NA
dcbea954,Aasif Sheikh,2025/26,Janakpur Bolts,Domestic,0,7,7,0,93,0,105,7,0,15,15,54,112.9032258065,42,45.1612903226,31,5,0,13,2,15,64,16.1290322581,NA,NA,7,79,71,111.2676056338,35,49.2957746479,10,2,26,22,118.1818181818,7,31.8181818182,3,0,0,0,NA,0,NA,0,0,0,NA,NA,0,0,NA,NA,0,NA,0,0,NA,NA,0,0,0,NA,0,0,0,NA,NA,NA,0,0,0,NA,NA,NA,0,0,0,NA,NA,NA,2,0,1,0,1,6,0,0,18,0,0,0,74,60,123.3333333333,31,33,93.9393939394,0,NA,0,NA,7,0,domestic_status_unknown|opening_order_unknown,Domestic/foreign classification is not supplied. 7 innings have unknown exact opening order. Position mean/median left NA; times_opened retained.,7,0,93,71,22,0,0,0,0,0,0,0,0,0,0,0,0,7,https://kathmandupost.com/cricket/2025/08/06/150-players-shortlisted-for-npl-season-2-auction,documented auction/retention pool; contextual ID mapping,Janakpur Bolts,0,0,0,0,1,0,3,0,0,0,0,,Unknown,Aasif Sheikh,Unknown,,,retained_marquee,retained_compensation_unknown,NA,https://kathmandupost.com/cricket/2025/08/06/150-players-shortlisted-for-npl-season-2-auction,2025-08-06,https://kathmandupost.com/cricket/2025/08/06/150-players-shortlisted-for-npl-season-2-auction,Historical price is context only. Current season compensation not established.,NA,NA,NA,NA,2000000,"Project-owner assumption: every marquee player receives NPR 2,000,000 in each of 2024/25 and 2025/26. Not independently verified payment evidence.",false,NA,NA,NA,NA,2000000,user_assumed_marquee_salary,19047.619047619046,NA,15,13,19.2959408512,19,7,1.2863960567,NA,NA,NA,NA,NA,NA,NA,NA,NA,NA,NA,NA,59.5238095238,21,NA,NA,59.375,16,NA,NA,42.5,20,NA,NA,46.875,16,NA,NA,NA,0,NA,NA,NA,0,NA,NA,NA,0,NA,NA,NA,0,NA,NA,21.4285714286,21,NA,NA,NA,0,NA,NA,NA,0,NA,NA,54.7619047619,21,NA,NA,84.375,16,NA,NA,NA,0,NA,NA,NA,0,NA,NA,NA,0,NA,NA,NA,0,NA,NA,93.75,8,NA,NA,NA,0,NA,NA,NA,0,NA,NA,NA,0,NA,NA,NA,0,NA,NA,NA,0,NA,NA,batting_only,not_price_verified,npl-2025,NPL 2025 Â· Season 2,jab,47.233201581,10.2290063102,84.2373968518,NA,NA,NA,2000000
12d57ebd,Abhisekh Tiwari,2025/26,Pokhara Avengers,Domestic,0,4,2,0,22,0,14,2,0,7,7,11,63.6363636364,13,59.0909090909,8,0,0,0,1,1,6,4.5454545455,7,7,0,0,0,NA,0,NA,0,0,13,18,72.2222222222,10,55.5555555556,0,1,1,4,25,3,75,0,0,0,NA,NA,0,0,NA,NA,0,NA,0,0,NA,NA,0,0,0,NA,0,0,0,NA,NA,NA,0,0,0,NA,NA,NA,0,0,0,NA,NA,NA,2,0,0,0,1,3,0,0,0,0,0,0,0,0,NA,14,22,63.6363636364,0,NA,0,NA,2,0,domestic_status_unknown|substitute_only_appearances,Domestic/foreign classification is not supplied. 1 observed matches were not in source squad lists; included in matches_played.,3,1,22,0,18,4,0,0,0,0,0,0,0,0,0,0,2,0,https://kathmandupost.com/cricket/2025/08/10/mohammad-adil-alam-steals-the-spotlight-in-npl-season-2-auction,documented auction/retention pool; contextual ID mapping,Pokhara Avengers,0,0,1,0,0,0,0,0,0,0,0,,Unknown,Abhisekh Tiwari,All-rounder,https://www.onlinekhabar.com/wp-content/uploads/2025/08/SBL-NPL-Auction-Pool-2025-Final-Sheet1.pdf,2025 auction pool,auction,exact_auction_price,C,https://kathmandupost.com/cricket/2025/08/10/mohammad-adil-alam-steals-the-spotlight-in-npl-season-2-auction,2025-08-10,https://kathmandupost.com/cricket/2025/08/10/mohammad-adil-alam-steals-the-spotlight-in-npl-season-2-auction,NPR; reported clearing price. Base-price purchases use category price explicitly reported in auction result.,200000,NA,NA,NA,NA,,true,14285.7142857143,NA,NA,NA,200000,reported_exact_auction,14285.7142857143,NA,7,7,5.6568542495,4,2,0.8081220356,NA,NA,NA,NA,NA,NA,NA,NA,NA,NA,NA,NA,NA,0,NA,NA,NA,0,NA,NA,NA,0,NA,NA,NA,0,NA,NA,NA,0,NA,NA,NA,0,NA,NA,NA,0,NA,NA,NA,0,NA,NA,NA,0,NA,NA,NA,0,NA,NA,NA,0,NA,NA,NA,0,NA,NA,NA,0,NA,NA,NA,0,NA,NA,NA,0,NA,NA,NA,0,NA,NA,NA,0,NA,NA,NA,0,NA,NA,NA,0,NA,NA,NA,0,NA,NA,NA,0,NA,NA,NA,0,NA,NA,NA,0,NA,NA,batting_only,contextual_manual_match,npl-2025,NPL 2025 Â· Season 2,poa,NA,NA,NA,NA,NA,NA,NA
0baa5518,Abhishesh Gautam,2025/26,Lumbini Lions,Domestic,0,10,3,10,12,186,12,2,1,6,4,6,100,5,41.6666666667,4,2,0,1,0,1,4,8.3333333333,10.3333333333,10,0,0,0,NA,0,NA,0,0,0,0,NA,0,NA,0,0,12,12,100,5,41.6666666667,1,0,7,0.7,26.5714285714,31,215,6.935483871,30.7142857143,89,47.8494623656,8,0,4.3010752688,0,17,9,122,13.9784946237,90,78,3,5.2,30,60,66,79,3,7.1818181818,22,34.8484848485,30,58,1,11.6,30,40,0,0,0,0,7,3,3,1,2,6,2,3,8,4,200,4,8,50,4,7.3181818182,3,6,3,10,domestic_status_unknown,Domestic/foreign classification is not supplied.,10,0,12,0,0,12,194,186,26,54,23,12,132,161,54,54,3,0,https://kathmandupost.com/cricket/2025/08/06/150-players-shortlisted-for-npl-season-2-auction,documented auction/retention pool; contextual ID mapping,Lumbini Lions,0,0,0,0,0,0,0,0,8,0,0,,Unknown,Abhisesh Gautam,Bowler,https://lumbinilions.com.np/,Current franchise classification accessed 2026-09-23; historical role not established,retained,retained_compensation_unknown,NA,https://kathmandupost.com/cricket/2025/08/06/150-players-shortlisted-for-npl-season-2-auction,2025-08-06,https://kathmandupost.com/cricket/2025/08/06/150-players-shortlisted-for-npl-season-2-auction,Historical price is context only. Current season compensation not established.,NA,NA,200000,200000,NA,User instruction 2026-09-23: retained players have the same price as 2024 in 2025,false,NA,NA,NA,NA,200000,user_assumed_retained_price,16666.6666666667,28571.4285714286,4,4,2,2,3,0.5,0.7,0.5,0.8232726023,1,10,1.1761037176,7.525,6.25,2.8344360599,5.1875,10,0.3766692438,NA,0,NA,NA,NA,0,NA,NA,NA,0,NA,NA,NA,0,NA,NA,50,10,NA,NA,50,9,NA,NA,27.7777777778,9,NA,NA,27.7777777778,9,NA,NA,NA,0,NA,NA,45,10,NA,NA,25,10,NA,NA,NA,0,NA,NA,NA,0,NA,NA,25,10,NA,NA,83.3333333333,9,NA,NA,16.6666666667,9,NA,NA,61.1111111111,9,NA,NA,NA,0,NA,NA,93.75,8,NA,NA,NA,0,NA,NA,45,10,NA,NA,NA,0,NA,NA,NA,0,NA,NA,batting_and_bowling,not_price_verified,npl-2025,NPL 2025 Â· Season 2,lul,NA,NA,NA,36.6071428571,0,86.5584415584,NA
2f7a41f8,Arjun Kumal,2025/26,Pokhara Avengers,Domestic,0,2,1,0,53,0,43,0,1,NA,43,43,81.1320754717,26,50,19,5,0,2,1,3,14,5.6603773585,NA,NA,1,8,14,57.1428571429,9,64.2857142857,1,0,25,26,96.1538461538,12,48,1,1,10,13,76.9230769231,5,38.4615384615,0,0,0,NA,NA,0,0,NA,NA,0,NA,0,0,NA,NA,0,0,0,NA,0,0,0,NA,NA,NA,0,0,0,NA,NA,NA,0,0,0,NA,NA,NA,2,0,0,0,1,1,0,0,43,0,0,0,0,0,NA,43,53,81.1320754717,0,NA,0,NA,1,0,domestic_status_unknown|opening_order_unknown|substitute_only_appearances,Domestic/foreign classification is not supplied. 1 innings have unknown exact opening order. Position mean/median left NA; times_opened retained. 1 observed matches were not in source squad lists; included in matches_played.,1,1,52,14,25,13,0,0,0,0,0,0,0,0,0,0,0,1,https://kathmandupost.com/cricket/2025/08/10/mohammad-adil-alam-steals-the-spotlight-in-npl-season-2-auction,documented auction/retention pool; contextual ID mapping,Pokhara Avengers,0,0,2,1,0,0,0,0,0,0,0,,Unknown,Arjun Kumal,Wicketkeeper-batter,https://www.onlinekhabar.com/wp-content/uploads/2025/08/SBL-NPL-Auction-Pool-2025-Final-Sheet1.pdf,2025 auction pool,auction,exact_auction_price,B,https://kathmandupost.com/cricket/2025/08/10/mohammad-adil-alam-steals-the-spotlight-in-npl-season-2-auction,2025-08-10,https://kathmandupost.com/cricket/2025/08/10/mohammad-adil-alam-steals-the-spotlight-in-npl-season-2-auction,NPR; reported clearing price. Base-price purchases use category price explicitly reported in auction result.,500000,NA,NA,NA,NA,,true,11627.9069767442,NA,NA,NA,500000,reported_exact_auction,11627.9069767442,NA,43,43,NA,0,1,NA,NA,NA,NA,NA,NA,NA,NA,NA,NA,NA,NA,NA,NA,0,NA,NA,NA,0,NA,NA,NA,0,NA,NA,NA,0,NA,NA,NA,0,NA,NA,NA,0,NA,NA,NA,0,NA,NA,NA,0,NA,NA,NA,0,NA,NA,NA,0,NA,NA,NA,0,NA,NA,NA,0,NA,NA,NA,0,NA,NA,NA,0,NA,NA,NA,0,NA,NA,NA,0,NA,NA,NA,0,NA,NA,NA,0,NA,NA,NA,0,NA,NA,NA,0,NA,NA,NA,0,NA,NA,NA,0,NA,NA,NA,0,NA,NA,batting_only,contextual_manual_match,npl-2025,NPL 2025 Â· Season 2,poa,NA,NA,NA,NA,NA,NA,NA
179f9589,B Aagri,2025/26,Janakpur Bolts,Domestic,0,1,0,1,0,6,0,0,0,NA,NA,NA,NA,0,NA,0,0,0,0,0,0,0,NA,NA,NA,0,0,0,NA,0,NA,0,0,0,0,NA,0,NA,0,0,0,0,NA,0,NA,0,0,0,0,NA,1,5,5,NA,3,50,0,0,0,0,0,0,0,0,0,0,0,NA,NA,NA,6,5,0,5,NA,50,0,0,0,NA,NA,NA,0,0,0,0,0,1,0,0,0,0,0,0,0,0,NA,0,0,NA,0,NA,0,5,0,1,domestic_status_unknown,Domestic/foreign classification is not supplied.,1,0,0,0,0,0,6,6,0,0,3,0,0,0,6,5,0,0,https://kathmandupost.com/cricket/2025/08/10/mohammad-adil-alam-steals-the-spotlight-in-npl-season-2-auction,documented auction/retention pool; contextual ID mapping,Janakpur Bolts,0,0,0,NA,0,0,0,0,0,0,0,,Unknown,Bikash Agri,Unknown,,,auction,exact_auction_price,B,https://kathmandupost.com/cricket/2025/08/10/mohammad-adil-alam-steals-the-spotlight-in-npl-season-2-auction,2025-08-10,https://kathmandupost.com/cricket/2025/08/10/mohammad-adil-alam-steals-the-spotlight-in-npl-season-2-auction,NPR; reported clearing price. Base-price purchases use category price explicitly reported in auction result.,500000,NA,NA,NA,NA,,true,NA,NA,NA,NA,500000,reported_exact_auction,NA,NA,NA,NA,NA,NA,NA,NA,0,0,NA,0,1,NA,5,5,NA,0,1,NA,NA,0,NA,NA,NA,0,NA,NA,NA,0,NA,NA,NA,0,NA,NA,NA,0,NA,NA,NA,0,NA,NA,NA,0,NA,NA,NA,0,NA,NA,NA,0,NA,NA,NA,0,NA,NA,NA,0,NA,NA,NA,0,NA,NA,NA,0,NA,NA,NA,0,NA,NA,NA,0,NA,NA,NA,0,NA,NA,NA,0,NA,NA,NA,0,NA,NA,NA,0,NA,NA,NA,0,NA,NA,NA,0,NA,NA,NA,0,NA,NA,NA,0,NA,NA,bowling_only,contextual_manual_match,npl-2025,NPL 2025 Â· Season 2,jab,NA,NA,NA,NA,NA,NA,NA
f5faec97,B Acharya,2025/26,Chitwan Rhinos,Domestic,0,1,0,0,0,0,0,0,0,NA,NA,NA,NA,0,NA,0,0,0,0,0,0,0,NA,NA,NA,0,0,0,NA,0,NA,0,0,0,0,NA,0,NA,0,0,0,0,NA,0,NA,0,0,0,NA,NA,0,0,NA,NA,0,NA,0,0,NA,NA,0,0,0,NA,0,0,0,NA,NA,NA,0,0,0,NA,NA,NA,0,0,0,NA,NA,NA,0,0,0,0,1,0,0,0,0,0,0,0,0,0,NA,0,0,NA,0,NA,0,NA,0,0,domestic_status_unknown,Domestic/foreign classification is not supplied.,1,0,0,0,0,0,0,0,0,0,0,0,0,0,0,0,0,0,https://kathmandupost.com/cricket/2025/08/10/mohammad-adil-alam-steals-the-spotlight-in-npl-season-2-auction,documented auction/retention pool; contextual ID mapping,Chitwan Rhinos,0,0,0,NA,0,0,0,0,0,0,0,,Unknown,Bipin Acharya,All-rounder,https://www.onlinekhabar.com/wp-content/uploads/2025/08/SBL-NPL-Auction-Pool-2025-Final-Sheet1.pdf,2025 auction pool,auction,exact_auction_price,C,https://kathmandupost.com/cricket/2025/08/10/mohammad-adil-alam-steals-the-spotlight-in-npl-season-2-auction,2025-08-10,https://kathmandupost.com/cricket/2025/08/10/mohammad-adil-alam-steals-the-spotlight-in-npl-season-2-auction,NPR; reported clearing price. Base-price purchases use category price explicitly reported in auction result.,200000,NA,NA,NA,NA,,true,NA,NA,NA,NA,200000,reported_exact_auction,NA,NA,NA,NA,NA,NA,NA,NA,NA,NA,NA,NA,NA,NA,NA,NA,NA,NA,NA,NA,NA,0,NA,NA,NA,0,NA,NA,NA,0,NA,NA,NA,0,NA,NA,NA,0,NA,NA,NA,0,NA,NA,NA,0,NA,NA,NA,0,NA,NA,NA,0,NA,NA,NA,0,NA,NA,NA,0,NA,NA,NA,0,NA,NA,NA,0,NA,NA,NA,0,NA,NA,NA,0,NA,NA,NA,0,NA,NA,NA,0,NA,NA,NA,0,NA,NA,NA,0,NA,NA,NA,0,NA,NA,NA,0,NA,NA,NA,0,NA,NA,NA,0,NA,NA,no_recorded_innings,contextual_manual_match,npl-2025,NPL 2025 Â· Season 2,chr,NA,NA,NA,NA,NA,NA,NA
82342b13,B Bhandari,2025/26,Sudur Paschim Royals,Domestic,0,9,9,0,239,0,264,8,1,33,29.3333333333,69,110.460251046,103,43.2773109244,84,20,0,23,8,31,140,12.9707112971,NA,NA,9,117,114,102.6315789474,62,54.3859649123,16,2,108,102,105.8823529412,36,35.6435643564,5,4,39,23,169.5652173913,5,21.7391304348,2,2,0,NA,NA,0,0,NA,NA,0,NA,0,0,NA,NA,0,0,0,NA,0,0,0,NA,NA,NA,0,0,0,NA,NA,NA,0,0,0,NA,NA,NA,7,3,4,2,7,2,2,1,249,0,63,0,153,141,108.5106382979,111,98,113.2653061224,0,NA,0,NA,9,0,domestic_status_unknown|opening_order_unknown,Domestic/foreign classification is not supplied. 9 innings have unknown exact opening order. Position mean/median left NA; times_opened retained.,9,0,238,114,101,23,0,0,0,0,0,0,0,0,0,0,0,9,https://kathmandupost.com/cricket/2025/08/06/150-players-shortlisted-for-npl-season-2-auction,documented auction/retention pool; contextual ID mapping,Sudur Paschim Royals,0,0,0,1,2,0,2,0,0,0,0,,Unknown,Binod Bhandari,Unknown,,,retained,retained_compensation_unknown,NA,https://kathmandupost.com/cricket/2025/08/06/150-players-shortlisted-for-npl-season-2-auction,2025-08-06,https://kathmandupost.com/cricket/2025/08/06/150-players-shortlisted-for-npl-season-2-auction,Historical price is context only. Current season compensation not established.,NA,NA,1000000,1000000,NA,User instruction 2026-09-23: retained players have the same price as 2024 in 2025,false,NA,NA,NA,NA,1000000,user_assumed_retained_price,3787.8787878788,NA,29.3333333333,21,25.9470614907,32,9,0.8845589145,NA,NA,NA,NA,NA,NA,NA,NA,NA,NA,NA,NA,97.619047619,21,NA,NA,53.125,16,NA,NA,97.5,20,NA,NA,53.125,16,NA,NA,NA,0,NA,NA,NA,0,NA,NA,NA,0,NA,NA,NA,0,NA,NA,59.5238095238,21,NA,NA,NA,0,NA,NA,NA,0,NA,NA,97.619047619,21,NA,NA,65.625,16,NA,NA,NA,0,NA,NA,NA,0,NA,NA,NA,0,NA,NA,NA,0,NA,NA,81.25,8,NA,NA,NA,0,NA,NA,54.1666666667,12,NA,NA,NA,0,NA,NA,NA,0,NA,NA,NA,0,NA,NA,batting_only,not_price_verified,npl-2025,NPL 2025 Â· Season 2,spr,81.1036789298,44.099483659,100,NA,NA,NA,NA
fbdc8309,B Sharki,2025/26,Kathmandu Gorkhas,Domestic,0,6,5,1,58,6,90,4,1,22.5,18,55,155.1724137931,24,41.3793103448,17,4,1,5,7,12,62,20.6896551724,5,5,0,20,17,117.6470588235,9,52.9411764706,0,2,23,22,104.5454545455,11,50,0,2,47,19,247.3684210526,4,21.0526315789,5,3,0,0,NA,1,9,9,NA,2,33.3333333333,0,0,0,0,0,1,6,16.6666666667,0,0,0,NA,NA,NA,6,9,0,9,NA,33.3333333333,0,0,0,NA,NA,NA,2,0,2,1,4,2,1,0,64,0,14,0,69,39,176.9230769231,21,19,110.5263157895,0,NA,0,9,5,1,domestic_status_unknown|team_alias_review|substitute_only_appearances,Domestic/foreign classification is not supplied. Kathmandu Gurkhas/Gorkhas uses proposed canonical label Kathmandu Gorkhas; raw label retained. 1 observed matches were not in source squad lists; included in matches_played.,5,1,58,17,22,19,6,6,1,0,2,0,0,0,6,9,5,0,https://kathmandupost.com/cricket/2025/08/06/150-players-shortlisted-for-npl-season-2-auction,documented auction/retention pool; contextual ID mapping,Kathmandu Gorkhas,0,0,1,0,1,0,0,0,0,0,0,,Unknown,Bhim Sharki,Unknown,,,retained,retained_compensation_unknown,NA,https://kathmandupost.com/cricket/2025/08/06/150-players-shortlisted-for-npl-season-2-auction,2025-08-06,https://kathmandupost.com/cricket/2025/08/06/150-players-shortlisted-for-npl-season-2-auction,Historical price is context only. Current season compensation not established.,NA,NA,1500000,1500000,NA,User instruction 2026-09-23: retained players have the same price as 2024 in 2025,false,NA,NA,NA,NA,1500000,user_assumed_retained_price,16666.6666666667,NA,18,12,21.1541958013,8,5,1.1752331001,0,0,NA,0,1,NA,9,9,NA,0,1,NA,54.7619047619,21,NA,NA,96.875,16,NA,NA,62.5,20,NA,NA,59.375,16,NA,NA,NA,0,NA,NA,NA,0,NA,NA,NA,0,NA,NA,NA,0,NA,NA,35.7142857143,21,NA,NA,NA,0,NA,NA,NA,0,NA,NA,59.5238095238,21,NA,NA,90.625,16,NA,NA,NA,0,NA,NA,NA,0,NA,NA,NA,0,NA,NA,NA,0,NA,NA,NA,0,NA,NA,NA,0,NA,NA,NA,0,NA,NA,NA,0,NA,NA,NA,0,NA,NA,NA,0,NA,NA,batting_and_bowling,not_price_verified,npl-2025,NPL 2025 Â· Season 2,kag,53.6231884058,16.618993135,90.6273836766,NA,NA,NA,NA
ffdba4e2,BG Charlesworth,2025/26,Kathmandu Gorkhas,Foreign,0,8,8,0,160,0,201,8,0,25.125,25.125,64,125.625,68,42.5,57,8,0,17,10,27,128,16.875,NA,NA,8,119,96,123.9583333333,50,52.0833333333,13,6,65,55,118.1818181818,16,29.0909090909,3,3,17,9,188.8888888889,2,22.2222222222,1,1,0,NA,NA,0,0,NA,NA,0,NA,0,0,NA,NA,0,0,0,NA,0,0,0,NA,NA,NA,0,0,0,NA,NA,NA,0,0,0,NA,NA,NA,0,0,1,0,5,3,1,0,157,0,4,0,113,108,104.6296296296,88,52,169.2307692308,0,NA,0,NA,8,0,domestic_status_unknown|opening_order_unknown|team_alias_review,Domestic/foreign classification is not supplied. 8 innings have unknown exact opening order. Position mean/median left NA; times_opened retained. Kathmandu Gurkhas/Gorkhas uses proposed canonical label Kathmandu Gorkhas; raw label retained.,8,0,160,96,55,9,0,0,0,0,0,0,0,0,0,0,0,8,https://www.cricnepal.com/tournament/nepal-premier-league-2025-174/squads/kathmandu-gorkhas-024-22569,documented season roster; contextual ID mapping,Kathmandu Gorkhas,0,0,0,0,1,0,1,0,0,0,0,,Unknown,BG Charlesworth,Unknown,,,not_found,not_found,,,,,,NA,NA,NA,NA,NA,,false,NA,NA,NA,NA,NA,unavailable,NA,NA,25.125,22.5,22.6491090963,30,8,0.9014570785,NA,NA,NA,NA,NA,NA,NA,NA,NA,NA,NA,NA,NA,0,NA,NA,NA,0,NA,NA,NA,0,NA,NA,NA,0,NA,NA,NA,0,NA,NA,NA,0,NA,NA,NA,0,NA,NA,NA,0,NA,NA,NA,0,NA,NA,NA,0,NA,NA,NA,0,NA,NA,NA,0,NA,NA,NA,0,NA,NA,NA,0,NA,NA,NA,0,NA,NA,NA,0,NA,NA,NA,0,NA,NA,NA,0,NA,NA,NA,0,NA,NA,NA,0,NA,NA,NA,0,NA,NA,NA,0,NA,NA,NA,0,NA,NA,batting_only,not_price_verified,npl-2025,NPL 2025 Â· Season 2,kag,75.1207729469,38.1165776761,100,NA,NA,NA,NA
dcabd6bc,BKEL Milantha,2025/26,Janakpur Bolts,Foreign,0,2,2,0,34,0,30,2,0,15,15,23,88.2352941176,19,55.8823529412,10,1,0,3,1,4,18,11.7647058824,NA,NA,2,25,27,92.5925925926,16,59.2592592593,3,1,5,7,71.4285714286,3,42.8571428571,0,0,0,0,NA,0,NA,0,0,0,NA,NA,0,0,NA,NA,0,NA,0,0,NA,NA,0,0,0,NA,0,0,0,NA,NA,NA,0,0,0,NA,NA,NA,0,0,0,NA,NA,NA,2,0,0,0,0,2,0,0,0,0,0,0,7,12,58.3333333333,23,22,104.5454545455,0,NA,0,NA,2,0,domestic_status_unknown|opening_order_unknown,Domestic/foreign classification is not supplied. 2 innings have unknown exact opening order. Position mean/median left NA; times_opened retained.,2,0,34,27,7,0,0,0,0,0,0,0,0,0,0,0,0,2,https://www.cricnepal.com/tournament/nepal-premier-league-2025-174/squads/janakpur-bolts-034-20944,documented season roster; contextual ID mapping,Janakpur Bolts,0,0,0,0,0,0,0,0,0,0,0,,Unknown,BKEL Milantha,Unknown,,,not_found,not_found,,,,,,NA,NA,NA,NA,NA,,false,NA,NA,NA,NA,NA,unavailable,NA,NA,15,15,11.313708499,8,2,0.7542472333,NA,NA,NA,NA,NA,NA,NA,NA,NA,NA,NA,NA,NA,0,NA,NA,NA,0,NA,NA,NA,0,NA,NA,NA,0,NA,NA,NA,0,NA,NA,NA,0,NA,NA,NA,0,NA,NA,NA,0,NA,NA,NA,0,NA,NA,NA,0,NA,NA,NA,0,NA,NA,NA,0,NA,NA,NA,0,NA,NA,NA,0,NA,NA,NA,0,NA,NA,NA,0,NA,NA,NA,0,NA,NA,NA,0,NA,NA,NA,0,NA,NA,NA,0,NA,NA,NA,0,NA,NA,NA,0,NA,NA,NA,0,NA,NA,batting_only,not_price_verified,npl-2025,NPL 2025 Â· Season 2,jab,NA,NA,NA,NA,NA,NA,NA
947ceca5,BP Sharma,2025/26,Karnali Yaks,Domestic,0,5,2,4,3,78,0,1,1,0,0,0,0,3,100,0,0,0,0,0,0,0,0,11,11,0,0,0,NA,0,NA,0,0,0,0,NA,0,NA,0,0,0,3,0,3,100,0,0,2,0.5,39,13,88,6.7692307692,44,32,41.0256410256,2,0,2.5641025641,0,8,3,50,14.1025641026,24,30,1,7.5,24,50,54,58,1,6.4444444444,54,37.037037037,0,0,0,NA,NA,NA,0,0,0,0,1,4,0,0,0,1,0,0,0,0,NA,0,3,0,2,7.2,0,5.3333333333,2,4,domestic_status_unknown,Domestic/foreign classification is not supplied.,5,0,3,0,0,3,79,78,11,12,20,0,60,72,18,16,2,0,https://kathmandupost.com/cricket/2025/08/06/150-players-shortlisted-for-npl-season-2-auction,documented auction/retention pool; contextual ID mapping,Karnali Yaks,0,0,0,1,0,0,1,0,1,0,0,,Unknown,BP Sharma,Unknown,,,retained,retained_compensation_unknown,NA,https://kathmandupost.com/cricket/2025/08/06/150-players-shortlisted-for-npl-season-2-auction,2025-08-06,https://kathmandupost.com/cricket/2025/08/06/150-players-shortlisted-for-npl-season-2-auction,Historical price is context only. Current season compensation not established.,NA,NA,NA,NA,NA,User instruction 2026-09-23: retained players have the same price as 2024 in 2025,false,NA,NA,NA,NA,NA,unavailable,NA,NA,0,0,0,0,2,NA,0.5,0.5,0.5773502692,1,4,1.1547005384,6.7916666667,6.4166666667,1.5597661268,1.0416666667,4,0.2296588162,NA,0,NA,NA,NA,0,NA,NA,NA,0,NA,NA,NA,0,NA,NA,20.4545454545,22,NA,NA,85.2941176471,17,NA,NA,15.625,16,NA,NA,15.625,16,NA,NA,NA,0,NA,NA,57.1428571429,21,NA,NA,88.6363636364,22,NA,NA,NA,0,NA,NA,NA,0,NA,NA,27.2727272727,22,NA,NA,67.6470588235,17,NA,NA,55.8823529412,17,NA,NA,58.8235294118,17,NA,NA,NA,0,NA,NA,46.875,16,NA,NA,NA,0,NA,NA,63.8888888889,18,NA,NA,NA,0,NA,NA,NA,0,NA,NA,batting_and_bowling,not_price_verified,npl-2025,NPL 2025 Â· Season 2,ky,NA,NA,NA,33.0357142857,0,82.987012987,NA
218c7eab,Basir Ahamad,2025/26,Biratnagar Kings,Domestic,0,9,9,7,162,118,191,8,1,23.875,21.2222222222,62,117.9012345679,60,37.2670807453,66,16,1,9,9,18,90,11.1111111111,5,5,0,17,19,89.4736842105,12,63.1578947368,3,0,93,96,96.875,39,41.0526315789,3,4,81,47,172.3404255319,9,19.1489361702,3,5,3,0.4285714286,39.3333333333,19.4,150,7.6271186441,50,38,32.2033898305,1,0,0.8474576271,0,10,6,76,13.5593220339,48,42,1,5.25,48,54.1666666667,48,63,1,7.875,48,20.8333333333,22,45,1,12.2727272727,22,9.0909090909,1,0,0,1,5,4,2,0,148,2,15,0,87,67,129.8507462687,104,95,109.4736842105,1,7.0666666667,2,9.4285714286,9,7,domestic_status_unknown,Domestic/foreign classification is not supplied.,9,0,161,19,95,47,119,118,16,26,10,2,90,106,28,44,9,0,https://kathmandupost.com/cricket/2025/08/06/150-players-shortlisted-for-npl-season-2-auction,documented auction/retention pool; contextual ID mapping,Biratnagar Kings,0,0,0,1,1,0,1,0,1,0,0,,Unknown,Basir Ahamad,Unknown,,,retained,retained_compensation_unknown,NA,https://kathmandupost.com/cricket/2025/08/06/150-players-shortlisted-for-npl-season-2-auction,2025-08-06,https://kathmandupost.com/cricket/2025/08/06/150-players-shortlisted-for-npl-season-2-auction,Historical price is context only. Current season compensation not established.,NA,NA,1000000,1000000,NA,User instruction 2026-09-23: retained players have the same price as 2024 in 2025,false,NA,NA,NA,NA,1000000,user_assumed_retained_price,5235.6020942408,333333.3333333333,21.2222222222,19,19.2923416009,20,9,0.9090632168,0.4285714286,0,0.5345224838,1,7,1.2472191289,8.5476190476,8,2.3881735732,2.2083333333,7,0.2793963512,92.8571428571,21,NA,NA,65.625,16,NA,NA,72.5,20,NA,NA,71.875,16,NA,NA,36.3636363636,22,NA,NA,50,17,NA,NA,9.375,16,NA,NA,9.375,16,NA,NA,54.7619047619,21,NA,NA,30.9523809524,21,NA,NA,65.9090909091,22,NA,NA,83.3333333333,21,NA,NA,46.875,16,NA,NA,20.4545454545,22,NA,NA,8.8235294118,17,NA,NA,91.1764705882,17,NA,NA,58.8235294118,17,NA,NA,NA,0,NA,NA,84.375,16,NA,NA,29.1666666667,12,NA,NA,30.5555555556,18,NA,NA,64.2857142857,7,NA,NA,NA,0,NA,NA,batting_and_bowling,not_price_verified,npl-2025,NPL 2025 Â· Season 2,bik,63.0434782609,26.0392829901,100,26.7045454545,0,76.6558441558,NA
6e21867e,Bipin Khatri,2025/26,Pokhara Avengers,Domestic,0,6,2,6,8,104,7,1,1,7,3.5,7,87.5,4,50,3,0,0,1,0,1,4,12.5,9,9,0,0,0,NA,0,NA,0,0,0,0,NA,0,NA,0,0,7,8,87.5,4,50,1,0,8,1.3333333333,13,17.2,115,6.6346153846,14.375,50,48.0769230769,9,0,8.6538461538,0,7,5,58,11.5384615385,66,72,5,6.5454545455,13.2,53.0303030303,30,20,2,4,15,46.6666666667,8,23,1,17.25,8,12.5,2,0,0,0,3,3,0,0,0,5,0,0,0,0,NA,7,8,87.5,2,7.8,6,5.5555555556,2,6,domestic_status_unknown,Domestic/foreign classification is not supplied.,6,0,8,0,0,8,111,104,12,35,14,1,50,65,54,50,2,0,https://kathmandupost.com/cricket/2025/08/06/150-players-shortlisted-for-npl-season-2-auction,documented auction/retention pool; contextual ID mapping,Pokhara Avengers,0,0,0,1,0,0,1,1,7,0,0,,Unknown,Bipin Khatri,Bowler,https://pokharaavengers.com/our-team,Current franchise classification accessed 2026-09-23; historical role not established,retained,retained_compensation_unknown,NA,https://kathmandupost.com/cricket/2025/08/06/150-players-shortlisted-for-npl-season-2-auction,2025-08-06,https://kathmandupost.com/cricket/2025/08/06/150-players-shortlisted-for-npl-season-2-auction,Historical price is context only. Current season compensation not established.,NA,NA,1000000,1000000,NA,User instruction 2026-09-23: retained players have the same price as 2024 in 2025,false,NA,NA,NA,NA,1000000,user_assumed_retained_price,142857.1428571429,125000,3.5,3.5,4.9497474683,3.5,2,1.4142135624,1.3333333333,1,1.5055453054,1.5,6,1.1291589791,8.3861111111,6.5333333333,5.1631215436,6.1916666667,6,0.6156753083,NA,0,NA,NA,NA,0,NA,NA,NA,0,NA,NA,NA,0,NA,NA,70,10,NA,NA,61.1111111111,9,NA,NA,72.2222222222,9,NA,NA,83.3333333333,9,NA,NA,NA,0,NA,NA,55,10,NA,NA,5,10,NA,NA,NA,0,NA,NA,NA,0,NA,NA,75,10,NA,NA,94.4444444444,9,NA,NA,5.5555555556,9,NA,NA,61.1111111111,9,NA,NA,NA,0,NA,NA,81.25,8,NA,NA,NA,0,NA,NA,95,10,NA,NA,NA,0,NA,NA,NA,0,NA,NA,batting_and_bowling,not_price_verified,npl-2025,NPL 2025 Â· Season 2,poa,NA,NA,NA,67.1428571429,17.1915584416,100,NA
45eda7c8,CA Lynn,2025/26,Sudur Paschim Royals,Foreign,0,6,6,0,118,0,143,5,1,28.6,23.8333333333,75,121.186440678,56,48.275862069,31,11,0,12,7,19,90,16.1016949153,NA,NA,1,55,63,87.3015873016,39,62.9032258065,5,3,82,49,167.3469387755,16,33.3333333333,7,4,6,6,100,1,16.6666666667,0,0,0,NA,NA,0,0,NA,NA,0,NA,0,0,NA,NA,0,0,0,NA,0,0,0,NA,NA,NA,0,0,0,NA,NA,NA,0,0,0,NA,NA,NA,0,0,0,1,6,0,0,0,143,0,0,0,126,99,127.2727272727,17,19,89.4736842105,0,NA,0,NA,6,0,domestic_status_unknown|opening_order_unknown|retirement_event,"Domestic/foreign classification is not supplied. 1 innings have unknown exact opening order. Position mean/median left NA; times_opened retained. Retired hurt is not a dismissal. Retired out is a batter/team dismissal, not a bowler wicket.",6,0,116,62,48,6,0,0,0,0,0,0,0,0,0,0,5,1,https://www.cricnepal.com/tournament/nepal-premier-league-2025-174/squads/sudurpaschim-royals-028-21136,documented season roster; contextual ID mapping,Sudur Paschim Royals,1,0,0,1,1,0,0,0,0,0,0,,Unknown,CA Lynn,Unknown,,,not_found,not_found,,,,,,NA,NA,NA,NA,NA,,false,NA,NA,NA,NA,NA,unavailable,NA,NA,23.8333333333,17,27.4329485595,22.25,6,1.1510328067,NA,NA,NA,NA,NA,NA,NA,NA,NA,NA,NA,NA,NA,0,NA,NA,NA,0,NA,NA,NA,0,NA,NA,NA,0,NA,NA,NA,0,NA,NA,NA,0,NA,NA,NA,0,NA,NA,NA,0,NA,NA,NA,0,NA,NA,NA,0,NA,NA,NA,0,NA,NA,NA,0,NA,NA,NA,0,NA,NA,NA,0,NA,NA,NA,0,NA,NA,NA,0,NA,NA,NA,0,NA,NA,NA,0,NA,NA,NA,0,NA,NA,NA,0,NA,NA,NA,0,NA,NA,NA,0,NA,NA,NA,0,NA,NA,batting_only,not_price_verified,npl-2025,NPL 2025 Â· Season 2,spr,69.1304347826,32.1262395118,100,NA,NA,NA,NA
bd4fb3ba,D Adhikari,2025/26,Lumbini Lions,Domestic,0,4,3,0,23,0,47,3,0,15.6666666667,15.6666666667,42,204.347826087,11,47.8260869565,2,2,1,2,5,7,38,30.4347826087,NA,NA,3,47,23,204.347826087,11,47.8260869565,2,5,0,0,NA,0,NA,0,0,0,0,NA,0,NA,0,0,0,NA,NA,0,0,NA,NA,0,NA,0,0,NA,NA,0,0,0,NA,0,0,0,NA,NA,NA,0,0,0,NA,NA,NA,0,0,0,NA,NA,NA,1,0,0,0,4,0,3,1,47,0,47,0,1,5,20,46,18,255.5555555556,0,NA,0,NA,3,0,domestic_status_unknown|opening_order_unknown,Domestic/foreign classification is not supplied. 3 innings have unknown exact opening order. Position mean/median left NA; times_opened retained.,4,0,23,23,0,0,0,0,0,0,0,0,0,0,0,0,0,3,https://kathmandupost.com/cricket/2025/08/06/150-players-shortlisted-for-npl-season-2-auction,documented auction/retention pool; contextual ID mapping,Lumbini Lions,0,0,0,0,0,0,0,0,0,0,0,,Unknown,Dinesh Adhikari,Bowler,https://lumbinilions.com.np/,Current franchise classification accessed 2026-09-23; historical role not established,retained,retained_compensation_unknown,NA,https://kathmandupost.com/cricket/2025/08/06/150-players-shortlisted-for-npl-season-2-auction,2025-08-06,https://kathmandupost.com/cricket/2025/08/06/150-players-shortlisted-for-npl-season-2-auction,Historical price is context only. Current season compensation not established.,NA,NA,275000,275000,NA,User instruction 2026-09-23: retained players have the same price as 2024 in 2025,false,NA,NA,NA,NA,275000,user_assumed_retained_price,5851.0638297872,NA,15.6666666667,4,22.8546129552,20.5,3,1.4588050822,NA,NA,NA,NA,NA,NA,NA,NA,NA,NA,NA,NA,NA,0,NA,NA,NA,0,NA,NA,NA,0,NA,NA,NA,0,NA,NA,NA,0,NA,NA,NA,0,NA,NA,NA,0,NA,NA,NA,0,NA,NA,NA,0,NA,NA,NA,0,NA,NA,NA,0,NA,NA,NA,0,NA,NA,NA,0,NA,NA,NA,0,NA,NA,NA,0,NA,NA,NA,0,NA,NA,NA,0,NA,NA,NA,0,NA,NA,NA,0,NA,NA,NA,0,NA,NA,NA,0,NA,NA,NA,0,NA,NA,NA,0,NA,NA,batting_only,not_price_verified,npl-2025,NPL 2025 Â· Season 2,lul,NA,NA,NA,NA,NA,NA,NA
7e46794e,D Bohara,2025/26,Sudur Paschim Royals,Domestic,0,4,2,0,4,0,3,2,0,1.5,1.5,3,75,2,50,1,1,0,0,0,0,0,0,6.5,6.5,0,0,0,NA,0,NA,0,0,0,1,0,1,100,0,0,3,3,100,1,33.3333333333,0,0,0,NA,NA,0,0,NA,NA,0,NA,0,0,NA,NA,0,0,0,NA,0,0,0,NA,NA,NA,0,0,0,NA,NA,NA,0,0,0,NA,NA,NA,1,0,0,0,2,2,1,1,0,0,0,0,3,4,75,0,0,NA,0,NA,0,NA,2,0,domestic_status_unknown|substitute_only_appearances,Domestic/foreign classification is not supplied. 1 observed matches were not in source squad lists; included in matches_played.,3,1,4,0,1,3,0,0,0,0,0,0,0,0,0,0,2,0,https://kathmandupost.com/cricket/2025/08/10/mohammad-adil-alam-steals-the-spotlight-in-npl-season-2-auction,documented auction/retention pool; contextual ID mapping,Sudur Paschim Royals,0,0,1,0,0,0,1,0,0,0,0,,Unknown,Deepak Bohara,Wicketkeeper-batter,https://www.onlinekhabar.com/wp-content/uploads/2025/08/SBL-NPL-Auction-Pool-2025-Final-Sheet1.pdf,2025 auction pool,auction,exact_auction_price,B,https://kathmandupost.com/cricket/2025/08/10/mohammad-adil-alam-steals-the-spotlight-in-npl-season-2-auction,2025-08-10,https://kathmandupost.com/cricket/2025/08/10/mohammad-adil-alam-steals-the-spotlight-in-npl-season-2-auction,NPR; reported clearing price. Base-price purchases use category price explicitly reported in auction result.,500000,NA,NA,NA,NA,,true,166666.6666666667,NA,NA,NA,500000,reported_exact_auction,166666.6666666667,NA,1.5,1.5,2.1213203436,1.5,2,1.4142135624,NA,NA,NA,NA,NA,NA,NA,NA,NA,NA,NA,NA,NA,0,NA,NA,NA,0,NA,NA,NA,0,NA,NA,NA,0,NA,NA,NA,0,NA,NA,NA,0,NA,NA,NA,0,NA,NA,NA,0,NA,NA,NA,0,NA,NA,NA,0,NA,NA,NA,0,NA,NA,NA,0,NA,NA,NA,0,NA,NA,NA,0,NA,NA,NA,0,NA,NA,NA,0,NA,NA,NA,0,NA,NA,NA,0,NA,NA,NA,0,NA,NA,NA,0,NA,NA,NA,0,NA,NA,NA,0,NA,NA,NA,0,NA,NA,batting_only,contextual_manual_match,npl-2025,NPL 2025 Â· Season 2,spr,NA,NA,NA,NA,NA,NA,NA
762ea5b1,D Gupta,2025/26,Lumbini Lions,Domestic,0,1,0,0,0,0,0,0,0,NA,NA,NA,NA,0,NA,0,0,0,0,0,0,0,NA,NA,NA,0,0,0,NA,0,NA,0,0,0,0,NA,0,NA,0,0,0,0,NA,0,NA,0,0,0,NA,NA,0,0,NA,NA,0,NA,0,0,NA,NA,0,0,0,NA,0,0,0,NA,NA,NA,0,0,0,NA,NA,NA,0,0,0,NA,NA,NA,1,0,0,0,1,0,1,0,0,0,0,0,0,0,NA,0,0,NA,0,NA,0,NA,0,0,domestic_status_unknown|substitute_only_appearances,Domestic/foreign classification is not supplied. 1 observed matches were not in source squad lists; included in matches_played.,0,1,0,0,0,0,0,0,0,0,0,0,0,0,0,0,0,0,https://kathmandupost.com/cricket/2025/08/10/mohammad-adil-alam-steals-the-spotlight-in-npl-season-2-auction,documented auction/retention pool; contextual ID mapping,Lumbini Lions,0,0,1,NA,0,0,0,0,0,0,0,,Unknown,Durgesh Gupta,Bowler,https://www.onlinekhabar.com/wp-content/uploads/2025/08/SBL-NPL-Auction-Pool-2025-Final-Sheet1.pdf,2025 auction pool,auction,exact_auction_price,B,https://kathmandupost.com/cricket/2025/08/10/mohammad-adil-alam-steals-the-spotlight-in-npl-season-2-auction,2025-08-10,https://kathmandupost.com/cricket/2025/08/10/mohammad-adil-alam-steals-the-spotlight-in-npl-season-2-auction,NPR; reported clearing price. Base-price purchases use category price explicitly reported in auction result.,500000,NA,NA,NA,NA,,true,NA,NA,NA,NA,500000,reported_exact_auction,NA,NA,NA,NA,NA,NA,NA,NA,NA,NA,NA,NA,NA,NA,NA,NA,NA,NA,NA,NA,NA,0,NA,NA,NA,0,NA,NA,NA,0,NA,NA,NA,0,NA,NA,NA,0,NA,NA,NA,0,NA,NA,NA,0,NA,NA,NA,0,NA,NA,NA,0,NA,NA,NA,0,NA,NA,NA,0,NA,NA,NA,0,NA,NA,NA,0,NA,NA,NA,0,NA,NA,NA,0,NA,NA,NA,0,NA,NA,NA,0,NA,NA,NA,0,NA,NA,NA,0,NA,NA,NA,0,NA,NA,NA,0,NA,NA,NA,0,NA,NA,NA,0,NA,NA,no_recorded_innings,contextual_manual_match,npl-2025,NPL 2025 Â· Season 2,lul,NA,NA,NA,NA,NA,NA,NA
2e80c353,D Kandel,2025/26,Kathmandu Gorkhas,Domestic,0,2,1,1,5,6,6,1,0,6,6,6,120,1,20,2,2,0,0,0,0,0,0,11,11,0,0,0,NA,0,NA,0,0,0,0,NA,0,NA,0,0,6,5,120,1,20,0,0,0,0,NA,1,7,7,NA,2,33.3333333333,0,0,0,0,1,0,4,16.6666666667,0,0,0,NA,NA,NA,6,7,0,7,NA,33.3333333333,0,0,0,NA,NA,NA,0,0,0,0,2,0,0,0,6,0,0,0,6,5,120,0,0,NA,0,NA,0,7,1,1,domestic_status_unknown|team_alias_review,Domestic/foreign classification is not supplied. Kathmandu Gurkhas/Gorkhas uses proposed canonical label Kathmandu Gorkhas; raw label retained.,2,0,5,0,0,5,6,6,1,0,2,0,0,0,6,7,1,0,https://kathmandupost.com/cricket/2025/08/06/150-players-shortlisted-for-npl-season-2-auction,documented auction/retention pool; contextual ID mapping,Kathmandu Gorkhas,0,0,0,0,0,0,0,0,0,0,0,,Unknown,Dipesh Kandel,Unknown,,,retained,retained_compensation_unknown,NA,https://kathmandupost.com/cricket/2025/08/06/150-players-shortlisted-for-npl-season-2-auction,2025-08-06,https://kathmandupost.com/cricket/2025/08/06/150-players-shortlisted-for-npl-season-2-auction,Historical price is context only. Current season compensation not established.,NA,NA,500000,500000,NA,User instruction 2026-09-23: retained players have the same price as 2024 in 2025,false,NA,NA,NA,NA,500000,user_assumed_retained_price,83333.3333333333,NA,6,6,NA,0,1,NA,0,0,NA,0,1,NA,7,7,NA,0,1,NA,NA,0,NA,NA,NA,0,NA,NA,NA,0,NA,NA,NA,0,NA,NA,NA,0,NA,NA,NA,0,NA,NA,NA,0,NA,NA,NA,0,NA,NA,NA,0,NA,NA,NA,0,NA,NA,NA,0,NA,NA,NA,0,NA,NA,NA,0,NA,NA,NA,0,NA,NA,NA,0,NA,NA,NA,0,NA,NA,NA,0,NA,NA,NA,0,NA,NA,NA,0,NA,NA,NA,0,NA,NA,NA,0,NA,NA,NA,0,NA,NA,NA,0,NA,NA,batting_and_bowling,not_price_verified,npl-2025,NPL 2025 Â· Season 2,kag,NA,NA,NA,NA,NA,NA,NA
c4bc3b59,D Khanal,2025/26,Chitwan Rhinos,Domestic,0,7,6,1,121,6,127,6,0,21.1666666667,21.1666666667,34,104.958677686,52,42.9752066116,47,7,2,9,4,13,60,10.7438016529,3.8333333333,3,0,51,60,85,34,56.6666666667,4,2,71,58,122.4137931034,17,29.3103448276,4,2,5,3,166.6666666667,1,33.3333333333,1,0,0,0,NA,1,6,6,NA,3,50,0,0,0,0,1,0,4,16.6666666667,0,0,0,NA,NA,NA,6,6,0,6,NA,50,0,0,0,NA,NA,NA,1,0,0,0,2,5,0,0,30,0,0,0,76,82,92.6829268293,51,39,130.7692307692,0,6,0,NA,6,1,domestic_status_unknown,Domestic/foreign classification is not supplied.,7,0,121,60,58,3,6,6,1,0,3,0,6,6,0,0,6,0,https://kathmandupost.com/cricket/2025/08/10/mohammad-adil-alam-steals-the-spotlight-in-npl-season-2-auction,documented auction/retention pool; contextual ID mapping,Chitwan Rhinos,0,0,0,0,0,0,0,0,0,0,0,,Unknown,Dev Khanal,Batter,https://www.onlinekhabar.com/wp-content/uploads/2025/08/SBL-NPL-Auction-Pool-2025-Final-Sheet1.pdf,2025 auction pool,auction,exact_auction_price,A,https://kathmandupost.com/cricket/2025/08/10/mohammad-adil-alam-steals-the-spotlight-in-npl-season-2-auction,2025-08-10,https://kathmandupost.com/cricket/2025/08/10/mohammad-adil-alam-steals-the-spotlight-in-npl-season-2-auction,NPR; reported clearing price. Base-price purchases use category price explicitly reported in auction result.,1500000,NA,NA,NA,NA,,true,11811.0236220472,NA,NA,NA,1500000,reported_exact_auction,11811.0236220472,NA,21.1666666667,24.5,11.6347181602,12.25,6,0.5496717241,0,0,NA,0,1,NA,6,6,NA,0,1,NA,81.25,8,NA,NA,58.3333333333,6,NA,NA,81.25,8,NA,NA,91.6666666667,6,NA,NA,NA,0,NA,NA,NA,0,NA,NA,NA,0,NA,NA,NA,0,NA,NA,93.75,8,NA,NA,NA,0,NA,NA,NA,0,NA,NA,81.25,8,NA,NA,41.6666666667,6,NA,NA,NA,0,NA,NA,NA,0,NA,NA,NA,0,NA,NA,NA,0,NA,NA,21.4285714286,7,NA,NA,NA,0,NA,NA,70,5,NA,NA,NA,0,NA,NA,NA,0,NA,NA,NA,0,NA,NA,batting_and_bowling,contextual_manual_match,npl-2025,NPL 2025 Â· Season 2,chr,60.4347826087,23.4305873379,97.4389778795,NA,NA,NA,NA
0e3bfa00,D Kharel,2025/26,Pokhara Avengers,Domestic,0,4,4,0,64,0,58,4,0,14.5,14.5,38,90.625,40,62.5,14,2,0,4,4,8,40,12.5,NA,NA,4,47,52,90.3846153846,34,65.3846153846,4,3,11,12,91.6666666667,6,50,0,1,0,0,NA,0,NA,0,0,0,NA,NA,0,0,NA,NA,0,NA,0,0,NA,NA,0,0,0,NA,0,0,0,NA,NA,NA,0,0,0,NA,NA,NA,0,0,0,NA,NA,NA,0,0,0,0,1,3,0,0,38,0,0,0,45,49,91.8367346939,13,15,86.6666666667,0,NA,0,NA,4,0,domestic_status_unknown|opening_order_unknown,Domestic/foreign classification is not supplied. 4 innings have unknown exact opening order. Position mean/median left NA; times_opened retained.,4,0,64,52,12,0,0,0,0,0,0,0,0,0,0,0,0,4,https://kathmandupost.com/cricket/2025/08/06/150-players-shortlisted-for-npl-season-2-auction,documented auction/retention pool; contextual ID mapping,Pokhara Avengers,0,0,0,0,0,0,0,0,0,0,0,,Unknown,Dinesh Kharel,Batter,https://pokharaavengers.com/our-team,Current franchise classification accessed 2026-09-23; historical role not established,retained,retained_compensation_unknown,NA,https://kathmandupost.com/cricket/2025/08/06/150-players-shortlisted-for-npl-season-2-auction,2025-08-06,https://kathmandupost.com/cricket/2025/08/06/150-players-shortlisted-for-npl-season-2-auction,Historical price is context only. Current season compensation not established.,NA,NA,200000,200000,NA,User instruction 2026-09-23: retained players have the same price as 2024 in 2025,false,NA,NA,NA,NA,200000,user_assumed_retained_price,3448.275862069,NA,14.5,7,15.6737572607,8,4,1.0809487766,NA,NA,NA,NA,NA,NA,NA,NA,NA,NA,NA,NA,31.25,8,NA,NA,41.6666666667,6,NA,NA,43.75,8,NA,NA,8.3333333333,6,NA,NA,NA,0,NA,NA,NA,0,NA,NA,NA,0,NA,NA,NA,0,NA,NA,43.75,8,NA,NA,NA,0,NA,NA,NA,0,NA,NA,56.25,8,NA,NA,58.3333333333,6,NA,NA,NA,0,NA,NA,NA,0,NA,NA,NA,0,NA,NA,NA,0,NA,NA,50,7,NA,NA,NA,0,NA,NA,NA,0,NA,NA,NA,0,NA,NA,NA,0,NA,NA,NA,0,NA,NA,batting_only,not_price_verified,npl-2025,NPL 2025 Â· Season 2,poa,45.2898550725,8.2856598017,82.2940503432,NA,NA,NA,NA
0a2184d9,D Lakshan,2025/26,Pokhara Avengers,Foreign,0,3,2,3,38,70,53,1,1,53,26.5,30,139.4736842105,11,28.9473684211,17,4,0,4,2,6,28,15.7894736842,4.5,4.5,0,0,0,NA,0,NA,0,0,29,25,116,7,28,1,1,24,13,184.6153846154,4,30.7692307692,3,1,10,3.3333333333,7,11.4,67,5.7428571429,6.7,37,52.8571428571,3,0,4.2857142857,0,3,4,36,10,48,46,5,5.75,9.6,62.5,0,0,0,NA,NA,NA,22,21,5,5.7272727273,4.4,31.8181818182,2,0,0,0,2,1,0,0,23,6,0,0,23,11,209.0909090909,30,27,111.1111111111,7,4.6956521739,3,7.75,2,3,domestic_status_unknown,Domestic/foreign classification is not supplied.,3,0,38,0,25,13,73,70,7,30,0,7,46,36,24,31,2,0,https://www.cricnepal.com/tournament/nepal-premier-league-2025-174/squads/pokhara-avengers-025-22564,documented season roster; contextual ID mapping,Pokhara Avengers,0,0,0,0,0,0,0,1,3,0,0,,Unknown,D Lakshan,Unknown,,,not_found,not_found,,,,,,NA,NA,NA,NA,NA,,false,NA,NA,NA,NA,NA,unavailable,NA,NA,26.5,26.5,4.9497474683,3.5,2,0.1867829233,3.3333333333,3,0.5773502692,0.5,3,0.1732050808,5.7348484848,5.4545454545,1.8906486563,1.875,3,0.3296771765,NA,0,NA,NA,NA,0,NA,NA,NA,0,NA,NA,NA,0,NA,NA,NA,0,NA,NA,NA,0,NA,NA,NA,0,NA,NA,NA,0,NA,NA,NA,0,NA,NA,NA,0,NA,NA,NA,0,NA,NA,NA,0,NA,NA,NA,0,NA,NA,NA,0,NA,NA,NA,0,NA,NA,NA,0,NA,NA,NA,0,NA,NA,NA,0,NA,NA,NA,0,NA,NA,NA,0,NA,NA,NA,0,NA,NA,NA,0,NA,NA,NA,0,NA,NA,batting_and_bowling,not_price_verified,npl-2025,NPL 2025 Â· Season 2,poa,NA,NA,NA,NA,NA,NA,NA
d019608b,D Nath,2025/26,Lumbini Lions,Domestic,0,10,10,0,118,0,122,8,2,15.25,12.2,31,103.3898305085,43,36.7521367521,60,2,0,7,5,12,58,10.1694915254,5.4,5.5,0,1,8,12.5,7,87.5,0,0,75,75,100,25,33.7837837838,5,2,46,35,131.4285714286,11,31.4285714286,2,3,0,NA,NA,0,0,NA,NA,0,NA,0,0,NA,NA,0,0,0,NA,0,0,0,NA,NA,NA,0,0,0,NA,NA,NA,0,0,0,NA,NA,NA,3,0,0,0,7,3,3,1,60,0,9,0,38,35,108.5714285714,84,83,101.2048192771,0,NA,0,NA,10,0,domestic_status_unknown,Domestic/foreign classification is not supplied.,10,0,117,8,74,35,0,0,0,0,0,0,0,0,0,0,10,0,https://kathmandupost.com/cricket/2025/08/10/mohammad-adil-alam-steals-the-spotlight-in-npl-season-2-auction,documented auction/retention pool; contextual ID mapping,Lumbini Lions,0,0,0,0,0,0,0,0,0,0,0,,Unknown,Dilip Nath,Wicketkeeper-batter,https://www.onlinekhabar.com/wp-content/uploads/2025/08/SBL-NPL-Auction-Pool-2025-Final-Sheet1.pdf,2025 auction pool,auction,exact_auction_price,B,https://kathmandupost.com/cricket/2025/08/10/mohammad-adil-alam-steals-the-spotlight-in-npl-season-2-auction,2025-08-10,https://kathmandupost.com/cricket/2025/08/10/mohammad-adil-alam-steals-the-spotlight-in-npl-season-2-auction,NPR; reported clearing price. Base-price purchases use category price explicitly reported in auction result.,1000000,NA,NA,NA,NA,,true,8196.7213114754,NA,NA,NA,1000000,reported_exact_auction,8196.7213114754,NA,12.2,10,9.8070269592,9.5,10,0.8038546688,NA,NA,NA,NA,NA,NA,NA,NA,NA,NA,NA,NA,NA,0,NA,NA,NA,0,NA,NA,NA,0,NA,NA,NA,0,NA,NA,NA,0,NA,NA,NA,0,NA,NA,NA,0,NA,NA,NA,0,NA,NA,NA,0,NA,NA,NA,0,NA,NA,NA,0,NA,NA,NA,0,NA,NA,NA,0,NA,NA,NA,0,NA,NA,NA,0,NA,NA,NA,0,NA,NA,NA,0,NA,NA,NA,0,NA,NA,NA,0,NA,NA,NA,0,NA,NA,NA,0,NA,NA,NA,0,NA,NA,NA,0,NA,NA,batting_only,contextual_manual_match,npl-2025,NPL 2025 Â· Season 2,lul,34.4720496894,0,71.4762449602,NA,NA,NA,NA
395179e8,D Parashar,2025/26,Sudur Paschim Royals,Foreign,0,2,0,1,0,12,0,0,0,NA,NA,NA,NA,0,NA,0,0,0,0,0,0,0,NA,NA,NA,0,0,0,NA,0,NA,0,0,0,0,NA,0,NA,0,0,0,0,NA,0,NA,0,0,0,0,NA,2,17,8.5,NA,4,33.3333333333,0,0,0,0,1,1,10,16.6666666667,12,17,0,8.5,NA,33.3333333333,0,0,0,NA,NA,NA,0,0,0,NA,NA,NA,1,0,0,0,1,1,0,0,0,0,0,0,0,0,NA,0,0,NA,0,NA,0,8.5,0,1,domestic_status_unknown|substitute_only_appearances,Domestic/foreign classification is not supplied. 1 observed matches were not in source squad lists; included in matches_played.,1,1,0,0,0,0,12,12,2,4,0,0,0,0,12,17,0,0,https://www.cricnepal.com/tournament/nepal-premier-league-2025-174/squads/sudurpaschim-royals-028-21136,documented season roster; contextual ID mapping,Sudur Paschim Royals,0,0,1,NA,0,0,0,0,0,0,0,,Unknown,D Parashar,Unknown,,,not_found,not_found,,,,,,NA,NA,NA,NA,NA,,false,NA,NA,NA,NA,NA,unavailable,NA,NA,NA,NA,NA,NA,NA,NA,0,0,NA,0,1,NA,8.5,8.5,NA,0,1,NA,NA,0,NA,NA,NA,0,NA,NA,NA,0,NA,NA,NA,0,NA,NA,NA,0,NA,NA,NA,0,NA,NA,NA,0,NA,NA,NA,0,NA,NA,NA,0,NA,NA,NA,0,NA,NA,NA,0,NA,NA,NA,0,NA,NA,NA,0,NA,NA,NA,0,NA,NA,NA,0,NA,NA,NA,0,NA,NA,NA,0,NA,NA,NA,0,NA,NA,NA,0,NA,NA,NA,0,NA,NA,NA,0,NA,NA,NA,0,NA,NA,NA,0,NA,NA,bowling_only,not_price_verified,npl-2025,NPL 2025 Â· Season 2,spr,NA,NA,NA,NA,NA,NA,NA
c6ff5ac2,D Rawat,2025/26,Karnali Yaks,Domestic,0,2,2,2,10,30,12,2,0,6,6,10,120,2,20,6,1,0,1,0,1,4,10,9,9,0,0,0,NA,0,NA,0,0,0,0,NA,0,NA,0,0,12,10,120,2,20,1,0,0,0,NA,5,44,8.8,NA,8,26.6666666667,0,0,0,0,2,3,26,16.6666666667,0,0,0,NA,NA,NA,30,44,0,8.8,NA,26.6666666667,0,0,0,NA,NA,NA,0,0,1,0,1,1,0,0,2,0,0,0,2,2,100,10,8,125,0,7.5,0,9.6666666667,2,2,domestic_status_unknown,Domestic/foreign classification is not supplied.,2,0,10,0,0,10,30,30,5,0,8,0,12,15,18,29,2,0,https://kathmandupost.com/cricket/2025/08/06/150-players-shortlisted-for-npl-season-2-auction,documented auction/retention pool; contextual ID mapping,Karnali Yaks,0,0,0,0,0,0,0,0,0,0,0,,Unknown,Dipendra Rawat,Unknown,,,retained,retained_compensation_unknown,NA,https://kathmandupost.com/cricket/2025/08/06/150-players-shortlisted-for-npl-season-2-auction,2025-08-06,https://kathmandupost.com/cricket/2025/08/06/150-players-shortlisted-for-npl-season-2-auction,Historical price is context only. Current season compensation not established.,NA,NA,300000,300000,NA,User instruction 2026-09-23: retained players have the same price as 2024 in 2025,false,NA,NA,NA,NA,300000,user_assumed_retained_price,25000,NA,6,6,5.6568542495,4,2,0.9428090416,0,0,0,0,2,NA,8.5833333333,8.5833333333,1.5320646926,1.0833333333,2,0.1784929739,NA,0,NA,NA,NA,0,NA,NA,NA,0,NA,NA,NA,0,NA,NA,NA,0,NA,NA,NA,0,NA,NA,NA,0,NA,NA,NA,0,NA,NA,NA,0,NA,NA,NA,0,NA,NA,NA,0,NA,NA,NA,0,NA,NA,NA,0,NA,NA,NA,0,NA,NA,NA,0,NA,NA,NA,0,NA,NA,NA,0,NA,NA,NA,0,NA,NA,NA,0,NA,NA,NA,0,NA,NA,8.3333333333,18,NA,NA,NA,0,NA,NA,NA,0,NA,NA,batting_and_bowling,not_price_verified,npl-2025,NPL 2025 Â· Season 2,ky,NA,NA,NA,NA,NA,NA,NA
03df7a25,DA Douthwaite,2025/26,Pokhara Avengers,Foreign,0,3,3,3,39,63,73,3,0,24.3333333333,24.3333333333,37,187.1794871795,16,41.0256410256,11,0,0,5,7,12,62,30.7692307692,7.6666666667,8,0,0,0,NA,0,NA,0,0,2,4,50,2,50,0,0,71,35,202.8571428571,14,40,5,7,2,0.6666666667,31.5,10.3,79,7.5238095238,39.5,27,42.8571428571,4,1,6.3492063492,1.5873015873,5,3,38,12.5,12,17,0,8.5,NA,50,30,42,0,8.4,NA,30,21,20,2,5.7142857143,10.5,57.1428571429,0,0,0,0,1,2,0,0,7,0,0,0,7,3,233.3333333333,66,36,183.3333333333,2,7.7142857143,0,7.1428571429,3,3,domestic_status_unknown,Domestic/foreign classification is not supplied.,3,0,39,0,4,35,68,64,8,6,9,12,42,54,21,25,3,0,https://www.cricnepal.com/tournament/nepal-premier-league-2025-174/squads/pokhara-avengers-025-22564,documented season roster; contextual ID mapping,Pokhara Avengers,0,0,0,0,0,0,0,0,4,1,0,,Unknown,DA Douthwaite,Unknown,,,not_found,not_found,,,,,,NA,NA,NA,NA,NA,,false,NA,NA,NA,NA,NA,unavailable,NA,NA,24.3333333333,29,15.5349069303,15,3,0.6384208328,0.6666666667,0,1.1547005384,1,3,1.7320508076,7.7142857143,7.1428571429,2.0603150146,2,3,0.2670778723,NA,0,NA,NA,NA,0,NA,NA,NA,0,NA,NA,NA,0,NA,NA,NA,0,NA,NA,NA,0,NA,NA,NA,0,NA,NA,NA,0,NA,NA,NA,0,NA,NA,NA,0,NA,NA,NA,0,NA,NA,NA,0,NA,NA,NA,0,NA,NA,NA,0,NA,NA,NA,0,NA,NA,NA,0,NA,NA,NA,0,NA,NA,NA,0,NA,NA,NA,0,NA,NA,NA,0,NA,NA,NA,0,NA,NA,NA,0,NA,NA,NA,0,NA,NA,batting_and_bowling,not_price_verified,npl-2025,NPL 2025 Â· Season 2,poa,NA,NA,NA,NA,NA,NA,NA
ad9c32a2,DJ Malan,2025/26,Chitwan Rhinos,Foreign,0,7,7,1,98,3,121,7,0,17.2857142857,17.2857142857,80,123.4693877551,42,42.8571428571,33,6,2,10,5,15,70,15.306122449,NA,NA,7,61,67,91.0447761194,38,56.7164179104,7,1,47,23,204.347826087,3,13.0434782609,3,3,13,8,162.5,1,12.5,0,1,0,0,NA,0.3,5,10,NA,1,33.3333333333,0,0,0,0,1,0,4,33.3333333333,0,0,0,NA,NA,NA,0,0,0,NA,NA,NA,3,5,0,10,NA,33.3333333333,2,0,0,0,2,5,0,0,23,0,0,0,102,73,139.7260273973,19,25,76,0,NA,0,10,7,1,domestic_status_unknown|opening_order_unknown,Domestic/foreign classification is not supplied. 7 innings have unknown exact opening order. Position mean/median left NA; times_opened retained.,7,0,98,67,23,8,3,3,1,0,0,1,0,0,3,5,0,7,https://www.cricnepal.com/tournament/nepal-premier-league-2025-174/squads/chitwan-rhinos-21202,documented season roster; contextual ID mapping,Chitwan Rhinos,0,0,0,0,1,0,1,0,0,0,0,,Unknown,DJ Malan,Unknown,,,not_found,not_found,,,,,,NA,NA,NA,NA,NA,,false,NA,NA,NA,NA,NA,unavailable,NA,NA,17.2857142857,6,28.1171020657,6.5,7,1.6266092104,0,0,NA,0,1,NA,10,10,NA,0,1,NA,NA,0,NA,NA,NA,0,NA,NA,NA,0,NA,NA,NA,0,NA,NA,NA,0,NA,NA,NA,0,NA,NA,NA,0,NA,NA,NA,0,NA,NA,NA,0,NA,NA,NA,0,NA,NA,NA,0,NA,NA,NA,0,NA,NA,NA,0,NA,NA,NA,0,NA,NA,NA,0,NA,NA,NA,0,NA,NA,NA,0,NA,NA,NA,0,NA,NA,NA,0,NA,NA,NA,0,NA,NA,NA,0,NA,NA,NA,0,NA,NA,NA,0,NA,NA,batting_and_bowling,not_price_verified,npl-2025,NPL 2025 Â· Season 2,chr,52.766798419,15.7626031482,89.7709936898,NA,NA,NA,NA
1a156c88,DJM Short,2025/26,Lumbini Lions,Foreign,0,10,10,6,211,80,256,10,0,25.6,25.6,57,121.327014218,90,43.0622009569,74,12,0,26,9,35,158,16.5876777251,NA,NA,10,172,134,128.3582089552,63,47.0149253731,24,4,84,77,109.0909090909,27,36,2,5,0,0,NA,0,NA,0,0,0,0,NA,13.2,122,9.15,NA,27,33.75,2,0,2.5,0,3,11,78,17.5,0,0,0,NA,NA,NA,68,93,0,8.2058823529,NA,36.7647058824,12,29,0,14.5,NA,16.6666666667,6,0,0,0,7,3,3,1,197,0,92,0,82,66,124.2424242424,174,145,120,0,8.5555555556,0,10.3846153846,10,6,domestic_status_unknown|opening_order_unknown,Domestic/foreign classification is not supplied. 10 innings have unknown exact opening order. Position mean/median left NA; times_opened retained.,10,0,209,134,75,0,82,80,14,0,25,2,54,77,26,45,0,10,https://www.cricnepal.com/tournament/nepal-premier-league-2025-174/squads/lumbini-lions-032-20971,documented season roster; contextual ID mapping,Lumbini Lions,0,0,0,0,1,0,0,0,2,0,0,,Unknown,DJM Short,Unknown,,,not_found,not_found,,,,,,NA,NA,NA,NA,NA,,false,NA,NA,NA,NA,NA,unavailable,NA,NA,25.6,20.5,15.7916996482,17.25,10,0.6168632675,0,0,0,0,6,NA,10.3611111111,9.625,4.648974399,5.3125,6,0.4486945801,NA,0,NA,NA,NA,0,NA,NA,NA,0,NA,NA,NA,0,NA,NA,NA,0,NA,NA,NA,0,NA,NA,NA,0,NA,NA,NA,0,NA,NA,NA,0,NA,NA,NA,0,NA,NA,NA,0,NA,NA,NA,0,NA,NA,NA,0,NA,NA,NA,0,NA,NA,NA,0,NA,NA,NA,0,NA,NA,NA,0,NA,NA,NA,0,NA,NA,NA,0,NA,NA,NA,0,NA,NA,NA,0,NA,NA,NA,0,NA,NA,NA,0,NA,NA,batting_and_bowling,not_price_verified,npl-2025,NPL 2025 Â· Season 2,lul,78.9855072464,41.9813119756,100,21.6071428571,0,71.5584415584,NA
1747ea18,DS Airee,2025/26,Sudur Paschim Royals,Domestic,0,9,8,9,123,144,162,6,2,27,20.25,39,131.7073170732,42,34.4262295082,46,21,0,5,9,14,74,11.3821138211,5.5,5.5,0,0,4,0,4,100,0,0,94,75,125.3333333333,24,32,5,4,68,44,154.5454545455,14,32.5581395349,0,5,9,1,16,24,223,9.2916666667,24.7777777778,60,41.6666666667,6,0,4.1666666667,0,16,16,160,22.2222222222,78,116,5,8.9230769231,15.6,51.2820512821,66,107,4,9.7272727273,16.5,30.303030303,0,0,0,NA,NA,NA,11,0,3,1,7,2,2,1,130,8,16,2,152,116,131.0344827586,10,7,142.8571428571,1,8.5714285714,8,9.5882352941,8,9,domestic_status_unknown,Domestic/foreign classification is not supplied.,9,0,122,4,75,43,146,144,32,40,20,0,42,60,102,163,8,0,https://kathmandupost.com/cricket/2025/08/06/150-players-shortlisted-for-npl-season-2-auction,documented auction/retention pool; contextual ID mapping,Sudur Paschim Royals,0,0,0,0,0,0,0,0,2,0,0,,Unknown,Dipendra Singh Airee,Unknown,,,retained_marquee,retained_compensation_unknown,NA,https://kathmandupost.com/cricket/2025/08/06/150-players-shortlisted-for-npl-season-2-auction,2025-08-06,https://kathmandupost.com/cricket/2025/08/06/150-players-shortlisted-for-npl-season-2-auction,Historical price is context only. Current season compensation not established.,NA,NA,NA,NA,2000000,"Project-owner assumption: every marquee player receives NPR 2,000,000 in each of 2024/25 and 2025/26. Not independently verified payment evidence.",false,NA,NA,NA,NA,2000000,user_assumed_marquee_salary,12345.67901234568,222222.22222222222,20.25,17,13.1012540294,15.5,8,0.6469755076,1,1,1.2247448714,1,9,1.2247448714,10.1574074074,9.6666666667,4.8017004447,5.5,9,0.4727289408,78.5714285714,21,NA,NA,84.375,16,NA,NA,80,20,NA,NA,90.625,16,NA,NA,68.1818181818,22,NA,NA,8.8235294118,17,NA,NA,56.25,16,NA,NA,46.875,16,NA,NA,83.3333333333,21,NA,NA,38.0952380952,21,NA,NA,15.9090909091,22,NA,NA,78.5714285714,21,NA,NA,53.125,16,NA,NA,63.6363636364,22,NA,NA,73.5294117647,17,NA,NA,38.2352941176,17,NA,NA,58.8235294118,17,NA,NA,NA,0,NA,NA,28.125,16,NA,NA,87.5,12,NA,NA,2.7777777778,18,NA,NA,35.7142857143,7,NA,NA,NA,0,NA,NA,batting_and_bowling,not_price_verified,npl-2025,NPL 2025 Â· Season 2,spr,59.6618357488,22.657640478,96.6660310196,58.0357142857,8.0844155844,100,2000000
9b1276f1,Deepak Bohara,2025/26,Chitwan Rhinos,Domestic,0,4,4,0,58,0,57,4,0,14.25,14.25,42,98.275862069,31,53.4482758621,17,1,0,8,1,9,38,15.5172413793,NA,NA,4,40,46,86.9565217391,28,60.8695652174,7,0,17,12,141.6666666667,3,25,1,1,0,0,NA,0,NA,0,0,0,NA,NA,0,0,NA,NA,0,NA,0,0,NA,NA,0,0,0,NA,0,0,0,NA,NA,NA,0,0,0,NA,NA,NA,0,0,0,NA,NA,NA,1,0,0,0,2,2,0,0,47,0,0,0,15,17,88.2352941176,42,41,102.4390243902,0,NA,0,NA,4,0,domestic_status_unknown|opening_order_unknown,Domestic/foreign classification is not supplied. 4 innings have unknown exact opening order. Position mean/median left NA; times_opened retained.,4,0,58,46,12,0,0,0,0,0,0,0,0,0,0,0,0,4,https://kathmandupost.com/cricket/2025/08/06/150-players-shortlisted-for-npl-season-2-auction,documented auction/retention pool; contextual ID mapping,Chitwan Rhinos,0,0,0,0,0,0,1,0,0,0,0,,Unknown,Deepak Bohara,Unknown,,,retained,retained_compensation_unknown,NA,https://kathmandupost.com/cricket/2025/08/06/150-players-shortlisted-for-npl-season-2-auction,2025-08-06,https://kathmandupost.com/cricket/2025/08/06/150-players-shortlisted-for-npl-season-2-auction,Historical price is context only. Current season compensation not established.,NA,NA,500000,500000,NA,User instruction 2026-09-23: retained players have the same price as 2024 in 2025,false,NA,NA,NA,NA,500000,user_assumed_retained_price,8771.9298245614,NA,14.25,7.5,18.9450961113,14.25,4,1.3294804289,NA,NA,NA,NA,NA,NA,NA,NA,NA,NA,NA,NA,40.4761904762,21,NA,NA,28.125,16,NA,NA,37.5,20,NA,NA,15.625,16,NA,NA,NA,0,NA,NA,NA,0,NA,NA,NA,0,NA,NA,NA,0,NA,NA,16.6666666667,21,NA,NA,NA,0,NA,NA,NA,0,NA,NA,50,21,NA,NA,78.125,16,NA,NA,NA,0,NA,NA,NA,0,NA,NA,NA,0,NA,NA,NA,0,NA,NA,43.75,8,NA,NA,NA,0,NA,NA,NA,0,NA,NA,NA,0,NA,NA,NA,0,NA,NA,NA,0,NA,NA,batting_only,not_price_verified,npl-2025,NPL 2025 Â· Season 2,chr,44.2028985507,7.1987032799,81.2070938215,NA,NA,NA,NA
e2acb37d,Deepak Dumre,2025/26,Karnali Yaks,Domestic,0,2,1,0,12,0,10,1,0,10,10,10,83.3333333333,5,41.6666666667,5,1,1,0,0,0,0,0,8,8,0,0,0,NA,0,NA,0,0,2,4,50,3,75,0,0,8,8,100,2,25,0,0,0,NA,NA,0,0,NA,NA,0,NA,0,0,NA,NA,0,0,0,NA,0,0,0,NA,NA,NA,0,0,0,NA,NA,NA,0,0,0,NA,NA,NA,1,0,1,0,0,2,0,0,0,0,0,0,10,12,83.3333333333,0,0,NA,0,NA,0,NA,1,0,domestic_status_unknown,Domestic/foreign classification is not supplied.,2,0,12,0,4,8,0,0,0,0,0,0,0,0,0,0,1,0,https://kathmandupost.com/cricket/2025/08/10/mohammad-adil-alam-steals-the-spotlight-in-npl-season-2-auction,documented auction/retention pool; contextual ID mapping,Karnali Yaks,0,0,0,0,0,0,0,0,0,0,0,,Unknown,Deepak Dumre,Wicketkeeper-batter,https://www.onlinekhabar.com/wp-content/uploads/2025/08/SBL-NPL-Auction-Pool-2025-Final-Sheet1.pdf,2025 auction pool,auction,exact_auction_price,C,https://kathmandupost.com/cricket/2025/08/10/mohammad-adil-alam-steals-the-spotlight-in-npl-season-2-auction,2025-08-10,https://kathmandupost.com/cricket/2025/08/10/mohammad-adil-alam-steals-the-spotlight-in-npl-season-2-auction,NPR; reported clearing price. Base-price purchases use category price explicitly reported in auction result.,200000,NA,NA,NA,NA,,true,20000,NA,NA,NA,200000,reported_exact_auction,20000,NA,10,10,NA,0,1,NA,NA,NA,NA,NA,NA,NA,NA,NA,NA,NA,NA,NA,NA,0,NA,NA,NA,0,NA,NA,NA,0,NA,NA,NA,0,NA,NA,NA,0,NA,NA,NA,0,NA,NA,NA,0,NA,NA,NA,0,NA,NA,NA,0,NA,NA,NA,0,NA,NA,NA,0,NA,NA,NA,0,NA,NA,NA,0,NA,NA,NA,0,NA,NA,NA,0,NA,NA,NA,0,NA,NA,NA,0,NA,NA,NA,0,NA,NA,NA,0,NA,NA,NA,0,NA,NA,NA,0,NA,NA,NA,0,NA,NA,NA,0,NA,NA,batting_only,contextual_manual_match,npl-2025,NPL 2025 Â· Season 2,ky,NA,NA,NA,NA,NA,NA,NA
3355b542,F du Plessis,2025/26,Biratnagar Kings,Foreign,0,4,4,0,62,0,101,4,0,25.25,25.25,50,162.9032258065,19,30.6451612903,25,3,0,10,5,15,70,24.1935483871,NA,NA,4,84,47,178.7234042553,15,31.914893617,10,4,17,15,113.3333333333,4,26.6666666667,0,1,0,0,NA,0,NA,0,0,0,NA,NA,0,0,NA,NA,0,NA,0,0,NA,NA,0,0,0,NA,0,0,0,NA,NA,NA,0,0,0,NA,NA,NA,0,0,0,NA,NA,NA,2,0,0,1,1,3,2,0,50,0,39,0,12,9,133.3333333333,89,53,167.9245283019,0,NA,0,NA,4,0,domestic_status_unknown|opening_order_unknown,Domestic/foreign classification is not supplied. 4 innings have unknown exact opening order. Position mean/median left NA; times_opened retained.,4,0,62,47,15,0,0,0,0,0,0,0,0,0,0,0,0,4,https://www.cricnepal.com/tournament/nepal-premier-league-2025-174/squads/biratnagar-kings-026-22561,documented season roster; contextual ID mapping,Biratnagar Kings,0,0,0,0,1,0,0,0,0,0,0,,Unknown,F du Plessis,Unknown,,,not_found,not_found,,,,,,NA,NA,NA,NA,NA,,false,NA,NA,NA,NA,NA,unavailable,NA,NA,25.25,24,21.5928228817,29.75,4,0.8551613022,NA,NA,NA,NA,NA,NA,NA,NA,NA,NA,NA,NA,NA,0,NA,NA,NA,0,NA,NA,NA,0,NA,NA,NA,0,NA,NA,NA,0,NA,NA,NA,0,NA,NA,NA,0,NA,NA,NA,0,NA,NA,NA,0,NA,NA,NA,0,NA,NA,NA,0,NA,NA,NA,0,NA,NA,NA,0,NA,NA,NA,0,NA,NA,NA,0,NA,NA,NA,0,NA,NA,NA,0,NA,NA,NA,0,NA,NA,NA,0,NA,NA,NA,0,NA,NA,NA,0,NA,NA,NA,0,NA,NA,NA,0,NA,NA,batting_only,not_price_verified,npl-2025,NPL 2025 Â· Season 2,bik,69.5652173913,32.5610221205,100,NA,NA,NA,NA
95a06106,GLS Scrimshaw,2025/26,Chitwan Rhinos,Foreign,0,1,1,1,1,24,0,1,0,0,0,0,0,1,100,0,0,0,0,0,0,0,0,8,8,0,0,0,NA,0,NA,0,0,0,0,NA,0,NA,0,0,0,1,0,1,100,0,0,1,1,24,4,40,10,40,7,29.1666666667,2,0,8.3333333333,0,1,3,22,16.6666666667,0,0,0,NA,NA,NA,12,14,1,7,12,33.3333333333,12,26,0,13,NA,25,0,0,0,0,0,1,0,0,0,0,0,0,0,0,NA,0,1,0,1,10,0,NA,1,1,domestic_status_unknown,Domestic/foreign classification is not supplied.,1,0,1,0,0,1,26,24,4,0,4,3,24,40,0,0,1,0,https://www.cricnepal.com/tournament/nepal-premier-league-2025-174/squads/chitwan-rhinos-21202,documented season roster; contextual ID mapping,Chitwan Rhinos,0,0,0,0,0,0,1,0,2,0,0,,Unknown,GLS Scrimshaw,Unknown,,,not_found,not_found,,,,,,NA,NA,NA,NA,NA,,false,NA,NA,NA,NA,NA,unavailable,NA,NA,0,0,NA,0,1,NA,1,1,NA,0,1,NA,10,10,NA,0,1,NA,NA,0,NA,NA,NA,0,NA,NA,NA,0,NA,NA,NA,0,NA,NA,NA,0,NA,NA,NA,0,NA,NA,NA,0,NA,NA,NA,0,NA,NA,NA,0,NA,NA,NA,0,NA,NA,NA,0,NA,NA,NA,0,NA,NA,NA,0,NA,NA,NA,0,NA,NA,NA,0,NA,NA,NA,0,NA,NA,NA,0,NA,NA,NA,0,NA,NA,NA,0,NA,NA,NA,0,NA,NA,NA,0,NA,NA,NA,0,NA,NA,NA,0,NA,NA,batting_and_bowling,not_price_verified,npl-2025,NPL 2025 Â· Season 2,chr,NA,NA,NA,NA,NA,NA,NA
b58b7db6,GSNFG Jayasuriya,2025/26,Biratnagar Kings,Foreign,0,1,0,0,0,0,0,0,0,NA,NA,NA,NA,0,NA,0,0,0,0,0,0,0,NA,NA,NA,0,0,0,NA,0,NA,0,0,0,0,NA,0,NA,0,0,0,0,NA,0,NA,0,0,0,NA,NA,0,0,NA,NA,0,NA,0,0,NA,NA,0,0,0,NA,0,0,0,NA,NA,NA,0,0,0,NA,NA,NA,0,0,0,NA,NA,NA,0,0,0,0,1,0,0,0,0,0,0,0,0,0,NA,0,0,NA,0,NA,0,NA,0,0,domestic_status_unknown,Domestic/foreign classification is not supplied.,1,0,0,0,0,0,0,0,0,0,0,0,0,0,0,0,0,0,https://www.cricnepal.com/tournament/nepal-premier-league-2025-174/squads/biratnagar-kings-026-22561,documented season roster; contextual ID mapping,Biratnagar Kings,0,0,0,NA,0,0,0,0,0,0,0,,Unknown,GSNFG Jayasuriya,Unknown,,,not_found,not_found,,,,,,NA,NA,NA,NA,NA,,false,NA,NA,NA,NA,NA,unavailable,NA,NA,NA,NA,NA,NA,NA,NA,NA,NA,NA,NA,NA,NA,NA,NA,NA,NA,NA,NA,NA,0,NA,NA,NA,0,NA,NA,NA,0,NA,NA,NA,0,NA,NA,NA,0,NA,NA,NA,0,NA,NA,NA,0,NA,NA,NA,0,NA,NA,NA,0,NA,NA,NA,0,NA,NA,NA,0,NA,NA,NA,0,NA,NA,NA,0,NA,NA,NA,0,NA,NA,NA,0,NA,NA,NA,0,NA,NA,NA,0,NA,NA,NA,0,NA,NA,NA,0,NA,NA,NA,0,NA,NA,NA,0,NA,NA,NA,0,NA,NA,NA,0,NA,NA,no_recorded_innings,not_price_verified,npl-2025,NPL 2025 Â· Season 2,bik,NA,NA,NA,NA,NA,NA,NA
a2ff9c85,Gautam KC,2025/26,Chitwan Rhinos,Domestic,0,1,0,1,0,12,0,0,0,NA,NA,NA,NA,0,NA,0,0,0,0,0,0,0,NA,NA,NA,0,0,0,NA,0,NA,0,0,0,0,NA,0,NA,0,0,0,0,NA,0,NA,0,0,0,0,NA,2,28,14,NA,2,16.6666666667,0,0,0,0,1,3,22,33.3333333333,0,0,0,NA,NA,NA,12,28,0,14,NA,16.6666666667,0,0,0,NA,NA,NA,0,0,0,0,0,1,0,0,0,0,0,0,0,0,NA,0,0,NA,0,NA,0,14,0,1,domestic_status_unknown,Domestic/foreign classification is not supplied.,1,0,0,0,0,0,12,12,4,0,2,0,0,0,12,28,0,0,https://kathmandupost.com/cricket/2025/08/06/150-players-shortlisted-for-npl-season-2-auction,documented auction/retention pool; contextual ID mapping,Chitwan Rhinos,0,0,0,NA,0,0,0,0,0,0,0,,Unknown,Gautam KC,Unknown,,,retained,retained_compensation_unknown,NA,https://kathmandupost.com/cricket/2025/08/06/150-players-shortlisted-for-npl-season-2-auction,2025-08-06,https://kathmandupost.com/cricket/2025/08/06/150-players-shortlisted-for-npl-season-2-auction,Historical price is context only. Current season compensation not established.,NA,NA,200000,200000,NA,User instruction 2026-09-23: retained players have the same price as 2024 in 2025,false,NA,NA,NA,NA,200000,user_assumed_retained_price,NA,NA,NA,NA,NA,NA,NA,NA,0,0,NA,0,1,NA,14,14,NA,0,1,NA,NA,0,NA,NA,NA,0,NA,NA,NA,0,NA,NA,NA,0,NA,NA,NA,0,NA,NA,NA,0,NA,NA,NA,0,NA,NA,NA,0,NA,NA,NA,0,NA,NA,NA,0,NA,NA,NA,0,NA,NA,NA,0,NA,NA,NA,0,NA,NA,NA,0,NA,NA,NA,0,NA,NA,NA,0,NA,NA,NA,0,NA,NA,NA,0,NA,NA,NA,0,NA,NA,NA,0,NA,NA,NA,0,NA,NA,NA,0,NA,NA,NA,0,NA,NA,bowling_only,not_price_verified,npl-2025,NPL 2025 Â· Season 2,chr,NA,NA,NA,NA,NA,NA,NA
9f77963a,Gulbadin Naib,2025/26,Lumbini Lions,Foreign,0,5,5,5,59,96,90,4,1,22.5,18,44,152.5423728814,23,38.9830508475,18,6,0,6,6,12,60,20.3389830508,5.2,5,0,11,6,183.3333333333,3,50,1,1,40,30,133.3333333333,12,40,3,2,39,23,169.5652173913,8,34.7826086957,2,3,5,1,19.2,16,125,7.8125,25,37,38.5416666667,1,0,1.0416666667,0,9,6,72,15.625,18,22,0,7.3333333333,NA,44.4444444444,42,46,1,6.5714285714,42,45.2380952381,36,57,4,9.5,9,27.7777777778,1,0,0,0,2,3,0,0,61,3,0,0,18,18,100,72,41,175.6097560976,5,6.6363636364,0,10.4,5,5,domestic_status_unknown,Domestic/foreign classification is not supplied.,5,0,59,6,30,23,97,96,15,8,19,10,66,73,30,52,5,0,https://www.cricnepal.com/tournament/nepal-premier-league-2025-174/squads/lumbini-lions-032-20971,documented season roster; contextual ID mapping,Lumbini Lions,0,0,0,1,0,0,0,0,1,0,0,,Unknown,Gulbadin Naib,Unknown,,,not_found,not_found,,,,,,NA,NA,NA,NA,NA,,false,NA,NA,NA,NA,NA,unavailable,NA,NA,18,11,14.9666295471,6,5,0.8314794193,1,1,1,2,5,1,8.2833333333,8.25,2.8146442443,2.3333333333,5,0.3397960858,NA,0,NA,NA,NA,0,NA,NA,NA,0,NA,NA,NA,0,NA,NA,NA,0,NA,NA,NA,0,NA,NA,NA,0,NA,NA,NA,0,NA,NA,NA,0,NA,NA,NA,0,NA,NA,NA,0,NA,NA,NA,0,NA,NA,NA,0,NA,NA,NA,0,NA,NA,NA,0,NA,NA,NA,0,NA,NA,NA,0,NA,NA,NA,0,NA,NA,NA,0,NA,NA,NA,0,NA,NA,NA,0,NA,NA,NA,0,NA,NA,NA,0,NA,NA,batting_and_bowling,not_price_verified,npl-2025,NPL 2025 Â· Season 2,lul,53.6231884058,16.618993135,90.6273836766,56.4484126984,6.4971139971,100,NA
9811e35e,Gulsan Jha,2025/26,Karnali Yaks,Domestic,0,7,5,4,72,60,110,4,1,27.5,22,49,152.7777777778,28,38.8888888889,22,6,0,10,6,16,76,22.2222222222,5.6,6,0,0,0,NA,0,NA,0,0,43,43,100,20,46.511627907,2,2,67,29,231.0344827586,8,27.5862068966,8,4,3,0.75,20,10,92,9.2,30.6666666667,16,26.6666666667,3,0,5,0,6,4,48,16.6666666667,0,0,0,NA,NA,NA,54,76,3,8.4444444444,18,27.7777777778,6,16,0,16,NA,16.6666666667,5,0,0,0,2,5,0,0,19,1,0,0,88,52,169.2307692308,22,20,110,1,10.2,2,8.2,5,4,domestic_status_unknown,Domestic/foreign classification is not supplied.,7,0,72,0,43,29,63,60,10,0,15,1,30,51,30,41,5,0,https://kathmandupost.com/cricket/2025/08/06/150-players-shortlisted-for-npl-season-2-auction,documented auction/retention pool; contextual ID mapping,Karnali Yaks,0,0,0,1,0,0,0,0,3,0,0,,Unknown,Gulshan Jha,Unknown,,,retained,retained_compensation_unknown,NA,https://kathmandupost.com/cricket/2025/08/06/150-players-shortlisted-for-npl-season-2-auction,2025-08-06,https://kathmandupost.com/cricket/2025/08/06/150-players-shortlisted-for-npl-season-2-auction,Historical price is context only. Current season compensation not established.,NA,NA,1500000,1500000,NA,User instruction 2026-09-23: retained players have the same price as 2024 in 2025,false,NA,NA,NA,NA,1500000,user_assumed_retained_price,13636.3636363636,500000,22,19,15.748015748,7,5,0.7158188976,0.75,0.5,0.9574271078,1.25,4,1.276569477,9.2083333333,9.25,2.2826844171,3.125,4,0.2478933304,64.2857142857,21,NA,NA,90.625,16,NA,NA,87.5,20,NA,NA,65.625,16,NA,NA,36.3636363636,22,NA,NA,NA,0,NA,NA,NA,0,NA,NA,NA,0,NA,NA,69.0476190476,21,NA,NA,23.8095238095,21,NA,NA,79.5454545455,22,NA,NA,88.0952380952,21,NA,NA,96.875,16,NA,NA,45.4545454545,22,NA,NA,NA,0,NA,NA,NA,0,NA,NA,NA,0,NA,NA,NA,0,NA,NA,NA,0,NA,NA,37.5,12,NA,NA,13.8888888889,18,NA,NA,92.8571428571,7,NA,NA,NA,0,NA,NA,batting_and_bowling,not_price_verified,npl-2025,NPL 2025 Â· Season 2,ky,63.6876006441,26.6834053733,100,45.5357142857,0,95.487012987,NA
bb20441f,H Dhami,2025/26,Sudur Paschim Royals,Domestic,0,7,3,7,17,102,11,0,3,NA,3.6666666667,7,64.7058823529,12,70.5882352941,3,1,0,0,1,1,6,5.8823529412,10,10,0,0,0,NA,0,NA,0,0,0,0,NA,0,NA,0,0,11,17,64.7058823529,12,70.5882352941,0,1,9,1.2857142857,11.3333333333,17,140,8.2352941176,15.5555555556,45,44.1176470588,4,1,3.9215686275,0.9803921569,14,6,92,19.4174757282,54,79,6,8.7777777778,9,46.2962962963,30,35,2,7,15,43.3333333333,18,26,1,8.6666666667,18,38.8888888889,2,0,0,0,6,1,2,1,4,7,7,3,11,17,64.7058823529,0,0,NA,2,8.6666666667,7,8,3,7,domestic_status_unknown,Domestic/foreign classification is not supplied.,7,0,17,0,0,17,107,103,20,25,13,7,36,52,66,88,3,0,https://kathmandupost.com/cricket/2025/08/10/mohammad-adil-alam-steals-the-spotlight-in-npl-season-2-auction,documented auction/retention pool; contextual ID mapping,Sudur Paschim Royals,0,0,0,1,0,0,0,0,4,1,0,,Unknown,Hemant Dhami,Bowler,https://www.onlinekhabar.com/wp-content/uploads/2025/08/SBL-NPL-Auction-Pool-2025-Final-Sheet1.pdf,2025 auction pool,auction,exact_auction_price,B,https://kathmandupost.com/cricket/2025/08/10/mohammad-adil-alam-steals-the-spotlight-in-npl-season-2-auction,2025-08-10,https://kathmandupost.com/cricket/2025/08/10/mohammad-adil-alam-steals-the-spotlight-in-npl-season-2-auction,NPR; reported clearing price. Base-price purchases use category price explicitly reported in auction result.,1000000,NA,NA,NA,NA,,true,90909.0909090909,111111.1111111111,NA,NA,1000000,reported_exact_auction,90909.0909090909,111111.1111111111,3.6666666667,3,3.0550504633,3,3,0.8331955809,1.2857142857,1,0.755928946,1,7,0.5879447358,8.0714285714,8.6666666667,1.704724217,2.1666666667,7,0.2112047702,NA,0,NA,NA,NA,0,NA,NA,NA,0,NA,NA,NA,0,NA,NA,85,10,60,10,27.7777777778,9,NA,NA,94.4444444444,9,NA,NA,61.1111111111,9,NA,NA,NA,0,NA,NA,95,10,60,30,65,10,60,10,NA,0,NA,NA,NA,0,NA,NA,65,10,60,-10,61.1111111111,9,NA,NA,27.7777777778,9,NA,NA,16.6666666667,9,NA,NA,NA,0,NA,NA,18.75,8,NA,NA,NA,0,NA,NA,55,10,66.6666666667,-8.3333333333,NA,0,NA,NA,NA,0,NA,NA,batting_and_bowling,contextual_manual_match,npl-2025,NPL 2025 Â· Season 2,spr,NA,NA,NA,65.9090909091,15.9577922078,100,NA
28b1c40e,H Mahara,2025/26,Sudur Paschim Royals,Unknown,0,2,0,2,0,18,0,0,0,NA,NA,NA,NA,0,NA,0,0,0,0,0,0,0,NA,NA,NA,0,0,0,NA,0,NA,0,0,0,0,NA,0,NA,0,0,0,0,NA,0,NA,0,0,1,0.5,18,3,34,11.3333333333,34,7,38.8888888889,2,0,11.1111111111,0,2,3,26,27.7777777778,12,31,1,15.5,12,25,6,3,0,3,NA,66.6666666667,0,0,0,NA,NA,NA,0,0,1,0,1,1,0,0,0,1,0,0,0,0,NA,0,0,NA,0,NA,1,11.3333333333,0,2,domestic_status_unknown,Domestic/foreign classification is not supplied.,2,0,0,0,0,0,20,18,5,3,4,0,0,0,18,34,0,0,,Unknown,Sudur Paschim Royals,0,0,0,NA,0,0,0,0,2,0,0,,Unknown,H Mahara,Unknown,,,not_found,not_found,,,,,,NA,NA,NA,NA,NA,,false,NA,NA,NA,NA,NA,unavailable,NA,NA,NA,NA,NA,NA,NA,NA,0.5,0.5,0.7071067812,0.5,2,1.4142135624,13.5,13.5,9.1923881554,6.5,2,0.6809176411,NA,0,NA,NA,NA,0,NA,NA,NA,0,NA,NA,NA,0,NA,NA,NA,0,NA,NA,NA,0,NA,NA,NA,0,NA,NA,NA,0,NA,NA,NA,0,NA,NA,NA,0,NA,NA,NA,0,NA,NA,NA,0,NA,NA,NA,0,NA,NA,NA,0,NA,NA,NA,0,NA,NA,NA,0,NA,NA,NA,0,NA,NA,NA,0,NA,NA,NA,0,NA,NA,NA,0,NA,NA,NA,0,NA,NA,NA,0,NA,NA,NA,0,NA,NA,bowling_only,not_price_verified,npl-2025,NPL 2025 Â· Season 2,spr,NA,NA,NA,NA,NA,NA,NA
ff014c34,HG Munsey,2025/26,Biratnagar Kings,Foreign,0,6,6,1,38,6,60,6,0,10,10,36,157.8947368421,20,52.6315789474,6,0,0,9,3,12,54,31.5789473684,NA,NA,6,56,36,155.5555555556,19,52.7777777778,8,3,4,2,200,1,50,1,0,0,0,NA,0,NA,0,0,0,0,NA,1,9,9,NA,1,16.6666666667,0,0,0,0,1,0,4,16.6666666667,0,0,0,NA,NA,NA,6,9,0,9,NA,16.6666666667,0,0,0,NA,NA,NA,3,0,0,0,4,2,0,0,56,0,0,0,20,15,133.3333333333,40,23,173.9130434783,0,NA,0,9,6,1,domestic_status_unknown|opening_order_unknown,Domestic/foreign classification is not supplied. 6 innings have unknown exact opening order. Position mean/median left NA; times_opened retained.,6,0,38,36,2,0,6,6,1,0,1,0,0,0,6,9,0,6,https://www.cricnepal.com/tournament/nepal-premier-league-2025-174/squads/biratnagar-kings-026-22561,documented season roster; contextual ID mapping,Biratnagar Kings,0,0,0,0,0,0,2,0,0,0,0,,Unknown,HG Munsey,Unknown,,,not_found,not_found,,,,,,NA,NA,NA,NA,NA,,false,NA,NA,NA,NA,NA,unavailable,NA,NA,10,7,13.5055544129,9,6,1.3505554413,0,0,NA,0,1,NA,9,9,NA,0,1,NA,NA,0,NA,NA,NA,0,NA,NA,NA,0,NA,NA,NA,0,NA,NA,NA,0,NA,NA,NA,0,NA,NA,NA,0,NA,NA,NA,0,NA,NA,NA,0,NA,NA,NA,0,NA,NA,NA,0,NA,NA,NA,0,NA,NA,NA,0,NA,NA,NA,0,NA,NA,NA,0,NA,NA,NA,0,NA,NA,NA,0,NA,NA,NA,0,NA,NA,NA,0,NA,NA,NA,0,NA,NA,NA,0,NA,NA,NA,0,NA,NA,NA,0,NA,NA,batting_and_bowling,not_price_verified,npl-2025,NPL 2025 Â· Season 2,bik,33.4782608696,0,70.4824561404,NA,NA,NA,NA
0bf15e52,Harmeet Singh,2025/26,Sudur Paschim Royals,Foreign,0,9,9,9,80,196,133,7,2,19,14.7777777778,53,166.25,29,36.25,31,1,0,7,12,19,100,23.75,6.1111111111,6,0,0,0,NA,0,NA,0,0,31,34,91.1764705882,13,38.2352941176,0,2,102,46,221.7391304348,16,34.7826086957,7,10,12,1.3333333333,16.3333333333,32.4,202,6.1836734694,16.8333333333,84,42.8571428571,8,0,4.0816326531,0,17,3,86,10.2040816327,66,62,3,5.6363636364,22,51.5151515152,120,133,6,6.65,20,35.8333333333,10,7,3,4.2,3.3333333333,70,4,0,0,1,7,2,2,1,123,11,24,2,101,67,150.7462686567,32,13,246.1538461538,3,6,9,6.24,9,9,domestic_status_unknown,Domestic/foreign classification is not supplied.,9,0,80,0,34,46,200,196,20,34,43,7,46,46,150,156,9,0,https://www.cricnepal.com/tournament/nepal-premier-league-2025-174/squads/sudurpaschim-royals-028-21136,documented season roster; contextual ID mapping,Sudur Paschim Royals,0,0,0,0,1,0,1,1,4,0,0,,Unknown,Harmeet Singh,Unknown,,,not_found,not_found,,,,,,NA,NA,NA,NA,NA,,false,NA,NA,NA,NA,NA,unavailable,NA,NA,14.7777777778,10,16.5512671552,15,9,1.1200105594,1.3333333333,2,1.1180339887,2,9,0.8385254916,6.2777777778,6,1.5075043763,1.25,9,0.2401334405,NA,0,NA,NA,NA,0,NA,NA,NA,0,NA,NA,NA,0,NA,NA,NA,0,NA,NA,NA,0,NA,NA,NA,0,NA,NA,NA,0,NA,NA,NA,0,NA,NA,NA,0,NA,NA,NA,0,NA,NA,NA,0,NA,NA,NA,0,NA,NA,NA,0,NA,NA,NA,0,NA,NA,NA,0,NA,NA,NA,0,NA,NA,NA,0,NA,NA,NA,0,NA,NA,NA,0,NA,NA,NA,0,NA,NA,NA,0,NA,NA,NA,0,NA,NA,batting_and_bowling,not_price_verified,npl-2025,NPL 2025 Â· Season 2,spr,45.9866220736,8.9824268028,82.9908173444,69.7802197802,19.8289210789,100,NA
ed547c49,I Pandey,2025/26,Sudur Paschim Royals,Domestic,0,9,8,5,159,42,160,7,1,22.8571428571,20,56,100.6289308176,72,45.5696202532,55,13,1,13,4,17,76,10.6918238994,NA,NA,1,40,52,76.9230769231,32,61.5384615385,4,1,96,89,107.8651685393,34,38.202247191,6,3,24,18,133.3333333333,6,35.2941176471,3,0,2,0.4,21,7,59,8.4285714286,29.5,15,35.7142857143,1,0,2.380952381,0,2,5,38,16.6666666667,0,0,0,NA,NA,NA,42,59,2,8.4285714286,21,35.7142857143,0,0,0,NA,NA,NA,0,0,3,1,7,2,2,1,89,2,46,0,104,124,83.8709677419,56,35,160,0,6.5,2,9.2,8,5,domestic_status_unknown|opening_order_unknown,Domestic/foreign classification is not supplied. 1 innings have unknown exact opening order. Position mean/median left NA; times_opened retained.,9,0,158,52,89,17,43,42,7,0,15,0,12,13,30,46,7,1,https://kathmandupost.com/cricket/2025/08/06/150-players-shortlisted-for-npl-season-2-auction,documented auction/retention pool; contextual ID mapping,Sudur Paschim Royals,0,0,0,0,1,0,0,0,1,0,0,,Unknown,Ishan Pandey,Unknown,,,retained,retained_compensation_unknown,NA,https://kathmandupost.com/cricket/2025/08/06/150-players-shortlisted-for-npl-season-2-auction,2025-08-06,https://kathmandupost.com/cricket/2025/08/06/150-players-shortlisted-for-npl-season-2-auction,Historical price is context only. Current season compensation not established.,NA,NA,950000,950000,NA,User instruction 2026-09-23: retained players have the same price as 2024 in 2025,false,NA,NA,NA,NA,950000,user_assumed_retained_price,5937.5,475000,20,12,20,29.25,8,1,0.4,0,0.5477225575,1,5,1.3693063938,9.6,7,5.7597743011,4.5,5,0.5999764897,73.8095238095,21,NA,NA,34.375,16,NA,NA,67.5,20,NA,NA,40.625,16,NA,NA,20.4545454545,22,NA,NA,NA,0,NA,NA,NA,0,NA,NA,NA,0,NA,NA,40.4761904762,21,NA,NA,16.6666666667,21,NA,NA,2.2727272727,22,NA,NA,73.8095238095,21,NA,NA,40.625,16,NA,NA,15.9090909091,22,NA,NA,NA,0,NA,NA,NA,0,NA,NA,NA,0,NA,NA,18.75,8,NA,NA,NA,0,NA,NA,70.8333333333,12,NA,NA,19.4444444444,18,NA,NA,NA,0,NA,NA,NA,0,NA,NA,batting_and_bowling,not_price_verified,npl-2025,NPL 2025 Â· Season 2,spr,58.6956521739,21.6914569031,95.6998474447,28.6706349206,0,78.6219336219,NA
97fd166d,Imran Sheikh,2025/26,Karnali Yaks,Domestic,0,1,1,0,32,0,33,1,0,33,33,33,103.125,9,28.125,19,2,0,1,1,2,10,6.25,NA,NA,1,6,11,54.5454545455,6,54.5454545455,0,0,27,21,128.5714285714,3,14.2857142857,1,1,0,0,NA,0,NA,0,0,0,NA,NA,0,0,NA,NA,0,NA,0,0,NA,NA,0,0,0,NA,0,0,0,NA,NA,NA,0,0,0,NA,NA,NA,0,0,0,NA,NA,NA,0,0,0,0,1,0,0,0,33,0,0,0,33,32,103.125,0,0,NA,0,NA,0,NA,1,0,domestic_status_unknown|opening_order_unknown,Domestic/foreign classification is not supplied. 1 innings have unknown exact opening order. Position mean/median left NA; times_opened retained.,1,0,32,11,21,0,0,0,0,0,0,0,0,0,0,0,0,1,https://kathmandupost.com/cricket/2025/08/10/mohammad-adil-alam-steals-the-spotlight-in-npl-season-2-auction,documented auction/retention pool; contextual ID mapping,Karnali Yaks,0,0,0,0,0,0,0,0,0,0,0,,Unknown,Imran Sheikh,Unknown,,,auction,exact_auction_price,C,https://kathmandupost.com/cricket/2025/08/10/mohammad-adil-alam-steals-the-spotlight-in-npl-season-2-auction,2025-08-10,https://kathmandupost.com/cricket/2025/08/10/mohammad-adil-alam-steals-the-spotlight-in-npl-season-2-auction,NPR; reported clearing price. Base-price purchases use category price explicitly reported in auction result.,200000,NA,NA,NA,NA,,true,6060.6060606061,NA,NA,NA,200000,reported_exact_auction,6060.6060606061,NA,33,33,NA,0,1,NA,NA,NA,NA,NA,NA,NA,NA,NA,NA,NA,NA,NA,NA,0,NA,NA,NA,0,NA,NA,NA,0,NA,NA,NA,0,NA,NA,NA,0,NA,NA,NA,0,NA,NA,NA,0,NA,NA,NA,0,NA,NA,NA,0,NA,NA,NA,0,NA,NA,NA,0,NA,NA,NA,0,NA,NA,NA,0,NA,NA,NA,0,NA,NA,NA,0,NA,NA,NA,0,NA,NA,NA,0,NA,NA,NA,0,NA,NA,NA,0,NA,NA,NA,0,NA,NA,NA,0,NA,NA,NA,0,NA,NA,NA,0,NA,NA,batting_only,contextual_manual_match,npl-2025,NPL 2025 Â· Season 2,ky,NA,NA,NA,NA,NA,NA,NA
647e7d44,J Brown,2025/26,Sudur Paschim Royals,Foreign,0,6,6,0,71,0,101,6,0,16.8333333333,16.8333333333,68,142.2535211268,36,50.7042253521,15,4,0,9,7,16,78,22.5352112676,NA,NA,6,63,47,134.0425531915,25,53.1914893617,8,3,38,24,158.3333333333,11,45.8333333333,1,4,0,0,NA,0,NA,0,0,0,NA,NA,0,0,NA,NA,0,NA,0,0,NA,NA,0,0,0,NA,0,0,0,NA,NA,NA,0,0,0,NA,NA,NA,0,0,0,NA,NA,NA,2,0,0,1,5,1,0,0,77,0,0,0,92,63,146.0317460317,9,8,112.5,0,NA,0,NA,6,0,domestic_status_unknown|opening_order_unknown,Domestic/foreign classification is not supplied. 6 innings have unknown exact opening order. Position mean/median left NA; times_opened retained.,6,0,71,47,24,0,0,0,0,0,0,0,0,0,0,0,0,6,https://www.cricnepal.com/tournament/nepal-premier-league-2025-174/squads/sudurpaschim-royals-028-21136,documented season roster; contextual ID mapping,Sudur Paschim Royals,0,0,0,0,1,0,3,0,0,0,0,,Unknown,J Brown,Unknown,,,not_found,not_found,,,,,,NA,NA,NA,NA,NA,,false,NA,NA,NA,NA,NA,unavailable,NA,NA,16.8333333333,4.5,26.7612904522,20.25,6,1.5897796308,NA,NA,NA,NA,NA,NA,NA,NA,NA,NA,NA,NA,NA,0,NA,NA,NA,0,NA,NA,NA,0,NA,NA,NA,0,NA,NA,NA,0,NA,NA,NA,0,NA,NA,NA,0,NA,NA,NA,0,NA,NA,NA,0,NA,NA,NA,0,NA,NA,NA,0,NA,NA,NA,0,NA,NA,NA,0,NA,NA,NA,0,NA,NA,NA,0,NA,NA,NA,0,NA,NA,NA,0,NA,NA,NA,0,NA,NA,NA,0,NA,NA,NA,0,NA,NA,NA,0,NA,NA,NA,0,NA,NA,NA,0,NA,NA,batting_only,not_price_verified,npl-2025,NPL 2025 Â· Season 2,spr,51.7391304348,14.734935164,88.7433257056,NA,NA,NA,NA
d48af8d7,JA Kolsawala,2025/26,Karnali Yaks,Foreign,0,1,1,0,10,0,6,1,0,6,6,6,60,6,66.6666666667,2,2,0,0,0,0,0,0,3,3,0,2,5,40,4,80,0,0,4,5,80,2,50,0,0,0,0,NA,0,NA,0,0,0,NA,NA,0,0,NA,NA,0,NA,0,0,NA,NA,0,0,0,NA,0,0,0,NA,NA,NA,0,0,0,NA,NA,NA,0,0,0,NA,NA,NA,0,0,0,0,0,1,0,0,0,0,0,0,0,0,NA,6,10,60,0,NA,0,NA,1,0,domestic_status_unknown,Domestic/foreign classification is not supplied.,1,0,9,5,4,0,0,0,0,0,0,0,0,0,0,0,1,0,https://en.himalpress.com/karnali-vs-chitwan-biratnagar-vs-pokhara-in-npl-today/,documented season roster; contextual ID mapping,Karnali Yaks,0,0,0,0,0,0,0,0,0,0,0,,Unknown,JA Kolsawala,Unknown,,,not_found,not_found,,,,,,NA,NA,NA,NA,NA,,false,NA,NA,NA,NA,NA,unavailable,NA,NA,6,6,NA,0,1,NA,NA,NA,NA,NA,NA,NA,NA,NA,NA,NA,NA,NA,NA,0,NA,NA,NA,0,NA,NA,NA,0,NA,NA,NA,0,NA,NA,NA,0,NA,NA,NA,0,NA,NA,NA,0,NA,NA,NA,0,NA,NA,NA,0,NA,NA,NA,0,NA,NA,NA,0,NA,NA,NA,0,NA,NA,NA,0,NA,NA,NA,0,NA,NA,NA,0,NA,NA,NA,0,NA,NA,NA,0,NA,NA,NA,0,NA,NA,NA,0,NA,NA,NA,0,NA,NA,NA,0,NA,NA,NA,0,NA,NA,NA,0,NA,NA,batting_only,not_price_verified,npl-2025,NPL 2025 Â· Season 2,ky,NA,NA,NA,NA,NA,NA,NA
f05fe9b1,JA Simpson,2025/26,Kathmandu Gorkhas,Foreign,0,8,8,0,103,0,172,7,1,24.5714285714,21.5,60,166.9902912621,27,26.213592233,46,8,0,11,11,22,110,21.359223301,5.5,5,0,28,16,175,5,31.25,4,1,99,65,152.3076923077,18,27.6923076923,4,7,45,22,204.5454545455,4,18.1818181818,3,3,0,NA,NA,0,0,NA,NA,0,NA,0,0,NA,NA,0,0,0,NA,0,0,0,NA,NA,NA,0,0,0,NA,NA,NA,0,0,0,NA,NA,NA,2,4,0,1,5,3,1,0,123,0,18,0,94,58,162.0689655172,78,45,173.3333333333,0,NA,0,NA,8,0,domestic_status_unknown|team_alias_review,Domestic/foreign classification is not supplied. Kathmandu Gurkhas/Gorkhas uses proposed canonical label Kathmandu Gorkhas; raw label retained.,8,0,103,16,65,22,0,0,0,0,0,0,0,0,0,0,8,0,https://www.cricnepal.com/tournament/nepal-premier-league-2025-174/squads/kathmandu-gorkhas-024-22569,documented season roster; contextual ID mapping,Kathmandu Gorkhas,0,0,0,0,1,0,0,0,0,0,0,,Unknown,JA Simpson,Unknown,,,not_found,not_found,,,,,,NA,NA,NA,NA,NA,,false,NA,NA,NA,NA,NA,unavailable,NA,NA,21.5,15.5,19.8350339407,21.25,8,0.9225597182,NA,NA,NA,NA,NA,NA,NA,NA,NA,NA,NA,NA,NA,0,NA,NA,NA,0,NA,NA,NA,0,NA,NA,NA,0,NA,NA,NA,0,NA,NA,NA,0,NA,NA,NA,0,NA,NA,NA,0,NA,NA,NA,0,NA,NA,NA,0,NA,NA,NA,0,NA,NA,NA,0,NA,NA,NA,0,NA,NA,NA,0,NA,NA,NA,0,NA,NA,NA,0,NA,NA,NA,0,NA,NA,NA,0,NA,NA,NA,0,NA,NA,NA,0,NA,NA,NA,0,NA,NA,NA,0,NA,NA,NA,0,NA,NA,batting_only,not_price_verified,npl-2025,NPL 2025 Â· Season 2,kag,63.5265700483,26.5223747775,100,NA,NA,NA,NA
9219eff0,JDS Neesham,2025/26,Pokhara Avengers,Foreign,0,4,4,4,61,60,99,3,1,33,24.75,51,162.2950819672,24,39.3442622951,17,7,0,5,8,13,68,21.3114754098,5,5,0,2,6,33.3333333333,4,66.6666666667,0,0,63,39,161.5384615385,17,43.5897435897,3,6,34,16,212.5,3,18.75,2,2,5,1.25,12,10,103,10.3,20.6,22,36.6666666667,3,2,5,3.3333333333,9,6,72,24.1935483871,0,0,0,NA,NA,NA,36,72,2,12,18,36.1111111111,24,31,3,7.75,8,37.5,2,0,0,0,1,3,0,0,1,1,0,0,52,35,148.5714285714,47,26,180.7692307692,3,11.5,2,8.5,4,4,domestic_status_unknown,Domestic/foreign classification is not supplied.,4,0,61,6,39,16,65,62,15,0,13,9,36,69,24,34,4,0,https://www.cricnepal.com/tournament/nepal-premier-league-2025-174/squads/pokhara-avengers-025-22564,documented season roster; contextual ID mapping,Pokhara Avengers,0,0,0,1,1,0,1,0,3,2,0,,Unknown,JDS Neesham,Unknown,,,not_found,not_found,,,,,,NA,NA,NA,NA,NA,,false,NA,NA,NA,NA,NA,unavailable,NA,NA,24.75,24,28.0520349826,47.25,4,1.1334155549,1.25,1,1.2583057392,0.75,4,1.0066445914,9.9375,11.25,2.9747198748,1.9375,4,0.2993428805,NA,0,NA,NA,NA,0,NA,NA,NA,0,NA,NA,NA,0,NA,NA,NA,0,NA,NA,NA,0,NA,NA,NA,0,NA,NA,NA,0,NA,NA,NA,0,NA,NA,NA,0,NA,NA,NA,0,NA,NA,NA,0,NA,NA,NA,0,NA,NA,NA,0,NA,NA,NA,0,NA,NA,NA,0,NA,NA,NA,0,NA,NA,NA,0,NA,NA,NA,0,NA,NA,NA,0,NA,NA,NA,0,NA,NA,NA,0,NA,NA,NA,0,NA,NA,batting_and_bowling,not_price_verified,npl-2025,NPL 2025 Â· Season 2,poa,67.3913043478,30.387109077,100,60.2678571429,10.3165584416,100,NA
d1c36f5c,JJ Roy,2025/26,Pokhara Avengers,Foreign,0,3,3,0,54,0,68,2,1,34,22.6666666667,46,125.9259259259,20,37.037037037,23,3,1,3,4,7,36,12.962962963,3.3333333333,3,0,21,17,123.5294117647,7,41.1764705882,1,1,29,24,120.8333333333,10,41.6666666667,1,2,18,13,138.4615384615,3,23.0769230769,1,1,0,NA,NA,0,0,NA,NA,0,NA,0,0,NA,NA,0,0,0,NA,0,0,0,NA,NA,NA,0,0,0,NA,NA,NA,0,0,0,NA,NA,NA,4,0,0,0,2,1,0,0,52,0,0,0,46,34,135.2941176471,22,20,110,0,NA,0,NA,3,0,domestic_status_unknown,Domestic/foreign classification is not supplied.,3,0,54,17,24,13,0,0,0,0,0,0,0,0,0,0,3,0,https://www.cricnepal.com/tournament/nepal-premier-league-2025-174/squads/pokhara-avengers-025-22564,documented season roster; contextual ID mapping,Pokhara Avengers,0,0,0,0,0,0,0,0,0,0,0,,Unknown,JJ Roy,Unknown,,,not_found,not_found,,,,,,NA,NA,NA,NA,NA,,false,NA,NA,NA,NA,NA,unavailable,NA,NA,22.6666666667,16,20.8166599947,20,3,0.9183820586,NA,NA,NA,NA,NA,NA,NA,NA,NA,NA,NA,NA,NA,0,NA,NA,NA,0,NA,NA,NA,0,NA,NA,NA,0,NA,NA,NA,0,NA,NA,NA,0,NA,NA,NA,0,NA,NA,NA,0,NA,NA,NA,0,NA,NA,NA,0,NA,NA,NA,0,NA,NA,NA,0,NA,NA,NA,0,NA,NA,NA,0,NA,NA,NA,0,NA,NA,NA,0,NA,NA,NA,0,NA,NA,NA,0,NA,NA,NA,0,NA,NA,NA,0,NA,NA,NA,0,NA,NA,NA,0,NA,NA,NA,0,NA,NA,batting_only,not_price_verified,npl-2025,NPL 2025 Â· Season 2,poa,NA,NA,NA,NA,NA,NA,NA
bb134e5c,JJ Smit,2025/26,Lumbini Lions,Foreign,0,7,6,6,47,71,56,4,2,14,9.3333333333,23,119.1489361702,17,36.170212766,22,1,0,5,2,7,32,14.8936170213,6.3333333333,6,0,0,0,NA,0,NA,0,0,32,26,123.0769230769,8,30.7692307692,3,1,24,21,114.2857142857,9,42.8571428571,2,1,4,0.6666666667,17.75,11.5,97,8.1971830986,24.25,26,36.6197183099,1,0,1.4084507042,0,9,4,60,18.3098591549,42,51,1,7.2857142857,42,40.4761904762,12,19,2,9.5,6,16.6666666667,17,27,1,9.5294117647,17,41.1764705882,5,0,1,0,5,2,2,0,25,4,0,2,23,16,143.75,33,31,106.4516129032,2,8.125,2,8.347826087,6,6,domestic_status_unknown,Domestic/foreign classification is not supplied.,7,0,47,0,26,21,72,71,13,17,2,7,48,65,23,32,6,0,https://www.cricnepal.com/tournament/nepal-premier-league-2025-174/squads/lumbini-lions-032-20971,documented season roster; contextual ID mapping,Lumbini Lions,0,0,0,0,0,0,1,0,1,0,0,,Unknown,JJ Smit,Unknown,,,not_found,not_found,,,,,,NA,NA,NA,NA,NA,,false,NA,NA,NA,NA,NA,unavailable,NA,NA,9.3333333333,6,10.2696965226,16.75,6,1.1003246274,0.6666666667,0.5,0.8164965809,1,6,1.2247448714,8.5490196078,6.8333333333,4.8249798553,4.612745098,6,0.5643898455,NA,0,NA,NA,NA,0,NA,NA,NA,0,NA,NA,NA,0,NA,NA,NA,0,NA,NA,NA,0,NA,NA,NA,0,NA,NA,NA,0,NA,NA,NA,0,NA,NA,NA,0,NA,NA,NA,0,NA,NA,NA,0,NA,NA,NA,0,NA,NA,NA,0,NA,NA,NA,0,NA,NA,NA,0,NA,NA,NA,0,NA,NA,NA,0,NA,NA,NA,0,NA,NA,NA,0,NA,NA,NA,0,NA,NA,NA,0,NA,NA,NA,0,NA,NA,batting_and_bowling,not_price_verified,npl-2025,NPL 2025 Â· Season 2,lul,30.8695652174,0,67.8737604882,37.1428571429,0,87.0941558442,NA
f468293b,JN Loftie-Eaton,2025/26,Janakpur Bolts,Foreign,0,7,7,3,96,36,108,6,1,18,15.4285714286,41,112.5,37,38.9473684211,42,5,0,8,4,12,56,12.5,5,4,0,19,22,86.3636363636,11,52.380952381,1,1,55,54,101.8518518519,21,38.8888888889,3,2,34,20,170,5,25,4,1,2,0.6666666667,18,6,50,8.3333333333,25,8,22.2222222222,0,0,0,0,4,1,22,13.8888888889,0,0,0,NA,NA,NA,24,23,2,5.75,12,29.1666666667,12,27,0,13.5,NA,8.3333333333,4,0,1,0,1,6,0,0,11,1,0,0,41,42,97.619047619,67,54,124.0740740741,1,11.3333333333,1,5.3333333333,7,3,domestic_status_unknown,Domestic/foreign classification is not supplied.,7,0,95,21,54,20,36,36,5,0,7,1,18,34,18,16,7,0,https://www.cricnepal.com/tournament/nepal-premier-league-2025-174/squads/janakpur-bolts-034-20944,documented season roster; contextual ID mapping,Janakpur Bolts,0,0,0,0,0,0,1,0,0,0,0,,Unknown,JN Loftie-Eaton,Unknown,,,not_found,not_found,,,,,,NA,NA,NA,NA,NA,,false,NA,NA,NA,NA,NA,unavailable,NA,NA,15.4285714286,11,17.4819634944,24,7,1.1330902265,0.6666666667,1,0.5773502692,0.5,3,0.8660254038,10.2777777778,8.5,6.0330877789,5.8333333333,3,0.5870031352,NA,0,NA,NA,NA,0,NA,NA,NA,0,NA,NA,NA,0,NA,NA,NA,0,NA,NA,NA,0,NA,NA,NA,0,NA,NA,NA,0,NA,NA,NA,0,NA,NA,NA,0,NA,NA,NA,0,NA,NA,NA,0,NA,NA,NA,0,NA,NA,NA,0,NA,NA,NA,0,NA,NA,NA,0,NA,NA,NA,0,NA,NA,NA,0,NA,NA,NA,0,NA,NA,NA,0,NA,NA,NA,0,NA,NA,NA,0,NA,NA,NA,0,NA,NA,batting_and_bowling,not_price_verified,npl-2025,NPL 2025 Â· Season 2,jab,49.0777338603,12.0735385896,86.0819291311,NA,NA,NA,NA
e3386c8a,K Bhurtel,2025/26,Pokhara Avengers,Domestic,0,7,7,7,112,138,156,7,0,22.2857142857,22.2857142857,59,139.2857142857,52,46.4285714286,32,5,0,12,11,23,114,20.5357142857,NA,NA,2,61,50,122,30,60,6,4,88,53,166.0377358491,16,30.1886792453,5,7,7,9,77.7777777778,6,66.6666666667,1,0,5,0.7142857143,27.6,23,176,7.652173913,35.2,52,37.6811594203,5,0,3.6231884058,0,7,11,94,13.0434782609,0,0,0,NA,NA,NA,108,126,4,7,27,39.8148148148,30,50,1,10,30,30,7,0,1,0,3,4,0,0,22,2,0,0,18,19,94.7368421053,138,93,148.3870967742,3,7.4166666667,2,7.9090909091,7,7,domestic_status_unknown|opening_order_unknown,Domestic/foreign classification is not supplied. 2 innings have unknown exact opening order. Position mean/median left NA; times_opened retained.,7,0,112,50,53,9,143,138,18,0,43,9,72,89,66,87,5,2,https://kathmandupost.com/cricket/2025/08/06/150-players-shortlisted-for-npl-season-2-auction,documented auction/retention pool; contextual ID mapping,Pokhara Avengers,0,0,0,0,2,0,2,0,5,0,0,,Unknown,Kushal Bhurtel,Batter,https://pokharaavengers.com/our-team,Current franchise classification accessed 2026-09-23; historical role not established,retained_marquee,retained_compensation_unknown,NA,https://kathmandupost.com/cricket/2025/08/06/150-players-shortlisted-for-npl-season-2-auction,2025-08-06,https://kathmandupost.com/cricket/2025/08/06/150-players-shortlisted-for-npl-season-2-auction,Historical price is context only. Current season compensation not established.,NA,NA,NA,NA,2000000,"Project-owner assumption: every marquee player receives NPR 2,000,000 in each of 2024/25 and 2025/26. Not independently verified payment evidence.",false,NA,NA,NA,NA,2000000,user_assumed_marquee_salary,12820.51282051282,400000,22.2857142857,18,24.6219027542,35.5,7,1.1048289697,0.7142857143,1,0.755928946,1,7,1.0583005244,8.0476190476,8.25,1.9111376429,2.7083333333,7,0.237478642,93.75,8,NA,NA,91.6666666667,6,NA,NA,93.75,8,NA,NA,58.3333333333,6,NA,NA,NA,0,NA,NA,NA,0,NA,NA,NA,0,NA,NA,NA,0,NA,NA,31.25,8,NA,NA,NA,0,NA,NA,NA,0,NA,NA,93.75,8,NA,NA,91.6666666667,6,NA,NA,NA,0,NA,NA,NA,0,NA,NA,NA,0,NA,NA,NA,0,NA,NA,78.5714285714,7,NA,NA,NA,0,NA,NA,90,5,NA,NA,NA,0,NA,NA,NA,0,NA,NA,NA,0,NA,NA,batting_and_bowling,not_price_verified,npl-2025,NPL 2025 Â· Season 2,poa,66.6007905138,29.596595243,100,40.3409090909,0,90.2922077922,2000000
d913103d,K Mahato,2025/26,Janakpur Bolts,Domestic,0,4,2,4,5,48,3,0,2,NA,1.5,2,60,3,60,1,1,0,0,0,0,0,0,10.5,10.5,0,0,0,NA,0,NA,0,0,0,0,NA,0,NA,0,0,3,5,60,3,60,0,0,1,0.25,48,8,71,8.875,71,21,43.75,1,1,2.0833333333,2.0833333333,9,3,54,24.4897959184,24,26,0,6.5,NA,58.3333333333,6,13,0,13,NA,16.6666666667,18,32,1,10.6666666667,18,33.3333333333,1,0,0,0,0,4,0,0,0,0,0,0,0,0,NA,3,5,60,0,7.5,1,10.25,2,4,domestic_status_unknown,Domestic/foreign classification is not supplied.,4,0,5,0,0,5,50,49,12,14,1,6,24,30,24,41,2,0,https://kathmandupost.com/cricket/2025/08/06/150-players-shortlisted-for-npl-season-2-auction,documented auction/retention pool; contextual ID mapping,Janakpur Bolts,0,0,0,1,0,0,0,0,1,1,0,,Unknown,Kishore Mahato,Unknown,,,retained,retained_compensation_unknown,NA,https://kathmandupost.com/cricket/2025/08/06/150-players-shortlisted-for-npl-season-2-auction,2025-08-06,https://kathmandupost.com/cricket/2025/08/06/150-players-shortlisted-for-npl-season-2-auction,Historical price is context only. Current season compensation not established.,NA,NA,1000000,1000000,NA,User instruction 2026-09-23: retained players have the same price as 2024 in 2025,false,NA,NA,NA,NA,1000000,user_assumed_retained_price,333333.3333333333,1000000,1.5,1.5,0.7071067812,0.5,2,0.4714045208,0.25,0,0.5,0.25,4,2,9.3333333333,9.4166666667,3.0641293851,2,4,0.328299577,NA,0,NA,NA,NA,0,NA,NA,NA,0,NA,NA,NA,0,NA,NA,9.0909090909,22,NA,NA,NA,0,NA,NA,NA,0,NA,NA,NA,0,NA,NA,NA,0,NA,NA,7.1428571429,21,NA,NA,47.7272727273,22,NA,NA,NA,0,NA,NA,NA,0,NA,NA,11.3636363636,22,NA,NA,NA,0,NA,NA,NA,0,NA,NA,NA,0,NA,NA,NA,0,NA,NA,65.625,16,NA,NA,NA,0,NA,NA,NA,0,NA,NA,NA,0,NA,NA,NA,0,NA,NA,batting_and_bowling,not_price_verified,npl-2025,NPL 2025 Â· Season 2,jab,NA,NA,NA,29.4642857143,0,79.4155844156,NA
97d86e77,K Thagunna,2025/26,Pokhara Avengers,Domestic,0,7,5,3,30,48,24,3,2,8,4.8,9,80,17,56.6666666667,9,1,0,2,0,2,8,6.6666666667,6.4,7,0,9,8,112.5,4,50,0,0,8,13,61.5384615385,8,61.5384615385,1,0,7,9,77.7777777778,5,55.5555555556,1,0,3,1,16,8,61,7.625,20.3333333333,15,31.25,2,1,4.1666666667,2.0833333333,2,2,20,8.1632653061,0,0,0,NA,NA,NA,36,41,3,6.8333333333,12,36.1111111111,12,20,0,10,NA,16.6666666667,6,0,0,0,3,4,0,0,1,2,0,0,2,3,66.6666666667,22,27,81.4814814815,2,7.6,1,7.6666666667,5,3,domestic_status_unknown,Domestic/foreign classification is not supplied.,7,0,30,8,13,9,51,49,4,0,13,2,30,38,18,23,5,0,https://kathmandupost.com/cricket/2025/08/06/150-players-shortlisted-for-npl-season-2-auction,documented auction/retention pool; contextual ID mapping,Pokhara Avengers,0,0,0,0,0,0,0,0,2,1,0,,Unknown,Kiran Thagunna,Batter,https://pokharaavengers.com/our-team,Current franchise classification accessed 2026-09-23; historical role not established,retained,retained_compensation_unknown,NA,https://kathmandupost.com/cricket/2025/08/06/150-players-shortlisted-for-npl-season-2-auction,2025-08-06,https://kathmandupost.com/cricket/2025/08/06/150-players-shortlisted-for-npl-season-2-auction,Historical price is context only. Current season compensation not established.,NA,NA,1000000,1000000,NA,User instruction 2026-09-23: retained players have the same price as 2024 in 2025,false,NA,NA,NA,NA,1000000,user_assumed_retained_price,41666.6666666667,333333.3333333333,4.8,5,3.7682887363,7,5,0.7850601534,1,1,0,0,3,0,7.6111111111,7.6666666667,0.0962250449,0.0833333333,3,0.0126427066,6.25,8,NA,NA,NA,0,NA,NA,18.75,8,NA,NA,NA,0,NA,NA,NA,0,NA,NA,NA,0,NA,NA,NA,0,NA,NA,NA,0,NA,NA,81.25,8,NA,NA,NA,0,NA,NA,NA,0,NA,NA,6.25,8,NA,NA,NA,0,NA,NA,NA,0,NA,NA,NA,0,NA,NA,NA,0,NA,NA,NA,0,NA,NA,NA,0,NA,NA,NA,0,NA,NA,NA,0,NA,NA,NA,0,NA,NA,NA,0,NA,NA,NA,0,NA,NA,batting_and_bowling,not_price_verified,npl-2025,NPL 2025 Â· Season 2,poa,24.2351046699,0,61.2392999407,NA,NA,NA,NA
548d4188,KS Airee,2025/26,Chitwan Rhinos,Domestic,0,7,3,6,16,100,17,2,1,8.5,5.6666666667,9,106.25,7,43.75,7,0,0,1,1,2,10,12.5,8.6666666667,9,0,0,0,NA,0,NA,0,0,0,1,0,1,100,0,0,17,15,113.3333333333,6,40,1,1,5,0.8333333333,20,16.4,165,9.9,33,37,37,1,0,1,0,16,9,118,25,54,91,2,10.1111111111,27,40.7407407407,18,34,0,11.3333333333,NA,22.2222222222,28,40,3,8.5714285714,9.3333333333,39.2857142857,2,0,0,0,2,5,0,0,0,2,0,0,2,3,66.6666666667,15,13,115.3846153846,2,8.1,3,11.1,3,6,domestic_status_unknown,Domestic/foreign classification is not supplied.,7,0,16,0,1,15,101,100,25,22,4,11,40,54,60,111,3,0,https://kathmandupost.com/cricket/2025/08/06/150-players-shortlisted-for-npl-season-2-auction,documented auction/retention pool; contextual ID mapping,Chitwan Rhinos,0,0,0,0,0,0,0,0,1,0,0,,Unknown,Kamal Singh Airee,Unknown,,,retained,retained_compensation_unknown,NA,https://kathmandupost.com/cricket/2025/08/06/150-players-shortlisted-for-npl-season-2-auction,2025-08-06,https://kathmandupost.com/cricket/2025/08/06/150-players-shortlisted-for-npl-season-2-auction,Historical price is context only. Current season compensation not established.,NA,NA,1000000,1000000,NA,User instruction 2026-09-23: retained players have the same price as 2024 in 2025,false,NA,NA,NA,NA,1000000,user_assumed_retained_price,58823.5294117647,200000,5.6666666667,6,3.5118845843,3.5,3,0.6197443384,0.8333333333,0.5,0.9831920803,1.75,6,1.1798304963,9.9791666667,8.5416666667,3.2521093582,4.6041666667,6,0.3258898731,NA,0,NA,NA,NA,0,NA,NA,NA,0,NA,NA,NA,0,NA,NA,56.8181818182,22,NA,NA,2.9411764706,17,NA,NA,40.625,16,NA,NA,40.625,16,NA,NA,NA,0,NA,NA,50,21,NA,NA,52.2727272727,22,NA,NA,NA,0,NA,NA,NA,0,NA,NA,56.8181818182,22,NA,NA,26.4705882353,17,NA,NA,85.2941176471,17,NA,NA,58.8235294118,17,NA,NA,NA,0,NA,NA,9.375,16,NA,NA,NA,0,NA,NA,NA,0,NA,NA,NA,0,NA,NA,68.1818181818,11,NA,NA,batting_and_bowling,not_price_verified,npl-2025,NPL 2025 Â· Season 2,chr,NA,NA,NA,51.0714285714,1.1201298701,100,NA
f53b3e1d,Karan KC,2025/26,Kathmandu Gorkhas,Domestic,0,8,5,8,31,173,49,4,1,12.25,9.8,34,158.064516129,15,50,7,2,0,2,5,7,38,22.5806451613,9.2,9,0,0,0,NA,0,NA,0,0,1,6,16.6666666667,5,83.3333333333,0,0,48,25,192,10,41.6666666667,2,5,13,1.625,13.3076923077,28.5,214,7.4219653179,16.4615384615,83,47.9768786127,8,0,4.6242774566,0,12,15,138,15.6069364162,90,92,6,6.1333333333,15,57.7777777778,12,12,1,6,12,41.6666666667,71,110,6,9.2957746479,11.8333333333,36.6197183099,6,0,0,1,5,3,1,0,39,7,9,1,48,29,165.5172413793,1,2,50,6,7.1666666667,7,7.603960396,5,8,domestic_status_unknown|team_alias_review,Domestic/foreign classification is not supplied. Kathmandu Gurkhas/Gorkhas uses proposed canonical label Kathmandu Gorkhas; raw label retained.,8,0,30,0,6,24,181,173,27,52,5,26,72,86,101,128,5,0,https://kathmandupost.com/cricket/2025/08/06/150-players-shortlisted-for-npl-season-2-auction,documented auction/retention pool; contextual ID mapping,Kathmandu Gorkhas,0,0,0,1,0,0,0,0,8,0,0,,Unknown,Karan KC,Unknown,,,retained_marquee,retained_compensation_unknown,NA,https://kathmandupost.com/cricket/2025/08/06/150-players-shortlisted-for-npl-season-2-auction,2025-08-06,https://kathmandupost.com/cricket/2025/08/06/150-players-shortlisted-for-npl-season-2-auction,Historical price is context only. Current season compensation not established.,NA,NA,NA,NA,2000000,"Project-owner assumption: every marquee player receives NPR 2,000,000 in each of 2024/25 and 2025/26. Not independently verified payment evidence.",false,NA,NA,NA,NA,2000000,user_assumed_marquee_salary,40816.32653061225,153846.15384615384,9.8,4,13.9176147382,8,5,1.4201647692,1.625,1,1.0606601718,1,8,0.6527139519,7.6177631579,7.5,1.4129655363,2.4440789474,8,0.1854829964,28.5714285714,21,NA,NA,NA,0,NA,NA,30,20,NA,NA,NA,0,NA,NA,86.3636363636,22,NA,NA,67.6470588235,17,NA,NA,78.125,16,NA,NA,78.125,16,NA,NA,7.1428571429,21,NA,NA,88.0952380952,21,NA,NA,97.7272727273,22,NA,NA,30.9523809524,21,NA,NA,NA,0,NA,NA,86.3636363636,22,NA,NA,97.0588235294,17,NA,NA,32.3529411765,17,NA,NA,58.8235294118,17,NA,NA,NA,0,NA,NA,71.875,16,NA,NA,NA,0,NA,NA,NA,0,NA,NA,78.5714285714,7,NA,NA,31.8181818182,11,NA,NA,batting_and_bowling,not_price_verified,npl-2025,NPL 2025 Â· Season 2,kag,33.8969404187,0,70.9011356895,77.380952381,27.4296536797,100,2000000
1625de5c,Krishna Poudel,2025/26,Pokhara Avengers,Domestic,0,1,0,0,0,0,0,0,0,NA,NA,NA,NA,0,NA,0,0,0,0,0,0,0,NA,NA,NA,0,0,0,NA,0,NA,0,0,0,0,NA,0,NA,0,0,0,0,NA,0,NA,0,0,0,NA,NA,0,0,NA,NA,0,NA,0,0,NA,NA,0,0,0,NA,0,0,0,NA,NA,NA,0,0,0,NA,NA,NA,0,0,0,NA,NA,NA,0,0,0,0,1,0,0,0,0,0,0,0,0,0,NA,0,0,NA,0,NA,0,NA,0,0,domestic_status_unknown,Domestic/foreign classification is not supplied.,1,0,0,0,0,0,0,0,0,0,0,0,0,0,0,0,0,0,https://kathmandupost.com/cricket/2025/08/10/mohammad-adil-alam-steals-the-spotlight-in-npl-season-2-auction,documented auction/retention pool; contextual ID mapping,Pokhara Avengers,0,0,0,NA,0,0,0,0,0,0,0,,Unknown,Krishna Paudel,Unknown,,,auction,exact_auction_price,C,https://kathmandupost.com/cricket/2025/08/10/mohammad-adil-alam-steals-the-spotlight-in-npl-season-2-auction,2025-08-10,https://kathmandupost.com/cricket/2025/08/10/mohammad-adil-alam-steals-the-spotlight-in-npl-season-2-auction,NPR; reported clearing price. Base-price purchases use category price explicitly reported in auction result.,200000,NA,NA,NA,NA,,true,NA,NA,NA,NA,200000,reported_exact_auction,NA,NA,NA,NA,NA,NA,NA,NA,NA,NA,NA,NA,NA,NA,NA,NA,NA,NA,NA,NA,NA,0,NA,NA,NA,0,NA,NA,NA,0,NA,NA,NA,0,NA,NA,NA,0,NA,NA,NA,0,NA,NA,NA,0,NA,NA,NA,0,NA,NA,NA,0,NA,NA,NA,0,NA,NA,NA,0,NA,NA,NA,0,NA,NA,NA,0,NA,NA,NA,0,NA,NA,NA,0,NA,NA,NA,0,NA,NA,NA,0,NA,NA,NA,0,NA,NA,NA,0,NA,NA,NA,0,NA,NA,NA,0,NA,NA,NA,0,NA,NA,NA,0,NA,NA,no_recorded_innings,contextual_manual_match,npl-2025,NPL 2025 Â· Season 2,poa,NA,NA,NA,NA,NA,NA,NA
7e9f1cde,Kushal Malla,2025/26,Chitwan Rhinos,Domestic,0,7,7,5,111,95,135,5,2,27,19.2857142857,30,121.6216216216,30,27.027027027,61,9,0,5,6,11,56,9.9099099099,5.2857142857,5,0,6,5,120,2,40,1,0,72,69,104.347826087,21,30.4347826087,2,3,57,37,154.0540540541,7,18.9189189189,2,3,1,0.2,95,15.5,136,8.5894736842,136,33,34.7368421053,2,0,2.1052631579,0,7,9,82,16.8421052632,30,46,0,9.2,NA,30,60,68,0,6.8,NA,38.3333333333,5,22,1,26.4,5,20,8,0,1,0,2,5,0,0,40,1,0,0,94,69,136.231884058,41,42,97.619047619,0,9.2857142857,1,8.0377358491,7,5,domestic_status_unknown,Domestic/foreign classification is not supplied.,7,0,111,5,69,37,97,95,16,9,23,1,42,65,53,71,7,0,https://kathmandupost.com/cricket/2025/08/06/150-players-shortlisted-for-npl-season-2-auction,documented auction/retention pool; contextual ID mapping,Chitwan Rhinos,0,0,0,1,0,0,0,0,2,0,0,,Unknown,Kushal Malla,Unknown,,,retained_marquee,retained_compensation_unknown,NA,https://kathmandupost.com/cricket/2025/08/06/150-players-shortlisted-for-npl-season-2-auction,2025-08-06,https://kathmandupost.com/cricket/2025/08/06/150-players-shortlisted-for-npl-season-2-auction,Historical price is context only. Current season compensation not established.,NA,NA,NA,NA,2000000,"Project-owner assumption: every marquee player receives NPR 2,000,000 in each of 2024/25 and 2025/26. Not independently verified payment evidence.",false,NA,NA,NA,NA,2000000,user_assumed_marquee_salary,14814.814814814816,2000000,19.2857142857,20,7.3872476993,4.5,7,0.3830424733,0.2,0,0.4472135955,0,5,2.2360679775,8.7333333333,9,2.9192845394,0.6666666667,5,0.3342692221,69.0476190476,21,NA,NA,78.125,16,NA,NA,80,20,NA,NA,96.875,16,NA,NA,9.0909090909,22,NA,NA,26.4705882353,17,NA,NA,3.125,16,NA,NA,3.125,16,NA,NA,97.619047619,21,NA,NA,2.380952381,21,NA,NA,38.6363636364,22,NA,NA,69.0476190476,21,NA,NA,21.875,16,NA,NA,6.8181818182,22,NA,NA,14.7058823529,17,NA,NA,61.7647058824,17,NA,NA,58.8235294118,17,NA,NA,NA,0,NA,NA,15.625,16,NA,NA,45.8333333333,12,NA,NA,50,18,NA,NA,21.4285714286,7,NA,NA,NA,0,NA,NA,batting_and_bowling,not_price_verified,npl-2025,NPL 2025 Â· Season 2,chr,57.3781291173,20.3739338465,94.382324388,25.6944444444,0,75.6457431457,2000000
6ad2d5f7,LN Rajbanshi,2025/26,Janakpur Bolts,Domestic,0,5,2,5,14,112,15,0,2,NA,7.5,10,107.1428571429,6,42.8571428571,5,1,0,2,0,2,8,14.2857142857,10.5,10.5,0,0,0,NA,0,NA,0,0,0,0,NA,0,NA,0,0,15,14,107.1428571429,6,42.8571428571,2,0,4,0.8,28,18.4,135,7.2321428571,33.75,44,39.2857142857,4,0,3.5714285714,0,5,8,68,11.6071428571,42,41,1,5.8571428571,42,50,54,52,2,5.7777777778,27,35.1851851852,16,42,1,15.75,16,25,0,0,0,0,0,5,0,0,0,0,0,0,0,0,NA,15,14,107.1428571429,3,7,1,7.5652173913,2,5,domestic_status_unknown,Domestic/foreign classification is not supplied.,5,0,14,0,0,14,116,112,13,21,19,4,66,77,46,58,2,0,https://kathmandupost.com/cricket/2025/08/06/150-players-shortlisted-for-npl-season-2-auction,documented auction/retention pool; contextual ID mapping,Janakpur Bolts,0,0,0,1,0,0,0,0,4,0,0,,Unknown,Lalit Rajbanshi,Unknown,,,retained,retained_compensation_unknown,NA,https://kathmandupost.com/cricket/2025/08/06/150-players-shortlisted-for-npl-season-2-auction,2025-08-06,https://kathmandupost.com/cricket/2025/08/06/150-players-shortlisted-for-npl-season-2-auction,Historical price is context only. Current season compensation not established.,NA,NA,1500000,1500000,NA,User instruction 2026-09-23: retained players have the same price as 2024 in 2025,false,NA,NA,NA,NA,1500000,user_assumed_retained_price,100000,375000,7.5,7.5,3.5355339059,2.5,2,0.4714045208,0.8,1,0.8366600265,1,5,1.0458250332,7.1621212121,6.5,2.1179195225,3.3939393939,5,0.295711209,NA,0,NA,NA,NA,0,NA,NA,NA,0,NA,NA,NA,0,NA,NA,50,22,NA,NA,73.5294117647,17,NA,NA,34.375,16,NA,NA,31.25,16,NA,NA,NA,0,NA,NA,64.2857142857,21,NA,NA,56.8181818182,22,NA,NA,NA,0,NA,NA,NA,0,NA,NA,52.2727272727,22,NA,NA,50,17,NA,NA,44.1176470588,17,NA,NA,58.8235294118,17,NA,NA,NA,0,NA,NA,78.125,16,NA,NA,NA,0,NA,NA,80.5555555556,18,NA,NA,NA,0,NA,NA,NA,0,NA,NA,batting_and_bowling,not_price_verified,npl-2025,NPL 2025 Â· Season 2,jab,NA,NA,NA,48.5119047619,0,98.4632034632,NA
75c8a26b,Lokesh Bam,2025/26,Biratnagar Kings,Domestic,0,9,9,0,156,0,170,8,1,21.25,18.8888888889,72,108.9743589744,76,48.7179487179,55,5,1,6,13,19,102,12.1794871795,NA,NA,5,89,88,101.1363636364,45,51.1363636364,4,6,81,66,122.7272727273,29,43.9393939394,2,7,0,2,0,2,100,0,0,0,NA,NA,0,0,NA,NA,0,NA,0,0,NA,NA,0,0,0,NA,0,0,0,NA,NA,NA,0,0,0,NA,NA,NA,0,0,0,NA,NA,NA,5,1,3,1,5,4,2,0,123,0,5,0,135,116,116.3793103448,35,40,87.5,0,NA,0,NA,9,0,domestic_status_unknown|opening_order_unknown,Domestic/foreign classification is not supplied. 5 innings have unknown exact opening order. Position mean/median left NA; times_opened retained.,9,0,156,88,66,2,0,0,0,0,0,0,0,0,0,0,4,5,https://kathmandupost.com/cricket/2025/08/06/150-players-shortlisted-for-npl-season-2-auction,documented auction/retention pool; contextual ID mapping,Biratnagar Kings,0,0,0,0,1,0,1,0,0,0,0,,Unknown,Lokesh Bam,Unknown,,,retained,retained_compensation_unknown,NA,https://kathmandupost.com/cricket/2025/08/06/150-players-shortlisted-for-npl-season-2-auction,2025-08-06,https://kathmandupost.com/cricket/2025/08/06/150-players-shortlisted-for-npl-season-2-auction,Historical price is context only. Current season compensation not established.,NA,NA,1500000,1500000,NA,User instruction 2026-09-23: retained players have the same price as 2024 in 2025,false,NA,NA,NA,NA,1500000,user_assumed_retained_price,8823.5294117647,NA,18.8888888889,7,23.1756577277,23,9,1.2269465856,NA,NA,NA,NA,NA,NA,NA,NA,NA,NA,NA,NA,83.3333333333,21,NA,NA,46.875,16,NA,NA,57.5,20,NA,NA,28.125,16,NA,NA,NA,0,NA,NA,NA,0,NA,NA,NA,0,NA,NA,NA,0,NA,NA,26.1904761905,21,NA,NA,NA,0,NA,NA,NA,0,NA,NA,64.2857142857,21,NA,NA,59.375,16,NA,NA,NA,0,NA,NA,NA,0,NA,NA,NA,0,NA,NA,NA,0,NA,NA,68.75,8,NA,NA,NA,0,NA,NA,79.1666666667,12,NA,NA,NA,0,NA,NA,NA,0,NA,NA,NA,0,NA,NA,batting_only,not_price_verified,npl-2025,NPL 2025 Â· Season 2,bik,56.0200668896,19.0158716188,93.0242621604,NA,NA,NA,NA
5d499f67,M Subasingha,2025/26,Lumbini Lions,Foreign,0,1,0,1,0,12,0,0,0,NA,NA,NA,NA,0,NA,0,0,0,0,0,0,0,NA,NA,NA,0,0,0,NA,0,NA,0,0,0,0,NA,0,NA,0,0,0,0,NA,0,NA,0,0,0,0,NA,2,10,5,NA,5,41.6666666667,0,0,0,0,1,0,4,8.3333333333,0,0,0,NA,NA,NA,12,10,0,5,NA,41.6666666667,0,0,0,NA,NA,NA,1,0,0,0,1,0,1,1,0,0,0,0,0,0,NA,0,0,NA,0,5,0,NA,0,1,domestic_status_unknown,Domestic/foreign classification is not supplied.,1,0,0,0,0,0,12,12,1,0,5,0,12,10,0,0,0,0,https://www.cricnepal.com/tournament/nepal-premier-league-2025-174/squads/lumbini-lions-032-20971,documented season roster; contextual ID mapping,Lumbini Lions,0,0,0,NA,0,0,0,0,0,0,0,,Unknown,M Subasingha,Unknown,,,not_found,not_found,,,,,,NA,NA,NA,NA,NA,,false,NA,NA,NA,NA,NA,unavailable,NA,NA,NA,NA,NA,NA,NA,NA,0,0,NA,0,1,NA,5,5,NA,0,1,NA,NA,0,NA,NA,NA,0,NA,NA,NA,0,NA,NA,NA,0,NA,NA,NA,0,NA,NA,NA,0,NA,NA,NA,0,NA,NA,NA,0,NA,NA,NA,0,NA,NA,NA,0,NA,NA,NA,0,NA,NA,NA,0,NA,NA,NA,0,NA,NA,NA,0,NA,NA,NA,0,NA,NA,NA,0,NA,NA,NA,0,NA,NA,NA,0,NA,NA,NA,0,NA,NA,NA,0,NA,NA,NA,0,NA,NA,NA,0,NA,NA,NA,0,NA,NA,bowling_only,not_price_verified,npl-2025,NPL 2025 Â· Season 2,lul,NA,NA,NA,NA,NA,NA,NA
d4eef961,M de Lange,2025/26,Biratnagar Kings,Foreign,0,9,6,9,64,203,83,5,1,16.6,13.8333333333,39,129.6875,28,43.75,20,5,1,5,5,10,50,15.625,7.5,7.5,0,0,0,NA,0,NA,0,0,71,51,139.2156862745,22,43.137254902,4,5,12,13,92.3076923077,6,46.1538461538,1,0,10,1.1111111111,20.3,33.5,278,8.2167487685,27.8,74,36.4532019704,10,1,4.9261083744,0.4926108374,25,10,160,17.1568627451,108,124,6,6.8888888889,18,52.7777777778,18,25,1,8.3333333333,18,22.2222222222,77,129,3,10.0519480519,25.6666666667,16.8831168831,6,0,1,1,5,4,2,0,2,6,32,2,10,9,111.1111111111,73,55,132.7272727273,7,7.6956521739,3,9.3230769231,6,9,domestic_status_unknown,Domestic/foreign classification is not supplied.,9,0,64,0,51,13,210,204,35,57,4,13,138,177,65,101,6,0,https://www.cricnepal.com/tournament/nepal-premier-league-2025-174/squads/biratnagar-kings-026-22561,documented season roster; contextual ID mapping,Biratnagar Kings,0,0,0,0,0,0,1,0,6,1,0,,Unknown,M de Lange,Unknown,,,not_found,not_found,,,,,,NA,NA,NA,NA,NA,,false,NA,NA,NA,NA,NA,unavailable,NA,NA,13.8333333333,12.5,14.0771682759,12.5,6,1.0176266224,1.1111111111,1,0.9279607271,2,9,0.8351646544,8.2616747182,8.5,2.6950797673,3.6666666667,9,0.3262147033,NA,0,NA,NA,NA,0,NA,NA,NA,0,NA,NA,NA,0,NA,NA,NA,0,NA,NA,NA,0,NA,NA,NA,0,NA,NA,NA,0,NA,NA,NA,0,NA,NA,NA,0,NA,NA,NA,0,NA,NA,NA,0,NA,NA,NA,0,NA,NA,NA,0,NA,NA,NA,0,NA,NA,NA,0,NA,NA,NA,0,NA,NA,NA,0,NA,NA,NA,0,NA,NA,NA,0,NA,NA,NA,0,NA,NA,NA,0,NA,NA,NA,0,NA,NA,batting_and_bowling,not_price_verified,npl-2025,NPL 2025 Â· Season 2,bik,40.4347826087,3.4305873379,77.4389778795,60.5082417582,10.5569430569,100,NA
01a95383,MD Taylor,2025/26,Pokhara Avengers,Foreign,0,2,1,2,6,46,4,1,0,4,4,4,66.6666666667,3,50,2,1,0,0,0,0,0,0,9,9,0,0,0,NA,0,NA,0,0,3,3,100,1,33.3333333333,0,0,1,3,33.3333333333,2,66.6666666667,0,0,4,2,11.5,7.4,72,9.3913043478,18,10,21.7391304348,2,0,4.347826087,0,4,4,40,17.3913043478,12,15,1,7.5,12,25,18,29,1,9.6666666667,18,22.2222222222,16,28,2,10.5,8,18.75,0,0,0,0,0,2,0,0,0,0,0,0,0,0,NA,4,6,66.6666666667,2,12,2,6.5454545455,1,2,domestic_status_unknown,Domestic/foreign classification is not supplied.,2,0,6,0,3,3,48,46,8,3,4,3,24,48,22,24,1,0,https://www.cricnepal.com/tournament/nepal-premier-league-2025-174/squads/pokhara-avengers-025-22564,documented season roster; contextual ID mapping,Pokhara Avengers,0,0,0,0,0,0,0,0,2,0,0,,Unknown,MD Taylor,Unknown,,,not_found,not_found,,,,,,NA,NA,NA,NA,NA,,false,NA,NA,NA,NA,NA,unavailable,NA,NA,4,4,NA,0,1,NA,2,2,0,0,2,0,9.2727272727,9.2727272727,3.8569460792,2.7272727273,2,0.4159451654,NA,0,NA,NA,NA,0,NA,NA,NA,0,NA,NA,NA,0,NA,NA,NA,0,NA,NA,NA,0,NA,NA,NA,0,NA,NA,NA,0,NA,NA,NA,0,NA,NA,NA,0,NA,NA,NA,0,NA,NA,NA,0,NA,NA,NA,0,NA,NA,NA,0,NA,NA,NA,0,NA,NA,NA,0,NA,NA,NA,0,NA,NA,NA,0,NA,NA,NA,0,NA,NA,NA,0,NA,NA,NA,0,NA,NA,NA,0,NA,NA,NA,0,NA,NA,batting_and_bowling,not_price_verified,npl-2025,NPL 2025 Â· Season 2,poa,NA,NA,NA,NA,NA,NA,NA
95a5e066,MG Erasmus,2025/26,Kathmandu Gorkhas,Foreign,0,5,5,5,70,84,71,3,2,23.6666666667,14.2,43,101.4285714286,31,44.2857142857,25,7,0,5,2,7,32,10,5.8,6,0,7,9,77.7777777778,6,66.6666666667,1,0,43,42,102.380952381,18,42.8571428571,2,2,21,19,110.5263157895,7,36.8421052632,2,0,3,0.6,28,14,98,7,32.6666666667,36,42.8571428571,0,1,0,1.1904761905,10,3,58,15.2941176471,18,33,0,11,NA,33.3333333333,54,48,3,5.3333333333,18,48.1481481481,12,17,0,8.5,NA,33.3333333333,7,0,0,1,4,1,0,0,61,2,0,0,27,36,75,44,34,129.4117647059,0,7.1666666667,3,6.875,5,5,domestic_status_unknown|team_alias_review,Domestic/foreign classification is not supplied. Kathmandu Gurkhas/Gorkhas uses proposed canonical label Kathmandu Gorkhas; raw label retained.,5,0,70,9,42,19,85,85,13,6,26,4,36,43,48,55,5,0,https://www.cricnepal.com/tournament/nepal-premier-league-2025-174/squads/kathmandu-gorkhas-024-22569,documented season roster; contextual ID mapping,Kathmandu Gorkhas,0,0,0,1,0,0,1,0,0,1,0,,Unknown,MG Erasmus,Unknown,,,not_found,not_found,,,,,,NA,NA,NA,NA,NA,,false,NA,NA,NA,NA,NA,unavailable,NA,NA,14.2,10,17.5413796493,16,5,1.235308426,0.6,0,0.894427191,1,5,1.490711985,6.35,6.75,2.5633636756,1,5,0.403679319,NA,0,NA,NA,NA,0,NA,NA,NA,0,NA,NA,NA,0,NA,NA,NA,0,NA,NA,NA,0,NA,NA,NA,0,NA,NA,NA,0,NA,NA,NA,0,NA,NA,NA,0,NA,NA,NA,0,NA,NA,NA,0,NA,NA,NA,0,NA,NA,NA,0,NA,NA,NA,0,NA,NA,NA,0,NA,NA,NA,0,NA,NA,NA,0,NA,NA,NA,0,NA,NA,NA,0,NA,NA,NA,0,NA,NA,NA,0,NA,NA,NA,0,NA,NA,batting_and_bowling,not_price_verified,npl-2025,NPL 2025 Â· Season 2,kag,42.7536231884,5.7494279176,79.7578184592,34.623015873,0,84.5743145743,NA
2be41edb,MJ Guptill,2025/26,Biratnagar Kings,Foreign,0,6,6,0,83,0,125,6,0,20.8333333333,20.8333333333,61,150.6024096386,24,29.2682926829,41,3,0,6,9,15,78,18.0722891566,NA,NA,1,51,39,130.7692307692,11,28.2051282051,4,2,74,44,168.1818181818,13,30.2325581395,2,7,0,0,NA,0,NA,0,0,0,NA,NA,0,0,NA,NA,0,NA,0,0,NA,NA,0,0,0,NA,0,0,0,NA,NA,NA,0,0,0,NA,NA,NA,0,0,0,NA,NA,NA,3,0,0,0,4,2,2,0,121,0,4,0,74,50,148,51,33,154.5454545455,0,NA,0,NA,6,0,domestic_status_unknown|opening_order_unknown,Domestic/foreign classification is not supplied. 1 innings have unknown exact opening order. Position mean/median left NA; times_opened retained.,6,0,82,39,43,0,0,0,0,0,0,0,0,0,0,0,5,1,https://www.cricnepal.com/tournament/nepal-premier-league-2025-174/squads/biratnagar-kings-026-22561,documented season roster; contextual ID mapping,Biratnagar Kings,0,0,0,0,1,0,0,0,0,0,0,,Unknown,MJ Guptill,Unknown,,,not_found,not_found,,,,,,NA,NA,NA,NA,NA,,false,NA,NA,NA,NA,NA,unavailable,NA,NA,20.8333333333,17.5,21.9218308238,19.5,6,1.0522478795,NA,NA,NA,NA,NA,NA,NA,NA,NA,NA,NA,NA,NA,0,NA,NA,NA,0,NA,NA,NA,0,NA,NA,NA,0,NA,NA,NA,0,NA,NA,NA,0,NA,NA,NA,0,NA,NA,NA,0,NA,NA,NA,0,NA,NA,NA,0,NA,NA,NA,0,NA,NA,NA,0,NA,NA,NA,0,NA,NA,NA,0,NA,NA,NA,0,NA,NA,NA,0,NA,NA,NA,0,NA,NA,NA,0,NA,NA,NA,0,NA,NA,NA,0,NA,NA,NA,0,NA,NA,NA,0,NA,NA,NA,0,NA,NA,batting_only,not_price_verified,npl-2025,NPL 2025 Â· Season 2,bik,59.5652173913,22.5610221205,96.5694126621,NA,NA,NA,NA
54fff140,MMMS Cooray,2025/26,Janakpur Bolts,Foreign,0,3,3,3,71,72,70,2,1,35,23.3333333333,45,98.5915492958,24,33.8028169014,35,7,1,3,1,4,18,5.6338028169,6,6,0,1,2,50,1,50,0,0,42,48,87.5,16,33.3333333333,2,0,27,21,128.5714285714,7,33.3333333333,1,1,6,2,12,12,63,5.25,10.5,29,40.2777777778,1,0,1.3888888889,0,2,2,20,5.5555555556,36,31,3,5.1666666667,12,50,24,23,2,5.75,12,29.1666666667,12,9,1,4.5,12,33.3333333333,1,0,1,0,0,3,0,0,0,0,0,0,45,38,118.4210526316,25,33,75.7575757576,3,4.75,3,6.25,3,3,domestic_status_unknown,Domestic/foreign classification is not supplied.,3,0,71,2,48,21,73,72,4,18,7,4,48,38,24,25,3,0,https://www.cricnepal.com/tournament/nepal-premier-league-2025-174/squads/janakpur-bolts-034-20944,documented season roster; contextual ID mapping,Janakpur Bolts,0,0,0,1,0,0,1,0,1,0,0,,Unknown,MMMS Cooray,Unknown,,,not_found,not_found,,,,,,NA,NA,NA,NA,NA,,false,NA,NA,NA,NA,NA,unavailable,NA,NA,23.3333333333,25,22.5462487641,22.5,3,0.9662678042,2,2,1,1,3,0.5,5.25,6.25,1.952562419,1.75,3,0.3719166512,NA,0,NA,NA,NA,0,NA,NA,NA,0,NA,NA,NA,0,NA,NA,NA,0,NA,NA,NA,0,NA,NA,NA,0,NA,NA,NA,0,NA,NA,NA,0,NA,NA,NA,0,NA,NA,NA,0,NA,NA,NA,0,NA,NA,NA,0,NA,NA,NA,0,NA,NA,NA,0,NA,NA,NA,0,NA,NA,NA,0,NA,NA,NA,0,NA,NA,NA,0,NA,NA,NA,0,NA,NA,NA,0,NA,NA,NA,0,NA,NA,NA,0,NA,NA,batting_and_bowling,not_price_verified,npl-2025,NPL 2025 Â· Season 2,jab,NA,NA,NA,NA,NA,NA,NA
b699df47,MP O'Dowd,2025/26,Karnali Yaks,Foreign,0,2,1,0,30,0,20,1,0,20,20,20,66.6666666667,15,50,12,2,0,1,0,1,4,3.3333333333,NA,NA,1,15,17,88.2352941176,7,41.1764705882,1,0,5,13,38.4615384615,8,61.5384615385,0,0,0,0,NA,0,NA,0,0,0,NA,NA,0,0,NA,NA,0,NA,0,0,NA,NA,0,0,0,NA,0,0,0,NA,NA,NA,0,0,0,NA,NA,NA,0,0,0,NA,NA,NA,1,0,0,0,0,2,0,0,0,0,0,0,20,30,66.6666666667,0,0,NA,0,NA,0,NA,1,0,domestic_status_unknown|opening_order_unknown|substitute_only_appearances,Domestic/foreign classification is not supplied. 1 innings have unknown exact opening order. Position mean/median left NA; times_opened retained. 1 observed matches were not in source squad lists; included in matches_played.,1,1,30,17,13,0,0,0,0,0,0,0,0,0,0,0,0,1,https://en.himalpress.com/karnali-vs-chitwan-biratnagar-vs-pokhara-in-npl-today/,documented season roster; contextual ID mapping,Karnali Yaks,0,0,1,0,0,0,0,0,0,0,0,,Unknown,MP O'Dowd,Unknown,,,not_found,not_found,,,,,,NA,NA,NA,NA,NA,,false,NA,NA,NA,NA,NA,unavailable,NA,NA,20,20,NA,0,1,NA,NA,NA,NA,NA,NA,NA,NA,NA,NA,NA,NA,NA,NA,0,NA,NA,NA,0,NA,NA,NA,0,NA,NA,NA,0,NA,NA,NA,0,NA,NA,NA,0,NA,NA,NA,0,NA,NA,NA,0,NA,NA,NA,0,NA,NA,NA,0,NA,NA,NA,0,NA,NA,NA,0,NA,NA,NA,0,NA,NA,NA,0,NA,NA,NA,0,NA,NA,NA,0,NA,NA,NA,0,NA,NA,NA,0,NA,NA,NA,0,NA,NA,NA,0,NA,NA,NA,0,NA,NA,NA,0,NA,NA,NA,0,NA,NA,batting_only,not_price_verified,npl-2025,NPL 2025 Â· Season 2,ky,NA,NA,NA,NA,NA,NA,NA
1252f71a,MRJ Watt,2025/26,Karnali Yaks,Foreign,0,7,7,7,152,132,246,6,1,41,35.1428571429,114,161.8421052632,58,38.1578947368,52,8,0,13,21,34,178,22.3684210526,NA,NA,6,135,88,153.4090909091,38,43.1818181818,8,11,104,58,179.3103448276,18,31.0344827586,4,10,7,6,116.6666666667,2,33.3333333333,1,0,5,0.7142857143,26.4,22,142,6.4545454545,28.4,55,41.6666666667,2,0,1.5151515152,0,9,7,78,12.1212121212,42,21,2,3,21,61.9047619048,48,56,1,7,48,41.6666666667,42,65,2,9.2857142857,21,21.4285714286,2,0,1,1,2,5,0,0,118,2,0,0,56,64,87.5,190,88,215.9090909091,3,5.9,2,6.9166666667,7,7,domestic_status_unknown|opening_order_unknown,Domestic/foreign classification is not supplied. 6 innings have unknown exact opening order. Position mean/median left NA; times_opened retained.,7,0,152,88,58,6,133,132,16,26,20,9,60,59,72,83,1,6,https://en.himalpress.com/karnali-vs-chitwan-biratnagar-vs-pokhara-in-npl-today/,documented season roster; contextual ID mapping,Karnali Yaks,0,0,0,1,1,1,0,1,1,0,0,,Unknown,MRJ Watt,Unknown,,,not_found,not_found,,,,,,NA,NA,NA,NA,NA,,false,NA,NA,NA,NA,NA,unavailable,NA,NA,35.1428571429,17,39.4310730745,33.5,7,1.1220224046,0.7142857143,1,0.4879500365,0.5,7,0.6831300511,6.6071428571,6,3.0183521556,3.0833333333,7,0.4568316776,NA,0,NA,NA,NA,0,NA,NA,NA,0,NA,NA,NA,0,NA,NA,NA,0,NA,NA,NA,0,NA,NA,NA,0,NA,NA,NA,0,NA,NA,NA,0,NA,NA,NA,0,NA,NA,NA,0,NA,NA,NA,0,NA,NA,NA,0,NA,NA,NA,0,NA,NA,NA,0,NA,NA,NA,0,NA,NA,NA,0,NA,NA,NA,0,NA,NA,NA,0,NA,NA,NA,0,NA,NA,NA,0,NA,NA,NA,0,NA,NA,NA,0,NA,NA,batting_and_bowling,not_price_verified,npl-2025,NPL 2025 Â· Season 2,ky,80.4347826087,43.4305873379,100,40.3409090909,0,90.2922077922,NA
6d9560f3,Maaz Sadaqat,2025/26,Janakpur Bolts,Foreign,0,5,5,5,74,120,113,5,0,22.6,22.6,63,152.7027027027,35,47.2972972973,16,4,1,11,7,18,86,24.3243243243,NA,NA,5,75,56,133.9285714286,32,57.1428571429,7,5,38,18,211.1111111111,3,16.6666666667,4,2,0,0,NA,0,NA,0,0,4,0.8,30,20,132,6.6,33,50,41.6666666667,2,0,1.6666666667,0,7,7,70,11.6666666667,48,54,1,6.75,48,62.5,42,41,2,5.8571428571,21,28.5714285714,30,37,1,7.4,30,26.6666666667,2,0,0,0,1,4,0,0,63,1,0,0,18,14,128.5714285714,95,60,158.3333333333,2,6.6666666667,2,6.5,5,5,domestic_status_unknown|opening_order_unknown,Domestic/foreign classification is not supplied. 5 innings have unknown exact opening order. Position mean/median left NA; times_opened retained.,5,0,74,56,18,0,122,120,14,30,12,8,72,80,48,52,0,5,https://www.cricnepal.com/tournament/nepal-premier-league-2025-174/squads/janakpur-bolts-034-20944,documented season roster; contextual ID mapping,Janakpur Bolts,0,0,0,0,1,0,0,1,2,0,0,,Unknown,Maaz Sadaqat,Unknown,,,not_found,not_found,,,,,,NA,NA,NA,NA,NA,,false,NA,NA,NA,NA,NA,unavailable,NA,NA,22.6,12,23.1257432313,8,5,1.0232629748,0.8,1,0.8366600265,1,5,1.0458250332,6.6,6.75,0.6519202405,0.5,5,0.098775794,NA,0,NA,NA,NA,0,NA,NA,NA,0,NA,NA,NA,0,NA,NA,NA,0,NA,NA,NA,0,NA,NA,NA,0,NA,NA,NA,0,NA,NA,NA,0,NA,NA,NA,0,NA,NA,NA,0,NA,NA,NA,0,NA,NA,NA,0,NA,NA,NA,0,NA,NA,NA,0,NA,NA,NA,0,NA,NA,NA,0,NA,NA,NA,0,NA,NA,NA,0,NA,NA,NA,0,NA,NA,NA,0,NA,NA,NA,0,NA,NA,NA,0,NA,NA,batting_and_bowling,not_price_verified,npl-2025,NPL 2025 Â· Season 2,jab,65.2979066023,28.2937113315,100,48.5119047619,0,98.4632034632,NA
c6355538,Mayan Yadav,2025/26,Janakpur Bolts,Domestic,0,7,6,3,94,18,84,4,2,21,14,34,89.3617021277,41,43.6170212766,40,6,0,5,2,7,32,7.4468085106,5.6666666667,6,0,15,24,62.5,15,62.5,2,0,25,39,64.1025641026,17,43.5897435897,1,0,44,31,141.935483871,9,29.0322580645,2,2,2,0.6666666667,9,3,19,6.3333333333,9.5,6,33.3333333333,0,0,0,0,2,0,8,11.1111111111,0,0,0,NA,NA,NA,18,19,2,6.3333333333,9,33.3333333333,0,0,0,NA,NA,NA,1,0,0,0,1,6,0,0,0,0,0,0,67,62,108.064516129,17,32,53.125,0,9,2,5,6,3,domestic_status_unknown,Domestic/foreign classification is not supplied.,7,0,94,24,39,31,18,18,2,0,6,0,6,9,12,10,6,0,https://kathmandupost.com/cricket/2025/08/10/mohammad-adil-alam-steals-the-spotlight-in-npl-season-2-auction,documented auction/retention pool; contextual ID mapping,Janakpur Bolts,0,0,0,1,0,0,0,0,0,0,0,,Unknown,Mayan Yadav,Batter,https://www.onlinekhabar.com/wp-content/uploads/2025/08/SBL-NPL-Auction-Pool-2025-Final-Sheet1.pdf,2025 auction pool,auction,exact_auction_price,B,https://kathmandupost.com/cricket/2025/08/10/mohammad-adil-alam-steals-the-spotlight-in-npl-season-2-auction,2025-08-10,https://kathmandupost.com/cricket/2025/08/10/mohammad-adil-alam-steals-the-spotlight-in-npl-season-2-auction,NPR; reported clearing price. Base-price purchases use category price explicitly reported in auction result.,775000,NA,NA,NA,NA,,true,9226.1904761905,387500,NA,NA,775000,reported_exact_auction,9226.1904761905,387500,14,7.5,13.0996183151,18,6,0.9356870225,0.6666666667,0,1.1547005384,1,3,1.7320508076,6.3333333333,7,3.0550504633,3,3,0.4823763889,43.75,8,NA,NA,25,6,NA,NA,68.75,8,NA,NA,75,6,NA,NA,NA,0,NA,NA,NA,0,NA,NA,NA,0,NA,NA,NA,0,NA,NA,68.75,8,NA,NA,NA,0,NA,NA,NA,0,NA,NA,43.75,8,NA,NA,8.3333333333,6,NA,NA,NA,0,NA,NA,NA,0,NA,NA,NA,0,NA,NA,NA,0,NA,NA,7.1428571429,7,NA,NA,NA,0,NA,NA,10,5,NA,NA,NA,0,NA,NA,NA,0,NA,NA,NA,0,NA,NA,batting_and_bowling,contextual_manual_match,npl-2025,NPL 2025 Â· Season 2,jab,41.3043478261,4.3001525553,78.3085430969,NA,NA,NA,NA
4546e17e,Milan Bohara,2025/26,Sudur Paschim Royals,Domestic,0,2,1,1,2,6,5,0,1,NA,5,5,250,0,0,1,0,0,1,0,1,4,50,9,9,0,0,0,NA,0,NA,0,0,0,0,NA,0,NA,0,0,5,2,250,0,0,1,0,0,0,NA,1,6,6,NA,2,33.3333333333,0,0,0,0,0,0,0,0,0,0,0,NA,NA,NA,6,6,0,6,NA,33.3333333333,0,0,0,NA,NA,NA,0,0,0,0,2,0,1,0,5,0,5,0,5,2,250,0,0,NA,0,NA,0,6,1,1,domestic_status_unknown,Domestic/foreign classification is not supplied.,2,0,2,0,0,2,6,6,0,0,2,0,0,0,6,6,1,0,https://kathmandupost.com/cricket/2025/08/10/mohammad-adil-alam-steals-the-spotlight-in-npl-season-2-auction,documented auction/retention pool; contextual ID mapping,Sudur Paschim Royals,0,0,0,1,0,0,0,0,0,0,0,,Unknown,Milan Bohara,All-rounder,https://www.onlinekhabar.com/wp-content/uploads/2025/08/SBL-NPL-Auction-Pool-2025-Final-Sheet1.pdf,2025 auction pool,auction,exact_auction_price,B,https://kathmandupost.com/cricket/2025/08/10/mohammad-adil-alam-steals-the-spotlight-in-npl-season-2-auction,2025-08-10,https://kathmandupost.com/cricket/2025/08/10/mohammad-adil-alam-steals-the-spotlight-in-npl-season-2-auction,NPR; reported clearing price. Base-price purchases use category price explicitly reported in auction result.,500000,NA,NA,NA,NA,,true,100000,NA,NA,NA,500000,reported_exact_auction,100000,NA,5,5,NA,0,1,NA,0,0,NA,0,1,NA,6,6,NA,0,1,NA,NA,0,NA,NA,NA,0,NA,NA,NA,0,NA,NA,NA,0,NA,NA,NA,0,NA,NA,NA,0,NA,NA,NA,0,NA,NA,NA,0,NA,NA,NA,0,NA,NA,NA,0,NA,NA,NA,0,NA,NA,NA,0,NA,NA,NA,0,NA,NA,NA,0,NA,NA,NA,0,NA,NA,NA,0,NA,NA,NA,0,NA,NA,NA,0,NA,NA,NA,0,NA,NA,NA,0,NA,NA,NA,0,NA,NA,NA,0,NA,NA,NA,0,NA,NA,batting_and_bowling,contextual_manual_match,npl-2025,NPL 2025 Â· Season 2,spr,NA,NA,NA,NA,NA,NA,NA
b4296080,Milind Kumar,2025/26,Kathmandu Gorkhas,Foreign,0,7,7,7,140,162,115,7,0,16.4285714286,16.4285714286,38,82.1428571429,65,46.4285714286,59,5,0,10,1,11,46,7.8571428571,4.1428571429,4,0,10,24,41.6666666667,15,62.5,0,0,91,107,85.046728972,46,42.9906542056,9,0,14,9,155.5555555556,4,44.4444444444,1,1,10,1.4285714286,16.2,27,162,6,16.2,70,43.2098765432,2,0,1.2345679012,0,8,7,74,9.2592592593,96,86,7,5.375,13.7142857143,46.875,60,55,3,5.5,20,41.6666666667,6,21,0,21,NA,0,8,0,0,1,5,2,1,0,102,8,2,0,70,85,82.3529411765,45,55,81.8181818182,6,6.5833333333,4,5.5333333333,7,7,domestic_status_unknown|team_alias_review,Domestic/foreign classification is not supplied. Kathmandu Gurkhas/Gorkhas uses proposed canonical label Kathmandu Gorkhas; raw label retained.,7,0,140,24,107,9,164,162,15,45,25,0,72,79,90,83,7,0,https://www.cricnepal.com/tournament/nepal-premier-league-2025-174/squads/kathmandu-gorkhas-024-22569,documented season roster; contextual ID mapping,Kathmandu Gorkhas,0,0,0,0,0,0,0,0,2,0,0,,Unknown,Milind Kumar,Unknown,,,not_found,not_found,,,,,,NA,NA,NA,NA,NA,,false,NA,NA,NA,NA,NA,unavailable,NA,NA,16.4285714286,15,10.9826703319,6,7,0.668510368,1.4285714286,2,1.133893419,1.5,7,0.7937253933,6.0952380952,5.25,2.3513336304,2.8333333333,7,0.3857656737,NA,0,NA,NA,NA,0,NA,NA,NA,0,NA,NA,NA,0,NA,NA,NA,0,NA,NA,NA,0,NA,NA,NA,0,NA,NA,NA,0,NA,NA,NA,0,NA,NA,NA,0,NA,NA,NA,0,NA,NA,NA,0,NA,NA,NA,0,NA,NA,NA,0,NA,NA,NA,0,NA,NA,NA,0,NA,NA,NA,0,NA,NA,NA,0,NA,NA,NA,0,NA,NA,NA,0,NA,NA,NA,0,NA,NA,NA,0,NA,NA,NA,0,NA,NA,batting_and_bowling,not_price_verified,npl-2025,NPL 2025 Â· Season 2,kag,50,12.9958047292,87.0041952708,70.4545454545,20.5032467532,100,NA
70ced7f2,Mohammad Aadil Alam,2025/26,Kathmandu Gorkhas,Domestic,0,8,7,1,60,6,93,5,2,18.6,13.2857142857,48,155,20,33.3333333333,21,7,0,7,5,12,58,20,7.1428571429,7,0,0,0,NA,0,NA,0,0,34,27,125.9259259259,12,44.4444444444,2,2,59,33,178.7878787879,8,24.2424242424,5,3,0,0,NA,1,11,11,NA,0,0,0,0,0,0,1,0,4,16.6666666667,0,0,0,NA,NA,NA,6,11,0,11,NA,0,0,0,0,NA,NA,NA,4,0,0,0,5,3,1,0,27,0,18,0,85,55,154.5454545455,8,5,160,0,NA,0,11,7,1,domestic_status_unknown|team_alias_review,Domestic/foreign classification is not supplied. Kathmandu Gurkhas/Gorkhas uses proposed canonical label Kathmandu Gorkhas; raw label retained.,8,0,60,0,27,33,6,6,1,0,0,0,0,0,6,11,7,0,https://kathmandupost.com/cricket/2025/08/10/mohammad-adil-alam-steals-the-spotlight-in-npl-season-2-auction,documented auction/retention pool; contextual ID mapping,Kathmandu Gorkhas,0,0,0,1,0,0,1,0,0,0,0,,Unknown,Mohammad Adil Alam,All-rounder,https://www.onlinekhabar.com/wp-content/uploads/2025/08/SBL-NPL-Auction-Pool-2025-Final-Sheet1.pdf,2025 auction pool,auction,exact_auction_price,A,https://kathmandupost.com/cricket/2025/08/10/mohammad-adil-alam-steals-the-spotlight-in-npl-season-2-auction,2025-08-10,https://kathmandupost.com/cricket/2025/08/10/mohammad-adil-alam-steals-the-spotlight-in-npl-season-2-auction,NPR; reported clearing price. Base-price purchases use category price explicitly reported in auction result.,1500000,NA,NA,NA,NA,,true,16129.0322580645,NA,NA,NA,1500000,reported_exact_auction,16129.0322580645,NA,13.2857142857,8,16.2554020325,7.5,7,1.2235248842,0,0,NA,0,1,NA,11,11,NA,0,1,NA,58.3333333333,6,80,-10,90,5,NA,NA,58.3333333333,6,80,-10,70,5,NA,NA,NA,0,NA,NA,NA,0,NA,NA,NA,0,NA,NA,NA,0,NA,NA,8.3333333333,6,80,-70,NA,0,NA,NA,NA,0,NA,NA,41.6666666667,6,80,-30,90,5,NA,NA,NA,0,NA,NA,NA,0,NA,NA,NA,0,NA,NA,NA,0,NA,NA,NA,0,NA,NA,NA,0,NA,NA,90,5,NA,NA,NA,0,NA,NA,NA,0,NA,NA,NA,0,NA,NA,batting_and_bowling,contextual_manual_match,npl-2025,NPL 2025 Â· Season 2,kag,38.9328063241,1.9286110533,75.9370015949,NA,NA,NA,NA
456f6d99,Mukhtar Ahmed,2025/26,Sudur Paschim Royals,Foreign,0,1,1,0,10,0,10,1,0,10,10,10,100,6,60,2,0,0,2,0,2,8,20,NA,NA,1,10,10,100,6,60,2,0,0,0,NA,0,NA,0,0,0,0,NA,0,NA,0,0,0,NA,NA,0,0,NA,NA,0,NA,0,0,NA,NA,0,0,0,NA,0,0,0,NA,NA,NA,0,0,0,NA,NA,NA,0,0,0,NA,NA,NA,0,0,0,0,1,0,1,0,10,0,10,0,10,10,100,0,0,NA,0,NA,0,NA,1,0,domestic_status_unknown|opening_order_unknown,Domestic/foreign classification is not supplied. 1 innings have unknown exact opening order. Position mean/median left NA; times_opened retained.,1,0,10,10,0,0,0,0,0,0,0,0,0,0,0,0,0,1,https://www.cricnepal.com/tournament/nepal-premier-league-2025-174/squads/sudurpaschim-royals-028-21136,documented season roster; contextual ID mapping,Sudur Paschim Royals,0,0,0,0,0,0,0,0,0,0,0,,Unknown,Mukhtar Ahmed,Unknown,,,not_found,not_found,,,,,,NA,NA,NA,NA,NA,,false,NA,NA,NA,NA,NA,unavailable,NA,NA,10,10,NA,0,1,NA,NA,NA,NA,NA,NA,NA,NA,NA,NA,NA,NA,NA,NA,0,NA,NA,NA,0,NA,NA,NA,0,NA,NA,NA,0,NA,NA,NA,0,NA,NA,NA,0,NA,NA,NA,0,NA,NA,NA,0,NA,NA,NA,0,NA,NA,NA,0,NA,NA,NA,0,NA,NA,NA,0,NA,NA,NA,0,NA,NA,NA,0,NA,NA,NA,0,NA,NA,NA,0,NA,NA,NA,0,NA,NA,NA,0,NA,NA,NA,0,NA,NA,NA,0,NA,NA,NA,0,NA,NA,NA,0,NA,NA,NA,0,NA,NA,batting_only,not_price_verified,npl-2025,NPL 2025 Â· Season 2,spr,NA,NA,NA,NA,NA,NA,NA
f67dd650,N Bhatta,2025/26,Biratnagar Kings,Domestic,0,7,4,6,62,96,49,4,0,12.25,12.25,24,79.0322580645,37,59.6774193548,15,5,0,3,2,5,24,8.064516129,5.25,4.5,0,3,7,42.8571428571,5,71.4285714286,0,0,21,35,60,22,62.8571428571,2,0,25,20,125,10,50,1,2,0,0,NA,16,119,7.4375,NA,37,38.5416666667,2,0,2.0833333333,0,6,7,66,13.5416666667,24,32,0,8,NA,58.3333333333,72,87,0,7.25,NA,31.9444444444,0,0,0,NA,NA,NA,2,0,0,0,4,3,2,0,24,0,21,0,0,0,NA,49,62,79.0322580645,0,8.1666666667,0,5.25,4,6,domestic_status_unknown,Domestic/foreign classification is not supplied.,7,0,62,7,35,20,97,96,13,14,23,0,72,98,24,21,4,0,https://kathmandupost.com/cricket/2025/08/06/150-players-shortlisted-for-npl-season-2-auction,documented auction/retention pool; contextual ID mapping,Biratnagar Kings,0,0,0,0,0,0,1,0,1,0,0,,Unknown,Naren Bhat,Unknown,,,retained,retained_compensation_unknown,NA,https://kathmandupost.com/cricket/2025/08/06/150-players-shortlisted-for-npl-season-2-auction,2025-08-06,https://kathmandupost.com/cricket/2025/08/06/150-players-shortlisted-for-npl-season-2-auction,Historical price is context only. Current season compensation not established.,NA,NA,200000,200000,NA,User instruction 2026-09-23: retained players have the same price as 2024 in 2025,false,NA,NA,NA,NA,200000,user_assumed_retained_price,4081.6326530612,NA,12.25,12.5,12.0104121495,18.75,4,0.9804418081,0,0,0,0,6,NA,7.7638888889,7.4166666667,3.674392114,3.3541666667,6,0.4732669628,28.5714285714,21,NA,NA,9.375,16,NA,NA,30,20,NA,NA,9.375,16,NA,NA,2.2727272727,22,NA,NA,61.7647058824,17,NA,NA,NA,0,NA,NA,NA,0,NA,NA,45.2380952381,21,NA,NA,NA,0,NA,NA,11.3636363636,22,NA,NA,40.4761904762,21,NA,NA,9.375,16,NA,NA,2.2727272727,22,NA,NA,44.1176470588,17,NA,NA,67.6470588235,17,NA,NA,58.8235294118,17,NA,NA,NA,0,NA,NA,34.375,16,NA,NA,4.1666666667,12,NA,NA,41.6666666667,18,NA,NA,NA,0,NA,NA,NA,0,NA,NA,batting_and_bowling,not_price_verified,npl-2025,NPL 2025 Â· Season 2,bik,39.8550724638,2.850877193,76.8592677346,21.6071428571,0,71.5584415584,NA
45963d9e,N Dickwella,2025/26,Lumbini Lions,Foreign,0,6,6,0,112,0,137,4,2,34.25,22.8333333333,37,122.3214285714,32,28.5714285714,57,9,0,11,3,14,62,12.5,4.1666666667,4,0,17,11,154.5454545455,3,27.2727272727,1,1,93,76,122.3684210526,20,26.3157894737,7,2,27,25,108,9,36,3,0,0,NA,NA,0,0,NA,NA,0,NA,0,0,NA,NA,0,0,0,NA,0,0,0,NA,NA,NA,0,0,0,NA,NA,NA,0,0,0,NA,NA,NA,2,2,2,0,6,0,3,1,137,0,54,0,29,22,131.8181818182,108,90,120,0,NA,0,NA,6,0,domestic_status_unknown,Domestic/foreign classification is not supplied.,6,0,112,11,76,25,0,0,0,0,0,0,0,0,0,0,6,0,https://www.cricnepal.com/tournament/nepal-premier-league-2025-174/squads/lumbini-lions-032-20971,documented season roster; contextual ID mapping,Lumbini Lions,0,0,0,0,0,0,0,0,0,0,0,,Unknown,N Dickwella,Unknown,,,not_found,not_found,,,,,,NA,NA,NA,NA,NA,,false,NA,NA,NA,NA,NA,unavailable,NA,NA,22.8333333333,23,10.2842922297,14.25,6,0.450406959,NA,NA,NA,NA,NA,NA,NA,NA,NA,NA,NA,NA,NA,0,NA,NA,NA,0,NA,NA,NA,0,NA,NA,NA,0,NA,NA,NA,0,NA,NA,NA,0,NA,NA,NA,0,NA,NA,NA,0,NA,NA,NA,0,NA,NA,NA,0,NA,NA,NA,0,NA,NA,NA,0,NA,NA,NA,0,NA,NA,NA,0,NA,NA,NA,0,NA,NA,NA,0,NA,NA,NA,0,NA,NA,NA,0,NA,NA,NA,0,NA,NA,NA,0,NA,NA,NA,0,NA,NA,NA,0,NA,NA,NA,0,NA,NA,batting_only,not_price_verified,npl-2025,NPL 2025 Â· Season 2,lul,67.3913043478,30.387109077,100,NA,NA,NA,NA
58c71b70,N Joshi,2025/26,Biratnagar Kings,Domestic,0,7,6,4,47,30,48,5,1,9.6,8,25,102.1276595745,21,45.652173913,17,2,1,3,2,5,24,10.6382978723,6.3333333333,6.5,0,0,0,NA,0,NA,0,0,17,31,54.8387096774,17,54.8387096774,0,0,31,16,193.75,4,26.6666666667,3,2,0,0,NA,5,51,10.2,NA,9,30,0,1,0,3.3333333333,4,2,28,19.3548387097,6,5,0,5,NA,50,18,33,0,11,NA,27.7777777778,6,13,0,13,NA,16.6666666667,2,0,0,0,4,3,1,0,38,0,1,0,18,14,128.5714285714,30,33,90.9090909091,0,8.75,0,16,6,4,domestic_status_unknown,Domestic/foreign classification is not supplied.,7,0,46,0,31,15,31,31,6,3,5,1,24,35,6,16,6,0,https://kathmandupost.com/cricket/2025/08/10/mohammad-adil-alam-steals-the-spotlight-in-npl-season-2-auction,documented auction/retention pool; contextual ID mapping,Biratnagar Kings,0,0,0,0,0,0,0,0,0,1,0,,Unknown,Narayan Joshi,All-rounder,https://www.onlinekhabar.com/wp-content/uploads/2025/08/SBL-NPL-Auction-Pool-2025-Final-Sheet1.pdf,2025 auction pool,auction,exact_auction_price,B,https://kathmandupost.com/cricket/2025/08/10/mohammad-adil-alam-steals-the-spotlight-in-npl-season-2-auction,2025-08-10,https://kathmandupost.com/cricket/2025/08/10/mohammad-adil-alam-steals-the-spotlight-in-npl-season-2-auction,NPR; reported clearing price. Base-price purchases use category price explicitly reported in auction result.,500000,NA,NA,NA,NA,,true,10416.6666666667,NA,NA,NA,500000,reported_exact_auction,10416.6666666667,NA,8,4.5,9.0332718325,7,6,1.1291589791,0,0,0,0,4,NA,10.75,10.5,4.5734742447,6.25,4,0.4254394646,25,6,20,10,30,5,NA,NA,8.3333333333,6,20,-10,10,5,NA,NA,10,5,NA,NA,NA,0,NA,NA,NA,0,NA,NA,NA,0,NA,NA,25,6,20,10,NA,0,NA,NA,30,5,NA,NA,8.3333333333,6,20,-10,50,5,NA,NA,10,5,NA,NA,NA,0,NA,NA,NA,0,NA,NA,NA,0,NA,NA,NA,0,NA,NA,NA,0,NA,NA,10,5,NA,NA,NA,0,NA,NA,NA,0,NA,NA,NA,0,NA,NA,batting_and_bowling,contextual_manual_match,npl-2025,NPL 2025 Â· Season 2,bik,27.3913043478,0,64.3954996186,26.3392857143,0,76.2905844156,NA
010df582,N Saud,2025/26,Sudur Paschim Royals,Domestic,0,4,3,4,15,36,10,2,1,5,3.3333333333,6,66.6666666667,10,66.6666666667,2,2,0,1,0,1,4,6.6666666667,8.3333333333,9,0,0,0,NA,0,NA,0,0,6,12,50,8,66.6666666667,0,0,4,3,133.3333333333,2,66.6666666667,1,0,2,0.5,18,6,40,6.6666666667,20,10,27.7777777778,0,0,0,0,2,1,14,8.3333333333,0,0,0,NA,NA,NA,36,40,2,6.6666666667,18,27.7777777778,0,0,0,NA,NA,NA,0,0,0,0,4,0,0,0,10,2,0,0,10,15,66.6666666667,0,0,NA,0,6,2,6.8,3,4,domestic_status_unknown,Domestic/foreign classification is not supplied.,4,0,15,0,12,3,36,36,3,0,10,0,6,6,30,34,3,0,https://kathmandupost.com/cricket/2025/08/06/150-players-shortlisted-for-npl-season-2-auction,documented auction/retention pool; contextual ID mapping,Sudur Paschim Royals,0,0,0,0,0,0,1,0,0,0,0,,Unknown,Naren Saud,Unknown,,,retained,retained_compensation_unknown,NA,https://kathmandupost.com/cricket/2025/08/06/150-players-shortlisted-for-npl-season-2-auction,2025-08-06,https://kathmandupost.com/cricket/2025/08/06/150-players-shortlisted-for-npl-season-2-auction,Historical price is context only. Current season compensation not established.,NA,NA,200000,200000,NA,User instruction 2026-09-23: retained players have the same price as 2024 in 2025,false,NA,NA,NA,NA,200000,user_assumed_retained_price,20000,100000,3.3333333333,4,3.0550504633,3,3,0.916515139,0.5,0.5,0.5773502692,1,4,1.1547005384,6.875,6.5,1.5478479684,1.625,4,0.2251415227,NA,0,NA,NA,NA,0,NA,NA,NA,0,NA,NA,NA,0,NA,NA,20.4545454545,22,NA,NA,NA,0,NA,NA,NA,0,NA,NA,NA,0,NA,NA,NA,0,NA,NA,57.1428571429,21,NA,NA,93.1818181818,22,NA,NA,NA,0,NA,NA,NA,0,NA,NA,27.2727272727,22,NA,NA,NA,0,NA,NA,NA,0,NA,NA,NA,0,NA,NA,NA,0,NA,NA,NA,0,NA,NA,NA,0,NA,NA,58.3333333333,18,NA,NA,NA,0,NA,NA,NA,0,NA,NA,batting_and_bowling,not_price_verified,npl-2025,NPL 2025 Â· Season 2,spr,NA,NA,NA,33.0357142857,0,82.987012987,NA
737e595d,NK Yadav,2025/26,Karnali Yaks,Domestic,0,7,3,7,10,150,5,1,2,5,1.6666666667,3,50,5,50,5,0,0,0,0,0,0,0,9,9,0,0,0,NA,0,NA,0,0,1,4,25,3,75,0,0,4,6,66.6666666667,2,33.3333333333,0,0,10,1.4285714286,15,25,206,8.24,20.6,57,38,17,0,11.3333333333,0,13,12,124,16.6666666667,48,38,2,4.75,24,62.5,30,32,1,6.4,30,20,72,136,7,11.3333333333,10.2857142857,29.1666666667,1,0,1,0,2,5,0,0,0,3,0,0,1,3,33.3333333333,4,7,57.1428571429,5,7.5454545455,5,8.7857142857,3,7,domestic_status_unknown,Domestic/foreign classification is not supplied.,7,0,10,0,4,6,159,150,25,30,6,21,66,83,84,123,3,0,https://kathmandupost.com/cricket/2025/08/06/150-players-shortlisted-for-npl-season-2-auction,documented auction/retention pool; contextual ID mapping,Karnali Yaks,0,0,0,1,0,0,0,0,9,0,0,,Unknown,Nandan Yadav,Unknown,,,retained,retained_compensation_unknown,NA,https://kathmandupost.com/cricket/2025/08/06/150-players-shortlisted-for-npl-season-2-auction,2025-08-06,https://kathmandupost.com/cricket/2025/08/06/150-players-shortlisted-for-npl-season-2-auction,Historical price is context only. Current season compensation not established.,NA,NA,1100000,1100000,NA,User instruction 2026-09-23: retained players have the same price as 2024 in 2025,false,NA,NA,NA,NA,1100000,user_assumed_retained_price,220000,110000,1.6666666667,1,1.1547005384,1,3,0.692820323,1.4285714286,1,0.9759000729,1,7,0.6831300511,8.1217445788,8.5,2.1536834928,1.1177536232,7,0.2651749845,NA,0,NA,NA,NA,0,NA,NA,NA,0,NA,NA,NA,0,NA,NA,79.5454545455,22,NA,NA,32.3529411765,17,NA,NA,65.625,16,NA,NA,65.625,16,NA,NA,NA,0,NA,NA,83.3333333333,21,NA,NA,70.4545454545,22,NA,NA,NA,0,NA,NA,NA,0,NA,NA,79.5454545455,22,NA,NA,38.2352941176,17,NA,NA,2.9411764706,17,NA,NA,58.8235294118,17,NA,NA,NA,0,NA,NA,93.75,16,NA,NA,NA,0,NA,NA,69.4444444444,18,NA,NA,NA,0,NA,NA,4.5454545455,11,NA,NA,batting_and_bowling,not_price_verified,npl-2025,NPL 2025 Â· Season 2,ky,NA,NA,NA,70.4545454545,20.5032467532,100,NA
1212cbec,Najibullah Zadran,2025/26,Karnali Yaks,Foreign,0,7,6,0,57,0,66,4,2,16.5,11,24,115.7894736842,23,40.350877193,22,6,0,2,4,6,32,10.5263157895,5,5,0,1,4,25,3,75,0,0,33,29,113.7931034483,11,37.9310344828,1,2,32,24,133.3333333333,9,37.5,1,2,0,NA,NA,0,0,NA,NA,0,NA,0,0,NA,NA,0,0,0,NA,0,0,0,NA,NA,NA,0,0,0,NA,NA,NA,0,0,0,NA,NA,NA,4,0,0,0,2,5,0,0,13,0,0,0,41,38,107.8947368421,25,19,131.5789473684,0,NA,0,NA,6,0,domestic_status_unknown,Domestic/foreign classification is not supplied.,7,0,57,4,29,24,0,0,0,0,0,0,0,0,0,0,6,0,https://en.himalpress.com/karnali-vs-chitwan-biratnagar-vs-pokhara-in-npl-today/,documented season roster; contextual ID mapping,Karnali Yaks,0,0,0,0,0,0,0,0,0,0,0,,Unknown,Najibullah Zadran,Unknown,,,not_found,not_found,,,,,,NA,NA,NA,NA,NA,,false,NA,NA,NA,NA,NA,unavailable,NA,NA,11,12,8.049844719,6.75,6,0.7318040654,NA,NA,NA,NA,NA,NA,NA,NA,NA,NA,NA,NA,NA,0,NA,NA,NA,0,NA,NA,NA,0,NA,NA,NA,0,NA,NA,NA,0,NA,NA,NA,0,NA,NA,NA,0,NA,NA,NA,0,NA,NA,NA,0,NA,NA,NA,0,NA,NA,NA,0,NA,NA,NA,0,NA,NA,NA,0,NA,NA,NA,0,NA,NA,NA,0,NA,NA,NA,0,NA,NA,NA,0,NA,NA,NA,0,NA,NA,NA,0,NA,NA,NA,0,NA,NA,NA,0,NA,NA,NA,0,NA,NA,NA,0,NA,NA,batting_only,not_price_verified,npl-2025,NPL 2025 Â· Season 2,ky,34.347826087,0,71.3520213577,NA,NA,NA,NA
4a43b73c,P Mehra,2025/26,Sudur Paschim Royals,Foreign,0,3,2,2,13,19,13,2,0,6.5,6.5,13,100,6,46.1538461538,5,0,0,2,0,2,8,15.3846153846,5.5,5.5,0,0,0,NA,0,NA,0,0,13,13,100,6,46.1538461538,2,0,0,0,NA,0,NA,0,0,3,1.5,6.3333333333,3.1,23,7.2631578947,7.6666666667,7,36.8421052632,0,1,0,5.2631578947,3,0,12,15,0,0,0,NA,NA,NA,12,17,0,8.5,NA,25,7,6,3,5.1428571429,2.3333333333,57.1428571429,0,0,1,0,1,2,1,1,13,3,0,0,13,13,100,0,0,NA,0,NA,3,7.2631578947,2,2,domestic_status_unknown,Domestic/foreign classification is not supplied.,3,0,13,0,13,0,20,20,3,0,3,4,0,0,19,23,2,0,https://www.cricnepal.com/tournament/nepal-premier-league-2025-174/squads/sudurpaschim-royals-028-21136,documented season roster; contextual ID mapping,Sudur Paschim Royals,0,0,0,0,0,0,1,0,0,1,0,,Unknown,P Mehra,Unknown,,,not_found,not_found,,,,,,NA,NA,NA,NA,NA,,false,NA,NA,NA,NA,NA,unavailable,NA,NA,6.5,6.5,9.1923881554,6.5,2,1.4142135624,1.5,1.5,2.1213203436,1.5,2,1.4142135624,7.7307692308,7.7307692308,1.7949633676,1.2692307692,2,0.2321843162,NA,0,NA,NA,NA,0,NA,NA,NA,0,NA,NA,NA,0,NA,NA,NA,0,NA,NA,NA,0,NA,NA,NA,0,NA,NA,NA,0,NA,NA,NA,0,NA,NA,NA,0,NA,NA,NA,0,NA,NA,NA,0,NA,NA,NA,0,NA,NA,NA,0,NA,NA,NA,0,NA,NA,NA,0,NA,NA,NA,0,NA,NA,NA,0,NA,NA,NA,0,NA,NA,NA,0,NA,NA,NA,0,NA,NA,NA,0,NA,NA,NA,0,NA,NA,batting_and_bowling,not_price_verified,npl-2025,NPL 2025 Â· Season 2,spr,NA,NA,NA,NA,NA,NA,NA
82294960,P Sarraf,2025/26,Karnali Yaks,Domestic,0,7,5,4,87,60,109,4,1,27.25,21.8,35,125.2873563218,37,42.5287356322,31,5,0,8,6,14,68,16.091954023,4.8,4,0,23,20,115,9,45,2,1,58,49,118.3673469388,19,38.7755102041,5,2,28,18,155.5555555556,9,50,1,3,3,0.75,20,10,69,6.9,23,24,40,1,0,1.6666666667,0,4,3,34,11.6666666667,24,24,2,6,12,50,36,45,1,7.5,36,33.3333333333,0,0,0,NA,NA,NA,1,0,0,0,2,5,0,0,1,1,0,0,63,47,134.0425531915,46,40,115,0,11,3,6.4444444444,5,4,domestic_status_unknown,Domestic/foreign classification is not supplied.,7,0,87,20,49,18,61,60,7,12,12,0,6,11,54,58,5,0,https://kathmandupost.com/cricket/2025/08/10/mohammad-adil-alam-steals-the-spotlight-in-npl-season-2-auction,documented auction/retention pool; contextual ID mapping,Karnali Yaks,0,0,0,0,0,0,0,0,1,0,0,,Unknown,Pawan Sarraf,All-rounder,https://www.onlinekhabar.com/wp-content/uploads/2025/08/SBL-NPL-Auction-Pool-2025-Final-Sheet1.pdf,2025 auction pool,auction,exact_auction_price,A,https://kathmandupost.com/cricket/2025/08/10/mohammad-adil-alam-steals-the-spotlight-in-npl-season-2-auction,2025-08-10,https://kathmandupost.com/cricket/2025/08/10/mohammad-adil-alam-steals-the-spotlight-in-npl-season-2-auction,NPR; reported clearing price. Base-price purchases use category price explicitly reported in auction result.,1500000,NA,NA,NA,NA,,true,13761.4678899083,500000,NA,NA,1500000,reported_exact_auction,13761.4678899083,500000,21.8,27,12.9305839002,8,5,0.5931460505,0.75,1,0.5,0.25,4,0.6666666667,7.6458333333,7.125,2.4098322902,1.9791666667,4,0.3151824249,75,6,80,10,70,5,NA,NA,75,6,80,10,50,5,NA,NA,30,5,NA,NA,NA,0,NA,NA,NA,0,NA,NA,NA,0,NA,NA,75,6,80,10,NA,0,NA,NA,70,5,NA,NA,75,6,80,10,70,5,NA,NA,30,5,NA,NA,NA,0,NA,NA,NA,0,NA,NA,NA,0,NA,NA,NA,0,NA,NA,NA,0,NA,NA,50,5,NA,NA,40,5,NA,NA,NA,0,NA,NA,NA,0,NA,NA,batting_and_bowling,contextual_manual_match,npl-2025,NPL 2025 Â· Season 2,ky,62.8824476651,25.8782523943,99.8866429358,45.5357142857,0,95.487012987,NA
534c4b03,P Shrestha,2025/26,Kathmandu Gorkhas,Domestic,0,1,1,0,6,0,2,1,0,2,2,2,33.3333333333,4,66.6666666667,2,0,0,0,0,0,0,0,4,4,0,2,6,33.3333333333,4,66.6666666667,0,0,0,0,NA,0,NA,0,0,0,0,NA,0,NA,0,0,0,NA,NA,0,0,NA,NA,0,NA,0,0,NA,NA,0,0,0,NA,0,0,0,NA,NA,NA,0,0,0,NA,NA,NA,0,0,0,NA,NA,NA,1,0,0,0,0,1,0,0,0,0,0,0,2,6,33.3333333333,0,0,NA,0,NA,0,NA,1,0,domestic_status_unknown|team_alias_review,Domestic/foreign classification is not supplied. Kathmandu Gurkhas/Gorkhas uses proposed canonical label Kathmandu Gorkhas; raw label retained.,1,0,6,6,0,0,0,0,0,0,0,0,0,0,0,0,1,0,https://kathmandupost.com/cricket/2025/08/06/150-players-shortlisted-for-npl-season-2-auction,documented auction/retention pool; contextual ID mapping,Kathmandu Gorkhas,0,0,0,0,0,0,0,0,0,0,0,,Unknown,Pratik Shrestha,Unknown,,,retained,retained_compensation_unknown,NA,https://kathmandupost.com/cricket/2025/08/06/150-players-shortlisted-for-npl-season-2-auction,2025-08-06,https://kathmandupost.com/cricket/2025/08/06/150-players-shortlisted-for-npl-season-2-auction,Historical price is context only. Current season compensation not established.,NA,NA,200000,200000,NA,User instruction 2026-09-23: retained players have the same price as 2024 in 2025,false,NA,NA,NA,NA,200000,user_assumed_retained_price,100000,NA,2,2,NA,0,1,NA,NA,NA,NA,NA,NA,NA,NA,NA,NA,NA,NA,NA,NA,0,NA,NA,NA,0,NA,NA,NA,0,NA,NA,NA,0,NA,NA,NA,0,NA,NA,NA,0,NA,NA,NA,0,NA,NA,NA,0,NA,NA,NA,0,NA,NA,NA,0,NA,NA,NA,0,NA,NA,NA,0,NA,NA,NA,0,NA,NA,NA,0,NA,NA,NA,0,NA,NA,NA,0,NA,NA,NA,0,NA,NA,NA,0,NA,NA,NA,0,NA,NA,NA,0,NA,NA,NA,0,NA,NA,NA,0,NA,NA,NA,0,NA,NA,batting_only,not_price_verified,npl-2025,NPL 2025 Â· Season 2,kag,NA,NA,NA,NA,NA,NA,NA
638ecd0d,Pappu Yadav,2025/26,Janakpur Bolts,Unknown,0,1,0,0,0,0,0,0,0,NA,NA,NA,NA,0,NA,0,0,0,0,0,0,0,NA,NA,NA,0,0,0,NA,0,NA,0,0,0,0,NA,0,NA,0,0,0,0,NA,0,NA,0,0,0,NA,NA,0,0,NA,NA,0,NA,0,0,NA,NA,0,0,0,NA,0,0,0,NA,NA,NA,0,0,0,NA,NA,NA,0,0,0,NA,NA,NA,1,0,0,0,0,1,0,0,0,0,0,0,0,0,NA,0,0,NA,0,NA,0,NA,0,0,domestic_status_unknown,Domestic/foreign classification is not supplied.,1,0,0,0,0,0,0,0,0,0,0,0,0,0,0,0,0,0,,Unknown,Janakpur Bolts,0,0,0,NA,0,0,0,0,0,0,0,,Unknown,Pappu Yadav,Unknown,,,not_found,not_found,,,,,,NA,NA,NA,NA,NA,,false,NA,NA,NA,NA,NA,unavailable,NA,NA,NA,NA,NA,NA,NA,NA,NA,NA,NA,NA,NA,NA,NA,NA,NA,NA,NA,NA,NA,0,NA,NA,NA,0,NA,NA,NA,0,NA,NA,NA,0,NA,NA,NA,0,NA,NA,NA,0,NA,NA,NA,0,NA,NA,NA,0,NA,NA,NA,0,NA,NA,NA,0,NA,NA,NA,0,NA,NA,NA,0,NA,NA,NA,0,NA,NA,NA,0,NA,NA,NA,0,NA,NA,NA,0,NA,NA,NA,0,NA,NA,NA,0,NA,NA,NA,0,NA,NA,NA,0,NA,NA,NA,0,NA,NA,NA,0,NA,NA,NA,0,NA,NA,no_recorded_innings,not_price_verified,npl-2025,NPL 2025 Â· Season 2,jab,NA,NA,NA,NA,NA,NA,NA
c1077ba3,Pratis GC,2025/26,Biratnagar Kings,Domestic,0,9,8,9,40,150,67,6,2,11.1666666667,8.375,30,167.5,13,32.5,15,3,0,4,5,9,46,22.5,8,8,0,0,0,NA,0,NA,0,0,34,21,161.9047619048,4,19.0476190476,2,2,33,19,173.6842105263,9,47.3684210526,2,3,9,1,16.6666666667,25,218,8.72,24.2222222222,53,35.3333333333,10,0,6.6666666667,0,25,5,130,20,72,108,1,9,72,43.0555555556,18,19,0,6.3333333333,NA,11.1111111111,60,91,8,9.1,7.5,33.3333333333,0,0,0,0,5,4,2,0,21,4,5,5,13,12,108.3333333333,54,28,192.8571428571,7,8.4117647059,2,9.375,8,9,domestic_status_unknown,Domestic/foreign classification is not supplied.,9,0,40,0,21,19,160,150,30,31,2,20,102,143,48,75,8,0,https://kathmandupost.com/cricket/2025/08/06/150-players-shortlisted-for-npl-season-2-auction,documented auction/retention pool; contextual ID mapping,Biratnagar Kings,0,0,0,0,0,0,1,0,10,0,0,,Unknown,Pratish GC,Unknown,,,retained,retained_compensation_unknown,NA,https://kathmandupost.com/cricket/2025/08/06/150-players-shortlisted-for-npl-season-2-auction,2025-08-06,https://kathmandupost.com/cricket/2025/08/06/150-players-shortlisted-for-npl-season-2-auction,Historical price is context only. Current season compensation not established.,NA,NA,1500000,1500000,NA,User instruction 2026-09-23: retained players have the same price as 2024 in 2025,false,NA,NA,NA,NA,1500000,user_assumed_retained_price,22388.0597014925,166666.6666666667,8.375,4.5,9.8696866356,9.5,8,1.178470046,1,0,1.2247448714,2,9,1.2247448714,8.5185185185,9.25,2.1549272423,2.3333333333,9,0.2529697198,45.2380952381,21,NA,NA,NA,0,NA,NA,17.5,20,NA,NA,NA,0,NA,NA,68.1818181818,22,NA,NA,20.5882352941,17,NA,NA,46.875,16,NA,NA,53.125,16,NA,NA,30.9523809524,21,NA,NA,38.0952380952,21,NA,NA,75,22,NA,NA,21.4285714286,21,NA,NA,NA,0,NA,NA,63.6363636364,22,NA,NA,20.5882352941,17,NA,NA,14.7058823529,17,NA,NA,58.8235294118,17,NA,NA,NA,0,NA,NA,21.875,16,NA,NA,NA,0,NA,NA,NA,0,NA,NA,NA,0,NA,NA,50,11,NA,NA,batting_and_bowling,not_price_verified,npl-2025,NPL 2025 Â· Season 2,bik,25.845410628,0,62.8496058988,58.0357142857,8.0844155844,100,NA
ebf25cf2,Priyank Panchal,2025/26,Karnali Yaks,Foreign,0,7,7,0,140,0,197,7,0,28.1428571429,28.1428571429,90,140.7142857143,59,42.1428571429,44,8,1,17,11,28,134,20,NA,NA,6,94,77,122.0779220779,43,55.8441558442,10,5,83,55,150.9090909091,15,27.2727272727,5,5,20,8,250,1,12.5,2,1,0,NA,NA,0,0,NA,NA,0,NA,0,0,NA,NA,0,0,0,NA,0,0,0,NA,NA,NA,0,0,0,NA,NA,NA,0,0,0,NA,NA,NA,4,0,0,0,2,5,0,0,28,0,0,0,169,114,148.2456140351,28,26,107.6923076923,0,NA,0,NA,7,0,domestic_status_unknown|opening_order_unknown,Domestic/foreign classification is not supplied. 6 innings have unknown exact opening order. Position mean/median left NA; times_opened retained.,7,0,140,77,55,8,0,0,0,0,0,0,0,0,0,0,1,6,https://en.himalpress.com/karnali-vs-chitwan-biratnagar-vs-pokhara-in-npl-today/,documented season roster; contextual ID mapping,Karnali Yaks,0,0,0,0,2,0,2,0,0,0,0,,Unknown,Priyank Panchal,Unknown,,,not_found,not_found,,,,,,NA,NA,NA,NA,NA,,false,NA,NA,NA,NA,NA,unavailable,NA,NA,28.1428571429,16,34.5949349444,33.5,7,1.2292616478,NA,NA,NA,NA,NA,NA,NA,NA,NA,NA,NA,NA,NA,0,NA,NA,NA,0,NA,NA,NA,0,NA,NA,NA,0,NA,NA,NA,0,NA,NA,NA,0,NA,NA,NA,0,NA,NA,NA,0,NA,NA,NA,0,NA,NA,NA,0,NA,NA,NA,0,NA,NA,NA,0,NA,NA,NA,0,NA,NA,NA,0,NA,NA,NA,0,NA,NA,NA,0,NA,NA,NA,0,NA,NA,NA,0,NA,NA,NA,0,NA,NA,NA,0,NA,NA,NA,0,NA,NA,NA,0,NA,NA,NA,0,NA,NA,batting_only,not_price_verified,npl-2025,NPL 2025 Â· Season 2,ky,77.6679841897,40.6637889189,100,NA,NA,NA,NA
8399a7af,R Dhakal,2025/26,Chitwan Rhinos,Domestic,0,5,2,5,3,94,3,1,1,3,1.5,2,100,0,0,3,0,0,0,0,0,0,0,10,10,0,0,0,NA,0,NA,0,0,0,0,NA,0,NA,0,0,3,3,100,0,0,0,0,3,0.6,31.3333333333,15.4,123,7.8510638298,41,35,37.2340425532,6,2,6.3829787234,2.1276595745,10,3,58,13.5416666667,42,53,2,7.5714285714,21,47.619047619,24,31,1,7.75,24,37.5,28,39,0,8.3571428571,NA,21.4285714286,2,0,0,0,1,4,0,0,0,0,0,0,0,0,NA,3,3,100,0,9.8888888889,3,5.1,2,5,domestic_status_unknown,Domestic/foreign classification is not supplied.,5,0,3,0,0,3,101,96,13,20,9,6,54,89,40,34,2,0,https://kathmandupost.com/cricket/2025/08/06/150-players-shortlisted-for-npl-season-2-auction,documented auction/retention pool; contextual ID mapping,Chitwan Rhinos,0,0,0,0,0,0,0,0,5,2,0,,Unknown,Rijan Dhakal,Unknown,,,retained,retained_compensation_unknown,NA,https://kathmandupost.com/cricket/2025/08/06/150-players-shortlisted-for-npl-season-2-auction,2025-08-06,https://kathmandupost.com/cricket/2025/08/06/150-players-shortlisted-for-npl-season-2-auction,Historical price is context only. Current season compensation not established.,NA,NA,1000000,1000000,NA,User instruction 2026-09-23: retained players have the same price as 2024 in 2025,false,NA,NA,NA,NA,1000000,user_assumed_retained_price,333333.3333333333,333333.3333333333,1.5,1.5,0.7071067812,0.5,2,0.4714045208,0.6,0,0.894427191,1,5,1.490711985,7.7606060606,6.5,3.1113480495,4.3333333333,5,0.4009156018,NA,0,NA,NA,NA,0,NA,NA,NA,0,NA,NA,NA,0,NA,NA,36.3636363636,22,NA,NA,44.1176470588,17,NA,NA,21.875,16,NA,NA,21.875,16,NA,NA,NA,0,NA,NA,11.9047619048,21,NA,NA,29.5454545455,22,NA,NA,NA,0,NA,NA,NA,0,NA,NA,34.0909090909,22,NA,NA,32.3529411765,17,NA,NA,20.5882352941,17,NA,NA,2.9411764706,17,NA,NA,NA,0,NA,NA,40.625,16,NA,NA,NA,0,NA,NA,36.1111111111,18,NA,NA,NA,0,NA,NA,77.2727272727,11,NA,NA,batting_and_bowling,not_price_verified,npl-2025,NPL 2025 Â· Season 2,chr,NA,NA,NA,34.623015873,0,84.5743145743,NA
26a85969,R Dhawan,2025/26,Pokhara Avengers,Foreign,0,3,1,3,31,60,54,1,0,54,54,54,174.1935483871,4,12.9032258065,14,8,0,3,2,5,24,16.1290322581,6,6,0,0,0,NA,0,NA,0,0,31,18,172.2222222222,2,11.1111111111,0,2,23,13,176.9230769231,2,15.3846153846,3,0,3,1,20,10,82,8.2,27.3333333333,23,38.3333333333,1,0,1.6666666667,0,5,5,50,16.6666666667,24,27,0,6.75,NA,54.1666666667,6,7,1,7,6,33.3333333333,30,48,2,9.6,15,26.6666666667,0,0,1,0,2,1,0,0,0,3,0,0,0,0,NA,54,31,174.1935483871,0,7.5,3,9.25,1,3,domestic_status_unknown,Domestic/foreign classification is not supplied.,3,0,31,0,18,13,61,60,10,13,2,8,36,45,24,37,1,0,https://www.cricnepal.com/tournament/nepal-premier-league-2025-174/squads/pokhara-avengers-025-22564,documented season roster; contextual ID mapping,Pokhara Avengers,0,0,0,0,1,0,0,0,1,0,0,,Unknown,R Dhawan,Unknown,,,not_found,not_found,,,,,,NA,NA,NA,NA,NA,,false,NA,NA,NA,NA,NA,unavailable,NA,NA,54,54,NA,0,1,NA,1,0,1.7320508076,1.5,3,1.7320508076,7.3333333333,9.25,3.7610946988,3.375,3,0.5128765498,NA,0,NA,NA,NA,0,NA,NA,NA,0,NA,NA,NA,0,NA,NA,NA,0,NA,NA,NA,0,NA,NA,NA,0,NA,NA,NA,0,NA,NA,NA,0,NA,NA,NA,0,NA,NA,NA,0,NA,NA,NA,0,NA,NA,NA,0,NA,NA,NA,0,NA,NA,NA,0,NA,NA,NA,0,NA,NA,NA,0,NA,NA,NA,0,NA,NA,NA,0,NA,NA,NA,0,NA,NA,NA,0,NA,NA,NA,0,NA,NA,NA,0,NA,NA,batting_and_bowling,not_price_verified,npl-2025,NPL 2025 Â· Season 2,poa,NA,NA,NA,NA,NA,NA,NA
aba0f4a9,R Kumar,2025/26,Chitwan Rhinos,Domestic,0,5,2,5,2,120,1,1,1,1,0.5,1,50,1,50,1,0,0,0,0,0,0,0,11,11,0,0,0,NA,0,NA,0,0,0,0,NA,0,NA,0,0,1,2,50,1,50,0,0,8,1.6,15,20,116,5.8,14.5,56,46.6666666667,0,0,0,0,7,5,58,10,30,34,4,6.8,7.5,60,72,66,3,5.5,24,43.0555555556,18,16,1,5.3333333333,18,38.8888888889,1,1,0,1,1,4,0,0,0,5,0,0,0,0,NA,1,2,50,3,5.5,5,6,2,5,domestic_status_unknown,Domestic/foreign classification is not supplied.,5,0,2,0,0,2,120,120,12,18,31,7,48,44,72,72,2,0,https://kathmandupost.com/cricket/2025/08/10/mohammad-adil-alam-steals-the-spotlight-in-npl-season-2-auction,documented auction/retention pool; contextual ID mapping,Chitwan Rhinos,0,0,0,1,0,0,1,0,0,0,0,,Unknown,Ranjit Kumar,Bowler,https://www.onlinekhabar.com/wp-content/uploads/2025/08/SBL-NPL-Auction-Pool-2025-Final-Sheet1.pdf,2025 auction pool,auction,exact_auction_price,C,https://kathmandupost.com/cricket/2025/08/10/mohammad-adil-alam-steals-the-spotlight-in-npl-season-2-auction,2025-08-10,https://kathmandupost.com/cricket/2025/08/10/mohammad-adil-alam-steals-the-spotlight-in-npl-season-2-auction,NPR; reported clearing price. Base-price purchases use category price explicitly reported in auction result.,200000,NA,NA,NA,NA,,true,200000,25000,NA,NA,200000,reported_exact_auction,200000,25000,0.5,0.5,0.7071067812,0.5,2,1.4142135624,1.6,1,2.0736441353,2,5,1.2960275846,5.8,5.25,2.0570002431,3,5,0.3546552143,NA,0,NA,NA,NA,0,NA,NA,NA,0,NA,NA,NA,0,NA,NA,70,10,10,40,83.3333333333,9,NA,NA,61.1111111111,9,NA,NA,72.2222222222,9,NA,NA,NA,0,NA,NA,25,10,10,0,35,10,10,20,NA,0,NA,NA,NA,0,NA,NA,85,10,10,60,72.2222222222,9,NA,NA,94.4444444444,9,NA,NA,61.1111111111,9,NA,NA,NA,0,NA,NA,62.5,8,NA,NA,NA,0,NA,NA,75,10,16.6666666667,75,NA,0,NA,NA,NA,0,NA,NA,batting_and_bowling,contextual_manual_match,npl-2025,NPL 2025 Â· Season 2,chr,NA,NA,NA,70.8333333333,20.882034632,100,NA
ff6a7ab5,R Trumpelmann,2025/26,Lumbini Lions,Foreign,0,10,7,10,41,200,65,3,4,21.6666666667,9.2857142857,29,158.5365853659,13,31.7073170732,15,5,0,4,4,8,40,19.512195122,7.7142857143,8,0,0,0,NA,0,NA,0,0,5,3,166.6666666667,1,33.3333333333,1,0,60,38,157.8947368421,12,31.5789473684,3,4,15,1.5,13.3333333333,33.2,224,6.72,14.9333333333,93,46.5,11,1,5.5,0.5,13,11,118,11.9402985075,114,84,10,4.4210526316,11.4,59.649122807,18,18,0,6,NA,38.8888888889,68,122,5,10.7647058824,13.6,26.4705882353,4,0,0,2,7,3,3,1,31,12,16,7,40,25,160,25,16,156.25,12,6.9078947368,3,6.125,7,10,domestic_status_unknown,Domestic/foreign classification is not supplied.,10,0,41,0,3,38,212,201,24,68,7,18,152,175,48,49,7,0,https://www.cricnepal.com/tournament/nepal-premier-league-2025-174/squads/lumbini-lions-032-20971,documented season roster; contextual ID mapping,Lumbini Lions,0,0,0,1,0,0,1,1,11,1,0,,Unknown,R Trumpelmann,Unknown,,,not_found,not_found,,,,,,NA,NA,NA,NA,NA,,false,NA,NA,NA,NA,NA,unavailable,NA,NA,9.2857142857,6,9.3579607058,5,7,1.0077803837,1.5,1.5,1.0801234497,1,10,0.7200822998,6.3542510121,6.25,3.1113483979,5.1315789474,10,0.4896483302,NA,0,NA,NA,NA,0,NA,NA,NA,0,NA,NA,NA,0,NA,NA,NA,0,NA,NA,NA,0,NA,NA,NA,0,NA,NA,NA,0,NA,NA,NA,0,NA,NA,NA,0,NA,NA,NA,0,NA,NA,NA,0,NA,NA,NA,0,NA,NA,NA,0,NA,NA,NA,0,NA,NA,NA,0,NA,NA,NA,0,NA,NA,NA,0,NA,NA,NA,0,NA,NA,NA,0,NA,NA,NA,0,NA,NA,NA,0,NA,NA,NA,0,NA,NA,batting_and_bowling,not_price_verified,npl-2025,NPL 2025 Â· Season 2,lul,28.7878787879,0,65.7920740587,74.8724489796,24.9211502783,100,NA
efe3fcc5,R Vasconcelos,2025/26,Kathmandu Gorkhas,Foreign,0,1,1,0,4,0,3,1,0,3,3,3,75,1,25,3,0,0,0,0,0,0,0,3,3,0,3,4,75,1,25,0,0,0,0,NA,0,NA,0,0,0,0,NA,0,NA,0,0,0,NA,NA,0,0,NA,NA,0,NA,0,0,NA,NA,0,0,0,NA,0,0,0,NA,NA,NA,0,0,0,NA,NA,NA,0,0,0,NA,NA,NA,0,0,0,0,0,1,0,0,0,0,0,0,3,4,75,0,0,NA,0,NA,0,NA,1,0,domestic_status_unknown|team_alias_review,Domestic/foreign classification is not supplied. Kathmandu Gurkhas/Gorkhas uses proposed canonical label Kathmandu Gorkhas; raw label retained.,1,0,4,4,0,0,0,0,0,0,0,0,0,0,0,0,1,0,https://www.cricnepal.com/tournament/nepal-premier-league-2025-174/squads/kathmandu-gorkhas-024-22569,documented season roster; contextual ID mapping,Kathmandu Gorkhas,0,0,0,0,0,0,0,0,0,0,0,,Unknown,R Vasconcelos,Unknown,,,not_found,not_found,,,,,,NA,NA,NA,NA,NA,,false,NA,NA,NA,NA,NA,unavailable,NA,NA,3,3,NA,0,1,NA,NA,NA,NA,NA,NA,NA,NA,NA,NA,NA,NA,NA,NA,0,NA,NA,NA,0,NA,NA,NA,0,NA,NA,NA,0,NA,NA,NA,0,NA,NA,NA,0,NA,NA,NA,0,NA,NA,NA,0,NA,NA,NA,0,NA,NA,NA,0,NA,NA,NA,0,NA,NA,NA,0,NA,NA,NA,0,NA,NA,NA,0,NA,NA,NA,0,NA,NA,NA,0,NA,NA,NA,0,NA,NA,NA,0,NA,NA,NA,0,NA,NA,NA,0,NA,NA,NA,0,NA,NA,NA,0,NA,NA,NA,0,NA,NA,batting_only,not_price_verified,npl-2025,NPL 2025 Â· Season 2,kag,NA,NA,NA,NA,NA,NA,NA
1a3cc554,RK Paudel,2025/26,Lumbini Lions,Domestic,0,10,10,5,277,78,276,10,0,27.6,27.6,49,99.6389891697,119,42.9602888087,113,17,1,18,9,27,126,9.7472924188,3.1,3,0,116,117,99.1452991453,66,56.4102564103,14,4,151,151,100,48,31.7880794702,4,4,9,9,100,5,55.5555555556,0,1,10,2,7.8,13,99,7.6153846154,9.9,33,42.3076923077,1,0,1.2820512821,0,1,9,58,12.8205128205,0,0,0,NA,NA,NA,66,78,10,7.0909090909,6.6,45.4545454545,12,21,0,10.5,NA,25,6,0,1,2,7,3,3,1,181,8,68,6,118,109,108.2568807339,158,168,94.0476190476,10,5.5454545455,0,19,10,5,domestic_status_unknown,Domestic/foreign classification is not supplied.,10,0,277,117,151,9,79,78,10,0,30,3,66,61,12,38,10,0,https://kathmandupost.com/cricket/2025/08/06/150-players-shortlisted-for-npl-season-2-auction,documented auction/retention pool; contextual ID mapping,Lumbini Lions,0,0,0,0,0,0,1,0,1,0,0,,Unknown,Rohit Paudel,All-rounder,https://lumbinilions.com.np/,Current franchise classification accessed 2026-09-23; historical role not established,retained_marquee,retained_compensation_unknown,NA,https://kathmandupost.com/cricket/2025/08/06/150-players-shortlisted-for-npl-season-2-auction,2025-08-06,https://kathmandupost.com/cricket/2025/08/06/150-players-shortlisted-for-npl-season-2-auction,Historical price is context only. Current season compensation not established.,NA,NA,NA,NA,2000000,"Project-owner assumption: every marquee player receives NPR 2,000,000 in each of 2024/25 and 2025/26. Not independently verified payment evidence.",false,NA,NA,NA,NA,2000000,user_assumed_marquee_salary,7246.376811594203,200000,27.6,34,15.428689006,21.5,10,0.5590104712,2,2,1.2247448714,1,5,0.6123724357,8.95,7.5,6.0373835392,2.75,5,0.6745679932,91.6666666667,6,NA,NA,10,5,NA,NA,91.6666666667,6,NA,NA,30,5,NA,NA,90,5,NA,NA,NA,0,NA,NA,NA,0,NA,NA,NA,0,NA,NA,91.6666666667,6,NA,NA,NA,0,NA,NA,10,5,NA,NA,91.6666666667,6,NA,NA,30,5,NA,NA,90,5,NA,NA,NA,0,NA,NA,NA,0,NA,NA,NA,0,NA,NA,NA,0,NA,NA,NA,0,NA,NA,30,5,NA,NA,70,5,NA,NA,NA,0,NA,NA,NA,0,NA,NA,batting_and_bowling,not_price_verified,npl-2025,NPL 2025 Â· Season 2,lul,80.0207039337,43.016508663,100,77.2817460317,27.3304473304,100,2000000
7ca5e05d,RS Bopara,2025/26,Chitwan Rhinos,Foreign,0,7,7,3,182,48,237,7,0,33.8571428571,33.8571428571,66,130.2197802198,56,30.7692307692,91,10,0,12,13,25,126,13.7362637363,4.2857142857,4,0,24,19,126.3157894737,7,36.8421052632,4,0,129,113,114.1592920354,36,31.8584070796,4,7,84,50,168,13,26,4,6,2,0.6666666667,24,8,69,8.625,34.5,10,20.8333333333,0,0,0,0,4,3,34,14.5833333333,0,0,0,NA,NA,NA,36,48,0,8,NA,13.8888888889,12,21,2,10.5,6,41.6666666667,3,0,0,1,2,5,0,0,117,1,0,0,135,100,135,102,82,124.3902439024,2,7.8333333333,0,11,7,3,domestic_status_unknown,Domestic/foreign classification is not supplied.,7,0,182,19,113,50,48,48,7,0,5,5,36,47,12,22,7,0,https://www.cricnepal.com/tournament/nepal-premier-league-2025-174/squads/chitwan-rhinos-21202,documented season roster; contextual ID mapping,Chitwan Rhinos,0,0,0,0,3,0,0,0,0,0,0,,Unknown,RS Bopara,Unknown,,,not_found,not_found,,,,,,NA,NA,NA,NA,NA,,false,NA,NA,NA,NA,NA,unavailable,NA,NA,33.8571428571,29,27.5464974871,46.5,7,0.8136096304,0.6666666667,1,0.5773502692,0.5,3,0.8660254038,8.8888888889,9.6666666667,2.5891511551,2.5,3,0.2912795049,NA,0,NA,NA,NA,0,NA,NA,NA,0,NA,NA,NA,0,NA,NA,NA,0,NA,NA,NA,0,NA,NA,NA,0,NA,NA,NA,0,NA,NA,NA,0,NA,NA,NA,0,NA,NA,NA,0,NA,NA,NA,0,NA,NA,NA,0,NA,NA,NA,0,NA,NA,NA,0,NA,NA,NA,0,NA,NA,NA,0,NA,NA,NA,0,NA,NA,NA,0,NA,NA,NA,0,NA,NA,NA,0,NA,NA,NA,0,NA,NA,NA,0,NA,NA,batting_and_bowling,not_price_verified,npl-2025,NPL 2025 Â· Season 2,chr,79.512516469,42.5083211983,100,NA,NA,NA,NA
69cccff3,Rashid Khan,2025/26,Kathmandu Gorkhas,Domestic,0,8,6,8,46,129,35,6,0,5.8333333333,5.8333333333,14,76.0869565217,30,65.2173913043,9,3,0,2,2,4,20,8.6956521739,5,4.5,0,27,28,96.4285714286,19,67.8571428571,2,2,8,15,53.3333333333,8,53.3333333333,0,0,0,3,0,3,100,0,0,9,1.125,14.3333333333,21.3,177,8.2325581395,19.6666666667,38,29.4573643411,4,1,3.1007751938,0.7751937984,11,8,92,14.6153846154,24,51,0,12.75,NA,25,60,59,4,5.9,15,26.6666666667,45,67,5,8.9333333333,9,35.5555555556,2,0,0,0,5,3,1,0,27,6,2,1,29,37,78.3783783784,6,9,66.6666666667,4,8,5,8.4347826087,6,8,domestic_status_unknown|team_alias_review,Domestic/foreign classification is not supplied. Kathmandu Gurkhas/Gorkhas uses proposed canonical label Kathmandu Gorkhas; raw label retained.,8,0,46,28,15,3,134,130,19,6,16,16,60,80,69,97,6,0,https://kathmandupost.com/cricket/2025/08/06/150-players-shortlisted-for-npl-season-2-auction,documented auction/retention pool; contextual ID mapping,Kathmandu Gorkhas,0,0,0,0,0,0,1,0,4,1,0,,Unknown,Rashid Khan,Unknown,,,retained,retained_compensation_unknown,NA,https://kathmandupost.com/cricket/2025/08/06/150-players-shortlisted-for-npl-season-2-auction,2025-08-06,https://kathmandupost.com/cricket/2025/08/06/150-players-shortlisted-for-npl-season-2-auction,Historical price is context only. Current season compensation not established.,NA,NA,1000000,1000000,NA,User instruction 2026-09-23: retained players have the same price as 2024 in 2025,false,NA,NA,NA,NA,1000000,user_assumed_retained_price,28571.4285714286,111111.1111111111,5.8333333333,6,4.8339080118,3.75,6,0.8286699449,1.125,1,1.1259916265,2,8,1.0008814457,8.2878289474,9.625,3.5037518423,5.2576754386,8,0.4227587061,16.6666666667,21,NA,NA,3.125,16,NA,NA,2.5,20,NA,NA,3.125,16,NA,NA,68.1818181818,22,NA,NA,38.2352941176,17,NA,NA,71.875,16,NA,NA,71.875,16,NA,NA,64.2857142857,21,NA,NA,69.0476190476,21,NA,NA,25,22,NA,NA,16.6666666667,21,NA,NA,15.625,16,NA,NA,70.4545454545,22,NA,NA,2.9411764706,17,NA,NA,50,17,NA,NA,14.7058823529,17,NA,NA,56.25,8,NA,NA,3.125,16,NA,NA,NA,0,NA,NA,75,18,NA,NA,NA,0,NA,NA,59.0909090909,11,NA,NA,batting_and_bowling,not_price_verified,npl-2025,NPL 2025 Â· Season 2,kag,24.7826086957,0,61.7868039664,61.3095238095,11.3582251082,100,NA
5d5b034f,Rohit Chand,2025/26,Pokhara Avengers,Domestic,0,2,0,1,0,24,0,0,0,NA,NA,NA,NA,0,NA,0,0,0,0,0,0,0,NA,NA,NA,0,0,0,NA,0,NA,0,0,0,0,NA,0,NA,0,0,0,0,NA,0,NA,0,0,1,1,24,4,30,7.5,30,8,33.3333333333,0,0,0,0,1,2,16,12.5,0,0,0,NA,NA,NA,24,30,1,7.5,24,33.3333333333,0,0,0,NA,NA,NA,1,0,0,0,2,0,0,0,0,1,0,0,0,0,NA,0,0,NA,1,7.5,0,NA,0,1,domestic_status_unknown|substitute_only_appearances,Domestic/foreign classification is not supplied. 1 observed matches were not in source squad lists; included in matches_played.,1,1,0,0,0,0,24,24,3,0,8,0,24,30,0,0,0,0,https://www.onlinekhabar.com/wp-content/uploads/2025/08/SBL-NPL-Auction-Pool-2025-Final-Sheet1.pdf,documented auction/retention pool; contextual ID mapping,Pokhara Avengers,0,0,1,NA,0,0,0,0,0,0,0,,Unknown,Rohit Chand,All-rounder,https://www.onlinekhabar.com/wp-content/uploads/2025/08/SBL-NPL-Auction-Pool-2025-Final-Sheet1.pdf,2025 auction pool,not_found,not_found,,,,https://www.onlinekhabar.com/wp-content/uploads/2025/08/SBL-NPL-Auction-Pool-2025-Final-Sheet1.pdf,,NA,NA,NA,NA,NA,,false,NA,NA,NA,NA,NA,unavailable,NA,NA,NA,NA,NA,NA,NA,NA,1,1,NA,0,1,NA,7.5,7.5,NA,0,1,NA,NA,0,NA,NA,NA,0,NA,NA,NA,0,NA,NA,NA,0,NA,NA,NA,0,NA,NA,NA,0,NA,NA,NA,0,NA,NA,NA,0,NA,NA,NA,0,NA,NA,NA,0,NA,NA,NA,0,NA,NA,NA,0,NA,NA,NA,0,NA,NA,NA,0,NA,NA,NA,0,NA,NA,NA,0,NA,NA,NA,0,NA,NA,NA,0,NA,NA,NA,0,NA,NA,NA,0,NA,NA,40,5,NA,NA,NA,0,NA,NA,NA,0,NA,NA,bowling_only,not_price_verified,npl-2025,NPL 2025 Â· Season 2,poa,NA,NA,NA,NA,NA,NA,NA
30b93df1,Rupesh Singh,2025/26,Janakpur Bolts,Domestic,0,6,4,4,26,54,20,2,2,10,5,8,76.9230769231,14,53.8461538462,8,2,0,2,0,2,8,7.6923076923,8.25,8.5,0,0,0,NA,0,NA,0,0,9,12,75,7,58.3333333333,1,0,11,14,78.5714285714,7,50,1,0,3,0.75,18,9,83,9.2222222222,27.6666666667,15,27.7777777778,1,0,1.8518518519,0,4,5,46,16.6666666667,6,15,0,15,NA,33.3333333333,18,22,0,7.3333333333,NA,22.2222222222,30,46,3,9.2,10,30,0,0,2,0,1,5,0,0,0,1,0,0,5,3,166.6666666667,15,23,65.2173913043,3,9.6,0,8.75,4,4,domestic_status_unknown,Domestic/foreign classification is not supplied.,6,0,26,0,12,14,55,54,9,2,4,9,30,48,24,35,4,0,https://kathmandupost.com/cricket/2025/08/06/150-players-shortlisted-for-npl-season-2-auction,documented auction/retention pool; contextual ID mapping,Janakpur Bolts,0,0,0,0,0,0,0,0,1,0,0,,Unknown,Rupesh Singh,Unknown,,,retained,retained_compensation_unknown,NA,https://kathmandupost.com/cricket/2025/08/06/150-players-shortlisted-for-npl-season-2-auction,2025-08-06,https://kathmandupost.com/cricket/2025/08/06/150-players-shortlisted-for-npl-season-2-auction,Historical price is context only. Current season compensation not established.,NA,NA,1000000,1000000,NA,User instruction 2026-09-23: retained players have the same price as 2024 in 2025,false,NA,NA,NA,NA,1000000,user_assumed_retained_price,50000,333333.3333333333,5,5.5,3.1622776602,4,4,0.632455532,0.75,0.5,0.9574271078,1.25,4,1.276569477,9.9166666667,9.3333333333,4.323707257,6.25,4,0.4360040931,7.1428571429,21,NA,NA,NA,0,NA,NA,12.5,20,NA,NA,NA,0,NA,NA,36.3636363636,22,NA,NA,NA,0,NA,NA,NA,0,NA,NA,NA,0,NA,NA,88.0952380952,21,NA,NA,23.8095238095,21,NA,NA,20.4545454545,22,NA,NA,11.9047619048,21,NA,NA,NA,0,NA,NA,45.4545454545,22,NA,NA,NA,0,NA,NA,NA,0,NA,NA,NA,0,NA,NA,NA,0,NA,NA,NA,0,NA,NA,NA,0,NA,NA,NA,0,NA,NA,NA,0,NA,NA,40.9090909091,11,NA,NA,batting_and_bowling,not_price_verified,npl-2025,NPL 2025 Â· Season 2,jab,27.5362318841,0,64.5404271548,45.5357142857,0,95.487012987,NA
8955b928,S Dhakal,2025/26,Pokhara Avengers,Domestic,0,6,2,5,4,87,7,1,1,7,3.5,6,175,2,50,1,0,0,0,1,1,6,25,11,11,0,0,0,NA,0,NA,0,0,0,0,NA,0,NA,0,0,7,4,175,2,50,0,1,3,0.6,29,14.3,135,9.3103448276,45,28,32.183908046,2,0,2.2988505747,0,5,11,86,18.3908045977,24,30,0,7.5,NA,37.5,54,85,3,9.4444444444,18,29.6296296296,9,20,0,13.3333333333,NA,33.3333333333,0,0,0,0,2,4,0,0,0,0,0,0,0,0,NA,7,4,175,1,10.125,2,8.3076923077,2,5,domestic_status_unknown,Domestic/foreign classification is not supplied.,6,0,4,0,0,4,89,87,16,9,16,3,48,81,39,54,2,0,https://kathmandupost.com/cricket/2025/08/06/150-players-shortlisted-for-npl-season-2-auction,documented auction/retention pool; contextual ID mapping,Pokhara Avengers,0,0,0,0,0,0,0,0,2,0,0,,Unknown,Sagar Dhakal,Bowler,https://pokharaavengers.com/our-team,Current franchise classification accessed 2026-09-23; historical role not established,retained,retained_compensation_unknown,NA,https://kathmandupost.com/cricket/2025/08/06/150-players-shortlisted-for-npl-season-2-auction,2025-08-06,https://kathmandupost.com/cricket/2025/08/06/150-players-shortlisted-for-npl-season-2-auction,Historical price is context only. Current season compensation not established.,NA,NA,1500000,1500000,NA,User instruction 2026-09-23: retained players have the same price as 2024 in 2025,false,NA,NA,NA,NA,1500000,user_assumed_retained_price,214285.7142857143,500000,3.5,3.5,3.5355339059,2.5,2,1.0101525446,0.6,0,0.894427191,1,5,1.490711985,9.25,10,1.1456439237,2,5,0.1238533972,NA,0,NA,NA,NA,0,NA,NA,NA,0,NA,NA,NA,0,NA,NA,15,10,NA,NA,16.6666666667,9,NA,NA,5.5555555556,9,NA,NA,16.6666666667,9,NA,NA,NA,0,NA,NA,5,10,NA,NA,75,10,NA,NA,NA,0,NA,NA,NA,0,NA,NA,10,10,NA,NA,16.6666666667,9,NA,NA,72.2222222222,9,NA,NA,61.1111111111,9,NA,NA,NA,0,NA,NA,31.25,8,NA,NA,NA,0,NA,NA,15,10,NA,NA,NA,0,NA,NA,NA,0,NA,NA,batting_and_bowling,not_price_verified,npl-2025,NPL 2025 Â· Season 2,poa,NA,NA,NA,34.623015873,0,84.5743145743,NA
156378d8,S Jora,2025/26,Lumbini Lions,Domestic,0,10,10,0,104,0,115,9,1,12.7777777778,11.5,28,110.5769230769,49,47.572815534,29,9,2,11,3,14,62,13.4615384615,NA,NA,3,46,36,127.7777777778,19,52.7777777778,7,0,38,43,88.3720930233,21,50,2,2,31,25,124,9,36,2,1,0,NA,NA,0,0,NA,NA,0,NA,0,0,NA,NA,0,0,0,NA,0,0,0,NA,NA,NA,0,0,0,NA,NA,NA,0,0,0,NA,NA,NA,7,0,1,0,7,3,3,1,100,0,23,0,8,17,47.0588235294,107,87,122.9885057471,0,NA,0,NA,10,0,domestic_status_unknown|opening_order_unknown,Domestic/foreign classification is not supplied. 3 innings have unknown exact opening order. Position mean/median left NA; times_opened retained.,10,0,103,36,42,25,0,0,0,0,0,0,0,0,0,0,7,3,https://kathmandupost.com/cricket/2025/08/06/150-players-shortlisted-for-npl-season-2-auction,documented auction/retention pool; contextual ID mapping,Lumbini Lions,0,0,0,0,0,0,3,0,0,0,0,,Unknown,Sundeep Jora,Batter,https://lumbinilions.com.np/,Current franchise classification accessed 2026-09-23; historical role not established,retained,retained_compensation_unknown,NA,https://kathmandupost.com/cricket/2025/08/06/150-players-shortlisted-for-npl-season-2-auction,2025-08-06,https://kathmandupost.com/cricket/2025/08/06/150-players-shortlisted-for-npl-season-2-auction,Historical price is context only. Current season compensation not established.,NA,NA,1500000,1500000,NA,User instruction 2026-09-23: retained players have the same price as 2024 in 2025,false,NA,NA,NA,NA,1500000,user_assumed_retained_price,13043.4782608696,NA,11.5,7,11.9745099645,23.5,10,1.041261736,NA,NA,NA,NA,NA,NA,NA,NA,NA,NA,NA,NA,56.25,8,NA,NA,75,6,NA,NA,31.25,8,NA,NA,41.6666666667,6,NA,NA,NA,0,NA,NA,NA,0,NA,NA,NA,0,NA,NA,NA,0,NA,NA,56.25,8,NA,NA,NA,0,NA,NA,NA,0,NA,NA,31.25,8,NA,NA,75,6,NA,NA,NA,0,NA,NA,NA,0,NA,NA,NA,0,NA,NA,NA,0,NA,NA,92.8571428571,7,NA,NA,NA,0,NA,NA,50,5,NA,NA,NA,0,NA,NA,NA,0,NA,NA,NA,0,NA,NA,batting_only,not_price_verified,npl-2025,NPL 2025 Â· Season 2,lul,32.4016563147,0,69.4058515855,NA,NA,NA,NA
fd0e5582,S Kansakar,2025/26,Janakpur Bolts,Domestic,0,4,3,0,18,0,15,3,0,5,5,11,83.3333333333,8,44.4444444444,7,2,0,1,0,1,4,5.5555555556,5,5,0,5,4,125,2,50,1,0,10,13,76.9230769231,5,38.4615384615,0,0,0,1,0,1,100,0,0,0,NA,NA,0,0,NA,NA,0,NA,0,0,NA,NA,0,0,0,NA,0,0,0,NA,NA,NA,0,0,0,NA,NA,NA,0,0,0,NA,NA,NA,1,0,0,0,1,3,0,0,0,0,0,0,11,16,68.75,4,2,200,0,NA,0,NA,3,0,domestic_status_unknown,Domestic/foreign classification is not supplied.,4,0,18,4,13,1,0,0,0,0,0,0,0,0,0,0,3,0,https://kathmandupost.com/cricket/2025/08/06/150-players-shortlisted-for-npl-season-2-auction,documented auction/retention pool; contextual ID mapping,Janakpur Bolts,0,0,0,0,0,0,1,0,0,0,0,,Unknown,Shubh Kansakar,Unknown,,,retained,retained_compensation_unknown,NA,https://kathmandupost.com/cricket/2025/08/06/150-players-shortlisted-for-npl-season-2-auction,2025-08-06,https://kathmandupost.com/cricket/2025/08/06/150-players-shortlisted-for-npl-season-2-auction,Historical price is context only. Current season compensation not established.,NA,NA,500000,500000,NA,User instruction 2026-09-23: retained players have the same price as 2024 in 2025,false,NA,NA,NA,NA,500000,user_assumed_retained_price,33333.3333333333,NA,5,4,5.5677643628,5.5,3,1.1135528726,NA,NA,NA,NA,NA,NA,NA,NA,NA,NA,NA,NA,NA,0,NA,NA,NA,0,NA,NA,NA,0,NA,NA,NA,0,NA,NA,NA,0,NA,NA,NA,0,NA,NA,NA,0,NA,NA,NA,0,NA,NA,NA,0,NA,NA,NA,0,NA,NA,NA,0,NA,NA,NA,0,NA,NA,NA,0,NA,NA,NA,0,NA,NA,NA,0,NA,NA,NA,0,NA,NA,NA,0,NA,NA,NA,0,NA,NA,NA,0,NA,NA,NA,0,NA,NA,NA,0,NA,NA,NA,0,NA,NA,NA,0,NA,NA,batting_only,not_price_verified,npl-2025,NPL 2025 Â· Season 2,jab,NA,NA,NA,NA,NA,NA,NA
b410bd3d,S Lamichhane,2025/26,Biratnagar Kings,Domestic,0,9,7,9,20,216,31,2,5,15.5,4.4285714286,9,155,7,35,7,1,0,4,1,5,22,25,9.1428571429,9,0,0,0,NA,0,NA,0,0,6,9,66.6666666667,3,33.3333333333,0,0,25,11,227.2727272727,4,36.3636363636,4,1,17,1.8888888889,12.7058823529,36,177,4.9166666667,10.4117647059,91,42.1296296296,4,0,1.8518518519,0,7,2,40,4.1666666667,0,0,0,NA,NA,NA,168,135,10,4.8214285714,16.8,42.2619047619,48,42,7,5.25,6.8571428571,41.6666666667,2,0,0,1,5,4,2,0,15,11,6,2,6,2,300,25,18,138.8888888889,9,5.3333333333,8,4.0833333333,7,9,domestic_status_unknown,Domestic/foreign classification is not supplied.,9,0,20,0,9,11,220,216,9,0,71,20,144,128,72,49,7,0,https://kathmandupost.com/cricket/2025/08/06/150-players-shortlisted-for-npl-season-2-auction,documented auction/retention pool; contextual ID mapping,Biratnagar Kings,0,0,0,1,0,0,0,0,4,0,0,,Unknown,Sandeep Lamichhane,Unknown,,,retained_marquee,retained_compensation_unknown,NA,https://kathmandupost.com/cricket/2025/08/06/150-players-shortlisted-for-npl-season-2-auction,2025-08-06,https://kathmandupost.com/cricket/2025/08/06/150-players-shortlisted-for-npl-season-2-auction,Historical price is context only. Current season compensation not established.,NA,NA,NA,NA,2000000,"Project-owner assumption: every marquee player receives NPR 2,000,000 in each of 2024/25 and 2025/26. Not independently verified payment evidence.",false,NA,NA,NA,NA,2000000,user_assumed_marquee_salary,64516.12903225807,117647.05882352941,4.4285714286,4,2.8784916685,3,7,0.6499819897,1.8888888889,2,1.1666666667,1,9,0.6176470588,4.9166666667,5,1.1592023119,1.5,9,0.2357699617,11.9047619048,21,NA,NA,NA,0,NA,NA,47.5,20,NA,NA,NA,0,NA,NA,95.4545454545,22,NA,NA,97.0588235294,17,NA,NA,90.625,16,NA,NA,96.875,16,NA,NA,73.8095238095,21,NA,NA,92.8571428571,21,NA,NA,84.0909090909,22,NA,NA,7.1428571429,21,NA,NA,NA,0,NA,NA,95.4545454545,22,NA,NA,79.4117647059,17,NA,NA,73.5294117647,17,NA,NA,58.8235294118,17,NA,NA,NA,0,NA,NA,NA,0,NA,NA,NA,0,NA,NA,97.2222222222,18,NA,NA,NA,0,NA,NA,95.4545454545,11,NA,NA,batting_and_bowling,not_price_verified,npl-2025,NPL 2025 Â· Season 2,bik,19.5652173913,0,56.5694126621,82.1428571429,32.1915584416,100,2000000
f0b3e7ee,S Maharjan,2025/26,Lumbini Lions,Domestic,0,6,6,0,39,0,32,6,0,5.3333333333,5.3333333333,18,82.0512820513,23,58.9743589744,9,2,1,4,0,4,16,10.2564102564,NA,NA,4,26,25,104,13,52,4,0,6,14,42.8571428571,10,71.4285714286,0,0,0,0,NA,0,NA,0,0,0,NA,NA,0,0,NA,NA,0,NA,0,0,NA,NA,0,0,0,NA,0,0,0,NA,NA,NA,0,0,0,NA,NA,NA,0,0,0,NA,NA,NA,0,0,0,0,3,3,0,0,10,0,0,0,22,24,91.6666666667,10,15,66.6666666667,0,NA,0,NA,6,0,domestic_status_unknown|opening_order_unknown,Domestic/foreign classification is not supplied. 4 innings have unknown exact opening order. Position mean/median left NA; times_opened retained.,6,0,39,25,14,0,0,0,0,0,0,0,0,0,0,0,2,4,https://www.onlinekhabar.com/wp-content/uploads/2025/08/SBL-NPL-Auction-Pool-2025-Final-Sheet1.pdf,documented auction/retention pool; contextual ID mapping,Lumbini Lions,0,0,0,0,0,0,3,0,0,0,0,,Unknown,Sumit Maharjan,Batter,https://www.onlinekhabar.com/wp-content/uploads/2025/08/SBL-NPL-Auction-Pool-2025-Final-Sheet1.pdf,2025 auction pool,not_found,not_found,,,,https://www.onlinekhabar.com/wp-content/uploads/2025/08/SBL-NPL-Auction-Pool-2025-Final-Sheet1.pdf,,NA,NA,NA,NA,NA,,false,NA,NA,NA,NA,NA,unavailable,NA,NA,5.3333333333,2,7.3393914371,8.5,6,1.3761358945,NA,NA,NA,NA,NA,NA,NA,NA,NA,NA,NA,NA,18.75,8,NA,NA,NA,0,NA,NA,6.25,8,NA,NA,NA,0,NA,NA,NA,0,NA,NA,NA,0,NA,NA,NA,0,NA,NA,NA,0,NA,NA,6.25,8,NA,NA,NA,0,NA,NA,NA,0,NA,NA,18.75,8,NA,NA,NA,0,NA,NA,NA,0,NA,NA,NA,0,NA,NA,NA,0,NA,NA,NA,0,NA,NA,64.2857142857,7,NA,NA,NA,0,NA,NA,NA,0,NA,NA,NA,0,NA,NA,NA,0,NA,NA,NA,0,NA,NA,batting_only,not_price_verified,npl-2025,NPL 2025 Â· Season 2,lul,23.9130434783,0,60.917238749,NA,NA,NA,NA
1daa8927,S Malla,2025/26,Lumbini Lions,Domestic,0,10,6,10,30,216,46,3,3,15.3333333333,7.6666666667,27,153.3333333333,9,30,14,2,0,1,4,5,28,16.6666666667,8.6666666667,9,0,0,0,NA,0,NA,0,0,7,13,53.8461538462,7,53.8461538462,0,0,39,17,229.4117647059,2,11.7647058824,1,4,17,1.7,12.7058823529,36,234,6.5,13.7647058824,94,43.5185185185,1,0,0.462962963,0,15,12,132,12.5,96,111,10,6.9375,9.6,56.25,108,116,6,6.4444444444,18,32.4074074074,12,7,1,3.5,12,41.6666666667,4,0,0,2,7,3,3,1,8,14,7,7,18,11,163.6363636364,28,19,147.3684210526,15,5.7857142857,2,9,6,10,domestic_status_unknown,Domestic/foreign classification is not supplied.,10,0,30,0,13,17,217,216,27,54,35,5,168,162,48,72,6,0,https://kathmandupost.com/cricket/2025/08/10/mohammad-adil-alam-steals-the-spotlight-in-npl-season-2-auction,documented auction/retention pool; contextual ID mapping,Lumbini Lions,0,0,0,0,0,0,0,0,1,0,0,,Unknown,Sher Malla,Bowler,https://www.onlinekhabar.com/wp-content/uploads/2025/08/SBL-NPL-Auction-Pool-2025-Final-Sheet1.pdf,2025 auction pool,auction,exact_auction_price,B,https://kathmandupost.com/cricket/2025/08/10/mohammad-adil-alam-steals-the-spotlight-in-npl-season-2-auction,2025-08-10,https://kathmandupost.com/cricket/2025/08/10/mohammad-adil-alam-steals-the-spotlight-in-npl-season-2-auction,NPR; reported clearing price. Base-price purchases use category price explicitly reported in auction result.,1000000,NA,NA,NA,NA,,true,21739.1304347826,58823.5294117647,NA,NA,1000000,reported_exact_auction,21739.1304347826,58823.5294117647,7.6666666667,5.5,9.9129544873,5.25,6,1.2929940636,1.7,2,1.1595018087,1.75,10,0.6820598875,6.9916666667,6,2.4019186004,2.8125,10,0.3435402051,NA,0,NA,NA,NA,0,NA,NA,NA,0,NA,NA,NA,0,NA,NA,95,10,60,30,72.2222222222,9,NA,NA,83.3333333333,9,NA,NA,94.4444444444,9,NA,NA,NA,0,NA,NA,75,10,60,-10,45,10,60,-10,NA,0,NA,NA,NA,0,NA,NA,95,10,60,30,50,9,NA,NA,83.3333333333,9,NA,NA,61.1111111111,9,NA,NA,NA,0,NA,NA,43.75,8,NA,NA,NA,0,NA,NA,65,10,66.6666666667,8.3333333333,NA,0,NA,NA,NA,0,NA,NA,batting_and_bowling,contextual_manual_match,npl-2025,NPL 2025 Â· Season 2,lul,26.5217391304,0,63.5259344012,81.25,31.2987012987,100,NA
0b74c729,S Patel,2025/26,Biratnagar Kings,Domestic,0,2,2,0,27,0,22,2,0,11,11,19,81.4814814815,12,44.4444444444,12,2,0,0,1,1,6,3.7037037037,6.5,6.5,0,5,8,62.5,4,50,0,0,14,16,87.5,7,43.75,0,1,3,3,100,1,33.3333333333,0,0,0,NA,NA,0,0,NA,NA,0,NA,0,0,NA,NA,0,0,0,NA,0,0,0,NA,NA,NA,0,0,0,NA,NA,NA,0,0,0,NA,NA,NA,0,1,1,0,1,1,0,0,19,0,0,0,3,3,100,19,24,79.1666666667,0,NA,0,NA,2,0,domestic_status_unknown,Domestic/foreign classification is not supplied.,2,0,27,8,16,3,0,0,0,0,0,0,0,0,0,0,2,0,https://kathmandupost.com/cricket/2025/08/10/mohammad-adil-alam-steals-the-spotlight-in-npl-season-2-auction,documented auction/retention pool; contextual ID mapping,Biratnagar Kings,0,0,0,0,0,0,0,0,0,0,0,,Unknown,Sahil Patel,Wicketkeeper-batter,https://www.onlinekhabar.com/wp-content/uploads/2025/08/SBL-NPL-Auction-Pool-2025-Final-Sheet1.pdf,2025 auction pool,auction,exact_auction_price,B,https://kathmandupost.com/cricket/2025/08/10/mohammad-adil-alam-steals-the-spotlight-in-npl-season-2-auction,2025-08-10,https://kathmandupost.com/cricket/2025/08/10/mohammad-adil-alam-steals-the-spotlight-in-npl-season-2-auction,NPR; reported clearing price. Base-price purchases use category price explicitly reported in auction result.,500000,NA,NA,NA,NA,,true,22727.2727272727,NA,NA,NA,500000,reported_exact_auction,22727.2727272727,NA,11,11,11.313708499,8,2,1.0285189545,NA,NA,NA,NA,NA,NA,NA,NA,NA,NA,NA,NA,NA,0,NA,NA,NA,0,NA,NA,NA,0,NA,NA,NA,0,NA,NA,NA,0,NA,NA,NA,0,NA,NA,NA,0,NA,NA,NA,0,NA,NA,NA,0,NA,NA,NA,0,NA,NA,NA,0,NA,NA,NA,0,NA,NA,NA,0,NA,NA,NA,0,NA,NA,NA,0,NA,NA,NA,0,NA,NA,NA,0,NA,NA,NA,0,NA,NA,NA,0,NA,NA,NA,0,NA,NA,NA,0,NA,NA,NA,0,NA,NA,NA,0,NA,NA,batting_only,contextual_manual_match,npl-2025,NPL 2025 Â· Season 2,bik,NA,NA,NA,NA,NA,NA,NA
ab01e323,SA Zaib,2025/26,Chitwan Rhinos,Foreign,0,7,7,7,87,138,116,7,0,16.5714285714,16.5714285714,38,133.3333333333,35,40.2298850575,32,6,0,6,8,14,72,16.091954023,4.2857142857,4,0,20,25,80,12,48,2,0,57,46,123.9130434783,18,39.1304347826,0,5,39,16,243.75,5,31.25,4,3,5,0.7142857143,27.6,23,153,6.652173913,30.6,54,39.1304347826,0,0,0,0,9,7,78,11.5942028986,18,13,0,4.3333333333,NA,50,108,131,4,7.2777777778,27,37.962962963,12,9,1,4.5,12,33.3333333333,1,0,1,0,2,5,0,0,70,2,0,0,71,60,118.3333333333,45,27,166.6666666667,3,7,2,6.3846153846,7,7,domestic_status_unknown,Domestic/foreign classification is not supplied.,7,0,87,25,46,16,138,138,16,9,41,4,60,70,78,83,7,0,https://www.cricnepal.com/tournament/nepal-premier-league-2025-174/squads/chitwan-rhinos-21202,documented season roster; contextual ID mapping,Chitwan Rhinos,0,0,0,0,0,0,0,0,0,0,0,,Unknown,SA Zaib,Unknown,,,not_found,not_found,,,,,,NA,NA,NA,NA,NA,,false,NA,NA,NA,NA,NA,unavailable,NA,NA,16.5714285714,15,13.818552057,18,7,0.8338781414,0.7142857143,1,0.755928946,1,7,1.0583005244,6.8214285714,6.5,2.329574637,2.4583333333,7,0.3415083238,NA,0,NA,NA,NA,0,NA,NA,NA,0,NA,NA,NA,0,NA,NA,NA,0,NA,NA,NA,0,NA,NA,NA,0,NA,NA,NA,0,NA,NA,NA,0,NA,NA,NA,0,NA,NA,NA,0,NA,NA,NA,0,NA,NA,NA,0,NA,NA,NA,0,NA,NA,NA,0,NA,NA,NA,0,NA,NA,NA,0,NA,NA,NA,0,NA,NA,NA,0,NA,NA,NA,0,NA,NA,NA,0,NA,NA,NA,0,NA,NA,NA,0,NA,NA,batting_and_bowling,not_price_verified,npl-2025,NPL 2025 Â· Season 2,chr,50.9222661397,13.9180708689,87.9264614104,40.3409090909,0,90.2922077922,NA
fef92afc,SC Kuggeleijn,2025/26,Sudur Paschim Royals,Foreign,0,8,5,8,26,156,30,4,1,7.5,6,10,115.3846153846,11,42.3076923077,12,0,0,0,3,3,18,11.5384615385,8,8,0,0,0,NA,0,NA,0,0,1,1,100,0,0,0,0,29,25,116,11,44,0,3,10,1.25,15.6,26,157,6.0384615385,15.7,81,51.9230769231,6,0,3.8461538462,0,18,3,90,13.4615384615,96,101,3,6.3125,32,53.125,12,4,2,2,6,66.6666666667,48,52,5,6.5,9.6,45.8333333333,7,0,2,0,7,1,2,1,20,10,11,2,30,26,115.3846153846,0,0,NA,4,6.25,6,5.9444444444,5,8,domestic_status_unknown,Domestic/foreign classification is not supplied.,8,0,26,0,1,25,162,156,21,51,8,22,48,50,108,107,5,0,https://www.cricnepal.com/tournament/nepal-premier-league-2025-174/squads/sudurpaschim-royals-028-21136,documented season roster; contextual ID mapping,Sudur Paschim Royals,0,0,0,0,0,0,0,0,6,0,0,,Unknown,SC Kuggeleijn,Unknown,,,not_found,not_found,,,,,,NA,NA,NA,NA,NA,,false,NA,NA,NA,NA,NA,unavailable,NA,NA,6,8,4.6368092477,9,5,0.7728015413,1.25,1,1.035098339,1.25,8,0.8280786712,6.375,6.5,2.8598201742,3.1875,8,0.448599243,NA,0,NA,NA,NA,0,NA,NA,NA,0,NA,NA,NA,0,NA,NA,NA,0,NA,NA,NA,0,NA,NA,NA,0,NA,NA,NA,0,NA,NA,NA,0,NA,NA,NA,0,NA,NA,NA,0,NA,NA,NA,0,NA,NA,NA,0,NA,NA,NA,0,NA,NA,NA,0,NA,NA,NA,0,NA,NA,NA,0,NA,NA,NA,0,NA,NA,NA,0,NA,NA,NA,0,NA,NA,NA,0,NA,NA,NA,0,NA,NA,NA,0,NA,NA,batting_and_bowling,not_price_verified,npl-2025,NPL 2025 Â· Season 2,spr,27.4557165862,0,64.4599118569,63.6904761905,13.7391774892,100,NA
e00a9155,SD Heazlett,2025/26,Biratnagar Kings,Foreign,0,6,6,4,100,48,150,6,0,25,25,51,150,38,38,36,6,0,9,11,20,102,20,NA,NA,2,95,64,148.4375,30,46.875,6,8,55,36,152.7777777778,8,22.2222222222,3,3,0,0,NA,0,NA,0,0,1,0.25,48,8,69,8.625,69,12,25,1,0,2.0833333333,0,4,3,34,14.5833333333,6,5,0,5,NA,33.3333333333,36,50,1,8.3333333333,36,25,6,14,0,14,NA,16.6666666667,11,0,0,0,2,4,2,0,67,0,34,1,27,20,135,123,80,153.75,1,8.625,0,NA,6,4,domestic_status_unknown|opening_order_unknown,Domestic/foreign classification is not supplied. 2 innings have unknown exact opening order. Position mean/median left NA; times_opened retained.,6,0,100,64,36,0,49,48,7,2,9,1,48,69,0,0,4,2,https://www.cricnepal.com/tournament/nepal-premier-league-2025-174/squads/biratnagar-kings-026-22561,documented season roster; contextual ID mapping,Biratnagar Kings,0,0,0,0,1,0,1,0,1,0,0,,Unknown,SD Heazlett,Unknown,,,not_found,not_found,,,,,,NA,NA,NA,NA,NA,,false,NA,NA,NA,NA,NA,unavailable,NA,NA,25,24.5,17.1813852759,14.75,6,0.687255411,0.25,0,0.5,0.25,4,2,8.875,8.75,1.75,2.125,4,0.1971830986,NA,0,NA,NA,NA,0,NA,NA,NA,0,NA,NA,NA,0,NA,NA,NA,0,NA,NA,NA,0,NA,NA,NA,0,NA,NA,NA,0,NA,NA,NA,0,NA,NA,NA,0,NA,NA,NA,0,NA,NA,NA,0,NA,NA,NA,0,NA,NA,NA,0,NA,NA,NA,0,NA,NA,NA,0,NA,NA,NA,0,NA,NA,NA,0,NA,NA,NA,0,NA,NA,NA,0,NA,NA,NA,0,NA,NA,NA,0,NA,NA,NA,0,NA,NA,batting_and_bowling,not_price_verified,npl-2025,NPL 2025 Â· Season 2,bik,71.7391304348,34.734935164,100,29.4642857143,0,79.4155844156,NA
f5138f72,SK Chettri,2025/26,Pokhara Avengers,Domestic,0,2,1,1,4,6,2,0,1,NA,2,2,50,2,50,2,0,0,0,0,0,0,0,8,8,0,0,0,NA,0,NA,0,0,0,0,NA,0,NA,0,0,2,4,50,2,50,0,0,1,1,6,1,5,5,5,4,66.6666666667,3,0,50,0,0,0,0,0,0,0,0,NA,NA,NA,6,5,1,5,6,66.6666666667,0,0,0,NA,NA,NA,1,0,0,0,1,1,0,0,0,1,0,0,0,0,NA,2,4,50,0,NA,1,5,1,1,domestic_status_unknown,Domestic/foreign classification is not supplied.,2,0,4,0,0,4,9,6,0,0,4,0,0,0,6,5,1,0,https://kathmandupost.com/cricket/2025/08/10/mohammad-adil-alam-steals-the-spotlight-in-npl-season-2-auction,documented auction/retention pool; contextual ID mapping,Pokhara Avengers,0,0,0,1,0,0,0,0,3,0,0,,Unknown,Sandeep Khatri Chhetri,Batter,https://www.onlinekhabar.com/wp-content/uploads/2025/08/SBL-NPL-Auction-Pool-2025-Final-Sheet1.pdf,2025 auction pool,auction,exact_auction_price,C,https://kathmandupost.com/cricket/2025/08/10/mohammad-adil-alam-steals-the-spotlight-in-npl-season-2-auction,2025-08-10,https://kathmandupost.com/cricket/2025/08/10/mohammad-adil-alam-steals-the-spotlight-in-npl-season-2-auction,NPR; reported clearing price. Base-price purchases use category price explicitly reported in auction result.,200000,NA,NA,NA,NA,,true,100000,200000,NA,NA,200000,reported_exact_auction,100000,200000,2,2,NA,0,1,NA,1,1,NA,0,1,NA,5,5,NA,0,1,NA,NA,0,NA,NA,NA,0,NA,NA,NA,0,NA,NA,NA,0,NA,NA,NA,0,NA,NA,NA,0,NA,NA,NA,0,NA,NA,NA,0,NA,NA,NA,0,NA,NA,NA,0,NA,NA,NA,0,NA,NA,NA,0,NA,NA,NA,0,NA,NA,NA,0,NA,NA,NA,0,NA,NA,NA,0,NA,NA,NA,0,NA,NA,NA,0,NA,NA,NA,0,NA,NA,NA,0,NA,NA,NA,0,NA,NA,NA,0,NA,NA,NA,0,NA,NA,batting_and_bowling,contextual_manual_match,npl-2025,NPL 2025 Â· Season 2,poa,NA,NA,NA,NA,NA,NA,NA
26b6a4e9,SL Verma,2025/26,Pokhara Avengers,Unknown,0,3,3,2,41,42,56,2,1,28,18.6666666667,50,136.5853658537,14,34.1463414634,18,3,0,2,4,6,32,14.6341463415,4.6666666667,4,0,0,4,0,4,100,0,0,23,23,100,7,30.4347826087,0,1,33,14,235.7142857143,3,21.4285714286,2,3,2,1,21,7,53,7.5714285714,26.5,21,50,0,0,0,0,2,5,38,16.6666666667,30,30,2,6,15,56.6666666667,12,23,0,11.5,NA,33.3333333333,0,0,0,NA,NA,NA,2,0,0,1,1,2,0,0,50,2,0,0,50,34,147.0588235294,6,7,85.7142857143,0,NA,2,7.5714285714,3,2,domestic_status_unknown,Domestic/foreign classification is not supplied.,3,0,41,4,23,14,42,42,7,17,4,0,0,0,42,53,3,0,,Unknown,Pokhara Avengers,0,0,0,1,1,0,1,0,0,0,0,,Unknown,SL Verma,Unknown,,,not_found,not_found,,,,,,NA,NA,NA,NA,NA,,false,NA,NA,NA,NA,NA,unavailable,NA,NA,18.6666666667,6,27.3007936393,25,3,1.4625425164,1,1,1.4142135624,1,2,1.4142135624,7.4166666667,7.4166666667,1.5320646926,1.0833333333,2,0.2065705203,NA,0,NA,NA,NA,0,NA,NA,NA,0,NA,NA,NA,0,NA,NA,NA,0,NA,NA,NA,0,NA,NA,NA,0,NA,NA,NA,0,NA,NA,NA,0,NA,NA,NA,0,NA,NA,NA,0,NA,NA,NA,0,NA,NA,NA,0,NA,NA,NA,0,NA,NA,NA,0,NA,NA,NA,0,NA,NA,NA,0,NA,NA,NA,0,NA,NA,NA,0,NA,NA,NA,0,NA,NA,NA,0,NA,NA,NA,0,NA,NA,NA,0,NA,NA,batting_and_bowling,not_price_verified,npl-2025,NPL 2025 Â· Season 2,poa,NA,NA,NA,NA,NA,NA,NA
d28f4d1c,SMLD Samarakoon,2025/26,Janakpur Bolts,Foreign,0,1,1,1,21,6,22,1,0,22,22,22,104.7619047619,10,47.619047619,8,1,0,0,2,2,12,9.5238095238,7,7,0,0,0,NA,0,NA,0,0,2,5,40,3,60,0,0,20,16,125,7,43.75,0,2,0,0,NA,1,6,6,NA,1,16.6666666667,0,0,0,0,0,0,0,0,0,0,0,NA,NA,NA,6,6,0,6,NA,16.6666666667,0,0,0,NA,NA,NA,0,0,0,0,0,1,0,0,0,0,0,0,22,21,104.7619047619,0,0,NA,0,NA,0,6,1,1,domestic_status_unknown,Domestic/foreign classification is not supplied.,1,0,21,0,5,16,6,6,0,0,1,0,0,0,6,6,1,0,https://www.cricnepal.com/tournament/nepal-premier-league-2025-174/squads/janakpur-bolts-034-20944,documented season roster; contextual ID mapping,Janakpur Bolts,0,0,0,0,0,0,0,0,0,0,0,,Unknown,SMLD Samarakoon,Unknown,,,not_found,not_found,,,,,,NA,NA,NA,NA,NA,,false,NA,NA,NA,NA,NA,unavailable,NA,NA,22,22,NA,0,1,NA,0,0,NA,0,1,NA,6,6,NA,0,1,NA,NA,0,NA,NA,NA,0,NA,NA,NA,0,NA,NA,NA,0,NA,NA,NA,0,NA,NA,NA,0,NA,NA,NA,0,NA,NA,NA,0,NA,NA,NA,0,NA,NA,NA,0,NA,NA,NA,0,NA,NA,NA,0,NA,NA,NA,0,NA,NA,NA,0,NA,NA,NA,0,NA,NA,NA,0,NA,NA,NA,0,NA,NA,NA,0,NA,NA,NA,0,NA,NA,NA,0,NA,NA,NA,0,NA,NA,NA,0,NA,NA,NA,0,NA,NA,batting_and_bowling,not_price_verified,npl-2025,NPL 2025 Â· Season 2,jab,NA,NA,NA,NA,NA,NA,NA
acc1aeda,SP Jackson,2025/26,Sudur Paschim Royals,Foreign,0,2,2,0,14,0,21,2,0,10.5,10.5,20,150,5,35.7142857143,5,1,0,2,1,3,14,21.4285714286,3,3,0,12,9,133.3333333333,3,33.3333333333,2,0,9,5,180,2,40,0,1,0,0,NA,0,NA,0,0,0,NA,NA,0,0,NA,NA,0,NA,0,0,NA,NA,0,0,0,NA,0,0,0,NA,NA,NA,0,0,0,NA,NA,NA,0,0,0,NA,NA,NA,1,0,0,0,1,1,2,1,20,0,21,0,21,14,150,0,0,NA,0,NA,0,NA,2,0,domestic_status_unknown,Domestic/foreign classification is not supplied.,2,0,14,9,5,0,0,0,0,0,0,0,0,0,0,0,2,0,https://www.cricnepal.com/tournament/nepal-premier-league-2025-174/squads/sudurpaschim-royals-028-21136,documented season roster; contextual ID mapping,Sudur Paschim Royals,0,0,0,0,0,0,0,0,0,0,0,,Unknown,SP Jackson,Unknown,,,not_found,not_found,,,,,,NA,NA,NA,NA,NA,,false,NA,NA,NA,NA,NA,unavailable,NA,NA,10.5,10.5,13.4350288425,9.5,2,1.2795265564,NA,NA,NA,NA,NA,NA,NA,NA,NA,NA,NA,NA,NA,0,NA,NA,NA,0,NA,NA,NA,0,NA,NA,NA,0,NA,NA,NA,0,NA,NA,NA,0,NA,NA,NA,0,NA,NA,NA,0,NA,NA,NA,0,NA,NA,NA,0,NA,NA,NA,0,NA,NA,NA,0,NA,NA,NA,0,NA,NA,NA,0,NA,NA,NA,0,NA,NA,NA,0,NA,NA,NA,0,NA,NA,NA,0,NA,NA,NA,0,NA,NA,NA,0,NA,NA,NA,0,NA,NA,NA,0,NA,NA,NA,0,NA,NA,batting_only,not_price_verified,npl-2025,NPL 2025 Â· Season 2,spr,NA,NA,NA,NA,NA,NA,NA
3b8e7647,SP Krishnamurthi,2025/26,Janakpur Bolts,Foreign,0,7,7,7,131,121,167,6,1,27.8333333333,23.8571428571,51,127.4809160305,45,34.3511450382,61,6,0,10,9,19,94,14.5038167939,5,5,0,9,11,81.8181818182,6,54.5454545455,1,0,135,95,142.1052631579,27,28.4210526316,6,9,23,25,92,12,48,3,0,6,0.8571428571,20.1666666667,20.1,133,6.5950413223,22.1666666667,42,34.7107438017,1,0,0.826446281,0,5,6,56,9.0909090909,36,34,1,5.6666666667,36,50,66,76,3,6.9090909091,22,28.7878787879,19,23,2,7.2631578947,9.5,26.3157894737,4,0,0,0,1,6,0,0,5,0,0,0,66,55,120,101,76,132.8947368421,3,6.3846153846,3,6.976744186,7,7,domestic_status_unknown,Domestic/foreign classification is not supplied.,7,0,131,11,95,25,122,121,11,18,19,5,78,83,43,50,7,0,https://www.cricnepal.com/tournament/nepal-premier-league-2025-174/squads/janakpur-bolts-034-20944,documented season roster; contextual ID mapping,Janakpur Bolts,0,0,0,0,2,0,0,0,1,0,0,,Unknown,SP Krishnamurthi,Unknown,,,not_found,not_found,,,,,,NA,NA,NA,NA,NA,,false,NA,NA,NA,NA,NA,unavailable,NA,NA,23.8571428571,20,19.8614246839,28,7,0.8325148071,0.8571428571,1,1.0690449676,1,7,1.2472191289,6.6397243108,5.6666666667,1.4148038478,2.3640350877,7,0.2130817157,NA,0,NA,NA,NA,0,NA,NA,NA,0,NA,NA,NA,0,NA,NA,NA,0,NA,NA,NA,0,NA,NA,NA,0,NA,NA,NA,0,NA,NA,NA,0,NA,NA,NA,0,NA,NA,NA,0,NA,NA,NA,0,NA,NA,NA,0,NA,NA,NA,0,NA,NA,NA,0,NA,NA,NA,0,NA,NA,NA,0,NA,NA,NA,0,NA,NA,NA,0,NA,NA,NA,0,NA,NA,NA,0,NA,NA,NA,0,NA,NA,NA,0,NA,NA,batting_and_bowling,not_price_verified,npl-2025,NPL 2025 Â· Season 2,jab,71.2121212121,34.2079259413,100,52.8409090909,2.8896103896,100,NA
312f21e7,Sachin Bhatt,2025/26,Janakpur Bolts,Domestic,0,2,0,2,0,24,0,0,0,NA,NA,NA,NA,0,NA,0,0,0,0,0,0,0,NA,NA,NA,0,0,0,NA,0,NA,0,0,0,0,NA,0,NA,0,0,0,0,NA,0,NA,0,0,0,0,NA,4,43,10.75,NA,6,25,2,0,8.3333333333,0,1,4,28,20.8333333333,0,0,0,NA,NA,NA,24,43,0,10.75,NA,25,0,0,0,NA,NA,NA,0,0,0,0,1,1,0,0,0,0,0,0,0,0,NA,0,0,NA,0,12.5,0,9,0,2,domestic_status_unknown,Domestic/foreign classification is not supplied.,2,0,0,0,0,0,26,24,5,0,6,0,12,25,12,18,0,0,https://kathmandupost.com/cricket/2025/08/10/mohammad-adil-alam-steals-the-spotlight-in-npl-season-2-auction,documented auction/retention pool; contextual ID mapping,Janakpur Bolts,0,0,0,NA,0,0,0,0,2,0,0,,Unknown,Sachin Bhatta,Bowler,https://www.onlinekhabar.com/wp-content/uploads/2025/08/SBL-NPL-Auction-Pool-2025-Final-Sheet1.pdf,2025 auction pool,auction,exact_auction_price,C,https://kathmandupost.com/cricket/2025/08/10/mohammad-adil-alam-steals-the-spotlight-in-npl-season-2-auction,2025-08-10,https://kathmandupost.com/cricket/2025/08/10/mohammad-adil-alam-steals-the-spotlight-in-npl-season-2-auction,NPR; reported clearing price. Base-price purchases use category price explicitly reported in auction result.,200000,NA,NA,NA,NA,,true,NA,NA,NA,NA,200000,reported_exact_auction,NA,NA,NA,NA,NA,NA,NA,NA,0,0,0,0,2,NA,10.75,10.75,2.4748737342,1.75,2,0.2302208125,NA,0,NA,NA,NA,0,NA,NA,NA,0,NA,NA,NA,0,NA,NA,NA,0,NA,NA,NA,0,NA,NA,NA,0,NA,NA,NA,0,NA,NA,NA,0,NA,NA,NA,0,NA,NA,NA,0,NA,NA,NA,0,NA,NA,NA,0,NA,NA,NA,0,NA,NA,NA,0,NA,NA,NA,0,NA,NA,NA,0,NA,NA,NA,0,NA,NA,NA,0,NA,NA,NA,0,NA,NA,5,10,16.6666666667,-8.3333333333,NA,0,NA,NA,NA,0,NA,NA,bowling_only,contextual_manual_match,npl-2025,NPL 2025 Â· Season 2,jab,NA,NA,NA,NA,NA,NA,NA
2e0a0806,Sameer Ali,2025/26,Lumbini Lions,Unknown,0,2,1,0,2,0,1,1,0,1,1,1,50,1,50,1,0,0,0,0,0,0,0,9,9,0,0,0,NA,0,NA,0,0,0,0,NA,0,NA,0,0,1,2,50,1,50,0,0,0,NA,NA,0,0,NA,NA,0,NA,0,0,NA,NA,0,0,0,NA,0,0,0,NA,NA,NA,0,0,0,NA,NA,NA,0,0,0,NA,NA,NA,0,1,0,0,1,1,0,0,0,0,0,0,1,2,50,0,0,NA,0,NA,0,NA,1,0,domestic_status_unknown,Domestic/foreign classification is not supplied.,2,0,2,0,0,2,0,0,0,0,0,0,0,0,0,0,1,0,,Unknown,Lumbini Lions,0,0,0,0,0,0,0,0,0,0,0,,Unknown,Sameer Ali,Unknown,,,not_found,not_found,,,,,,NA,NA,NA,NA,NA,,false,NA,NA,NA,NA,NA,unavailable,NA,NA,1,1,NA,0,1,NA,NA,NA,NA,NA,NA,NA,NA,NA,NA,NA,NA,NA,NA,0,NA,NA,NA,0,NA,NA,NA,0,NA,NA,NA,0,NA,NA,NA,0,NA,NA,NA,0,NA,NA,NA,0,NA,NA,NA,0,NA,NA,NA,0,NA,NA,NA,0,NA,NA,NA,0,NA,NA,NA,0,NA,NA,NA,0,NA,NA,NA,0,NA,NA,NA,0,NA,NA,NA,0,NA,NA,NA,0,NA,NA,NA,0,NA,NA,NA,0,NA,NA,NA,0,NA,NA,NA,0,NA,NA,NA,0,NA,NA,NA,0,NA,NA,batting_only,not_price_verified,npl-2025,NPL 2025 Â· Season 2,lul,NA,NA,NA,NA,NA,NA,NA
ef342bdb,Santosh Yadav,2025/26,Kathmandu Gorkhas,Domestic,0,8,5,8,62,102,76,5,0,15.2,15.2,26,122.5806451613,16,25.8064516129,32,10,0,0,4,4,24,6.4516129032,6.6,6,0,1,3,33.3333333333,2,66.6666666667,0,0,44,36,122.2222222222,7,19.4444444444,0,2,31,23,134.7826086957,7,30.4347826087,0,2,7,0.875,14.5714285714,17,113,6.6470588235,16.1428571429,47,46.0784313725,4,0,3.9215686275,0,10,4,64,13.7254901961,6,6,0,6,NA,83.3333333333,78,70,4,5.3846153846,19.5,47.4358974359,18,37,3,12.3333333333,6,27.7777777778,1,0,0,0,5,3,1,0,26,4,23,2,75,59,127.1186440678,1,3,33.3333333333,2,6.8571428571,5,6.5,5,8,domestic_status_unknown|team_alias_review,Domestic/foreign classification is not supplied. Kathmandu Gurkhas/Gorkhas uses proposed canonical label Kathmandu Gorkhas; raw label retained.,8,0,62,3,36,23,106,102,14,5,37,5,42,48,60,65,5,0,https://kathmandupost.com/cricket/2025/08/10/mohammad-adil-alam-steals-the-spotlight-in-npl-season-2-auction,documented auction/retention pool; contextual ID mapping,Kathmandu Gorkhas,0,0,0,0,0,0,1,0,4,0,0,,Unknown,Santosh Yadav,All-rounder,https://www.onlinekhabar.com/wp-content/uploads/2025/08/SBL-NPL-Auction-Pool-2025-Final-Sheet1.pdf,2025 auction pool,auction,exact_auction_price,B,https://kathmandupost.com/cricket/2025/08/10/mohammad-adil-alam-steals-the-spotlight-in-npl-season-2-auction,2025-08-10,https://kathmandupost.com/cricket/2025/08/10/mohammad-adil-alam-steals-the-spotlight-in-npl-season-2-auction,NPR; reported clearing price. Base-price purchases use category price explicitly reported in auction result.,1000000,NA,NA,NA,NA,,true,13157.8947368421,142857.1428571429,NA,NA,1000000,reported_exact_auction,13157.8947368421,142857.1428571429,15.2,23,13.4796142378,25,5,0.8868167262,0.875,1,0.6408699445,0.25,8,0.7324227937,6.4375,6.6666666667,2.0391748642,2.375,8,0.3167650275,41.6666666667,6,50,0,50,5,NA,NA,41.6666666667,6,50,0,90,5,NA,NA,70,5,NA,NA,NA,0,NA,NA,NA,0,NA,NA,NA,0,NA,NA,58.3333333333,6,50,20,NA,0,NA,NA,50,5,NA,NA,58.3333333333,6,50,20,10,5,NA,NA,70,5,NA,NA,NA,0,NA,NA,NA,0,NA,NA,NA,0,NA,NA,NA,0,NA,NA,NA,0,NA,NA,70,5,NA,NA,90,5,NA,NA,NA,0,NA,NA,NA,0,NA,NA,batting_and_bowling,contextual_manual_match,npl-2025,NPL 2025 Â· Season 2,kag,48.3896940419,11.3854987711,85.3938893127,54.7619047619,4.8106060606,100,NA
718963f6,Saugat Dhakal,2025/26,Chitwan Rhinos,Unknown,0,1,0,1,0,6,0,0,0,NA,NA,NA,NA,0,NA,0,0,0,0,0,0,0,NA,NA,NA,0,0,0,NA,0,NA,0,0,0,0,NA,0,NA,0,0,0,0,NA,0,NA,0,0,0,0,NA,1,14,14,NA,1,16.6666666667,0,0,0,0,1,1,10,33.3333333333,0,0,0,NA,NA,NA,6,14,0,14,NA,16.6666666667,0,0,0,NA,NA,NA,0,0,0,0,0,1,0,0,0,0,0,0,0,0,NA,0,0,NA,0,NA,0,14,0,1,domestic_status_unknown,Domestic/foreign classification is not supplied.,1,0,0,0,0,0,6,6,2,0,1,0,0,0,6,14,0,0,,Unknown,Chitwan Rhinos,0,0,0,NA,0,0,0,0,0,0,0,,Unknown,Saugat Dhakal,Unknown,,,not_found,not_found,,,,,,NA,NA,NA,NA,NA,,false,NA,NA,NA,NA,NA,unavailable,NA,NA,NA,NA,NA,NA,NA,NA,0,0,NA,0,1,NA,14,14,NA,0,1,NA,NA,0,NA,NA,NA,0,NA,NA,NA,0,NA,NA,NA,0,NA,NA,NA,0,NA,NA,NA,0,NA,NA,NA,0,NA,NA,NA,0,NA,NA,NA,0,NA,NA,NA,0,NA,NA,NA,0,NA,NA,NA,0,NA,NA,NA,0,NA,NA,NA,0,NA,NA,NA,0,NA,NA,NA,0,NA,NA,NA,0,NA,NA,NA,0,NA,NA,NA,0,NA,NA,NA,0,NA,NA,NA,0,NA,NA,NA,0,NA,NA,NA,0,NA,NA,bowling_only,not_price_verified,npl-2025,NPL 2025 Â· Season 2,chr,NA,NA,NA,NA,NA,NA,NA
cdd9fa95,Shahab Alam,2025/26,Kathmandu Gorkhas,Domestic,0,8,4,8,14,168,7,0,4,NA,1.75,4,50,7,50,7,0,0,0,0,0,0,0,10.5,10.5,0,0,0,NA,0,NA,0,0,0,0,NA,0,NA,0,0,7,14,50,7,50,0,0,13,1.625,12.9230769231,28,174,6.2142857143,13.3846153846,74,44.0476190476,1,0,0.5952380952,0,10,8,88,10.7142857143,24,19,2,4.75,12,62.5,120,114,6,5.7,20,41.6666666667,24,41,5,10.25,4.8,37.5,5,0,2,0,5,3,1,0,3,10,4,1,7,13,53.8461538462,0,1,0,1,5.6666666667,12,6.4736842105,4,8,domestic_status_unknown|team_alias_review,Domestic/foreign classification is not supplied. Kathmandu Gurkhas/Gorkhas uses proposed canonical label Kathmandu Gorkhas; raw label retained.,8,0,14,0,0,14,169,168,18,15,50,9,54,51,114,123,4,0,https://kathmandupost.com/cricket/2025/08/06/150-players-shortlisted-for-npl-season-2-auction,documented auction/retention pool; contextual ID mapping,Kathmandu Gorkhas,0,0,0,1,0,0,0,0,1,0,0,,Unknown,Shahab Alam,Unknown,,,retained,retained_compensation_unknown,NA,https://kathmandupost.com/cricket/2025/08/06/150-players-shortlisted-for-npl-season-2-auction,2025-08-06,https://kathmandupost.com/cricket/2025/08/06/150-players-shortlisted-for-npl-season-2-auction,Historical price is context only. Current season compensation not established.,NA,NA,1500000,1500000,NA,User instruction 2026-09-23: retained players have the same price as 2024 in 2025,false,NA,NA,NA,NA,1500000,user_assumed_retained_price,214285.7142857143,115384.6153846154,1.75,1.5,1.7078251277,1.75,4,0.9759000729,1.625,1,1.9226098334,1.25,8,1.1831445129,6.4583333333,5.875,2.1380899353,2.1875,8,0.3310590868,2.380952381,21,NA,NA,NA,0,NA,NA,NA,0,NA,NA,NA,0,NA,NA,86.3636363636,22,NA,NA,91.1764705882,17,NA,NA,84.375,16,NA,NA,84.375,16,NA,NA,50,21,NA,NA,45.2380952381,21,NA,NA,43.1818181818,22,NA,NA,2.380952381,21,NA,NA,NA,0,NA,NA,86.3636363636,22,NA,NA,91.1764705882,17,NA,NA,97.0588235294,17,NA,NA,58.8235294118,17,NA,NA,NA,0,NA,NA,93.75,16,NA,NA,NA,0,NA,NA,86.1111111111,18,NA,NA,NA,0,NA,NA,22.7272727273,11,NA,NA,batting_and_bowling,not_price_verified,npl-2025,NPL 2025 Â· Season 2,kag,25.3623188406,0,62.3665141114,77.380952381,27.4296536797,100,NA
3a61496b,Shankar Rana,2025/26,Biratnagar Kings,Domestic,0,2,1,1,14,6,7,1,0,7,7,7,50,7,50,7,0,0,0,0,0,0,0,5,5,0,7,12,58.3333333333,5,41.6666666667,0,0,0,2,0,2,100,0,0,0,0,NA,0,NA,0,0,0,0,NA,1,7,7,NA,2,33.3333333333,2,0,33.3333333333,0,0,0,0,0,0,0,0,NA,NA,NA,6,7,0,7,NA,33.3333333333,0,0,0,NA,NA,NA,0,0,0,0,1,1,1,0,0,0,7,0,0,0,NA,7,14,50,0,7,0,NA,1,1,domestic_status_unknown,Domestic/foreign classification is not supplied.,2,0,14,12,2,0,8,6,0,0,2,0,6,7,0,0,1,0,https://kathmandupost.com/cricket/2025/08/10/mohammad-adil-alam-steals-the-spotlight-in-npl-season-2-auction,documented auction/retention pool; contextual ID mapping,Biratnagar Kings,0,0,0,0,0,0,0,0,2,0,0,,Unknown,Sankhar Rana,Batter,https://www.onlinekhabar.com/wp-content/uploads/2025/08/SBL-NPL-Auction-Pool-2025-Final-Sheet1.pdf,2025 auction pool,auction,exact_auction_price,B,https://kathmandupost.com/cricket/2025/08/10/mohammad-adil-alam-steals-the-spotlight-in-npl-season-2-auction,2025-08-10,https://kathmandupost.com/cricket/2025/08/10/mohammad-adil-alam-steals-the-spotlight-in-npl-season-2-auction,NPR; reported clearing price. Base-price purchases use category price explicitly reported in auction result.,500000,NA,NA,NA,NA,,true,71428.5714285714,NA,NA,NA,500000,reported_exact_auction,71428.5714285714,NA,7,7,NA,0,1,NA,0,0,NA,0,1,NA,7,7,NA,0,1,NA,NA,0,NA,NA,NA,0,NA,NA,NA,0,NA,NA,NA,0,NA,NA,NA,0,NA,NA,NA,0,NA,NA,NA,0,NA,NA,NA,0,NA,NA,NA,0,NA,NA,NA,0,NA,NA,NA,0,NA,NA,NA,0,NA,NA,NA,0,NA,NA,NA,0,NA,NA,NA,0,NA,NA,NA,0,NA,NA,NA,0,NA,NA,NA,0,NA,NA,NA,0,NA,NA,NA,0,NA,NA,NA,0,NA,NA,NA,0,NA,NA,NA,0,NA,NA,batting_and_bowling,contextual_manual_match,npl-2025,NPL 2025 Â· Season 2,bik,NA,NA,NA,NA,NA,NA,NA
6c7a68d0,Shubham Ranjane,2025/26,Biratnagar Kings,Foreign,0,4,4,4,67,60,87,3,1,29,21.75,38,129.8507462687,21,31.8181818182,31,6,0,5,4,9,44,13.4328358209,5.25,5.5,0,0,4,0,4,100,0,0,28,35,80,13,37.1428571429,1,0,59,28,210.7142857143,4,14.8148148148,4,4,5,1.25,12,10,105,10.5,21,14,23.3333333333,2,0,3.3333333333,0,9,5,66,23.3333333333,12,25,0,12.5,NA,33.3333333333,18,26,3,8.6666666667,6,38.8888888889,30,54,2,10.8,15,10,1,0,0,0,3,1,0,0,81,4,0,0,75,45,166.6666666667,12,22,54.5454545455,2,9.6,3,11.4,4,4,domestic_status_unknown,Domestic/foreign classification is not supplied.,4,0,66,4,35,27,62,60,14,4,7,3,30,48,30,57,4,0,https://www.cricnepal.com/tournament/nepal-premier-league-2025-174/squads/biratnagar-kings-026-22561,documented season roster; contextual ID mapping,Biratnagar Kings,0,0,0,0,0,0,0,0,2,0,0,,Unknown,Shubham Ranjane,Unknown,,,not_found,not_found,,,,,,NA,NA,NA,NA,NA,,false,NA,NA,NA,NA,NA,unavailable,NA,NA,21.75,21.5,18.1911150474,31.25,4,0.8363731056,1.25,1,0.5,0.25,4,0.4,10.5,10.5,1.0363754503,1.3333333333,4,0.0987024238,NA,0,NA,NA,NA,0,NA,NA,NA,0,NA,NA,NA,0,NA,NA,NA,0,NA,NA,NA,0,NA,NA,NA,0,NA,NA,NA,0,NA,NA,NA,0,NA,NA,NA,0,NA,NA,NA,0,NA,NA,NA,0,NA,NA,NA,0,NA,NA,NA,0,NA,NA,NA,0,NA,NA,NA,0,NA,NA,NA,0,NA,NA,NA,0,NA,NA,NA,0,NA,NA,NA,0,NA,NA,NA,0,NA,NA,NA,0,NA,NA,NA,0,NA,NA,batting_and_bowling,not_price_verified,npl-2025,NPL 2025 Â· Season 2,bik,60.8695652174,23.8653699466,97.8737604882,60.2678571429,10.3165584416,100,NA
64d43928,Sohail Tanvir,2025/26,Chitwan Rhinos,Foreign,0,5,3,5,20,111,23,2,1,11.5,7.6666666667,18,115,9,45,7,1,0,2,1,3,14,15,8,8,0,0,0,NA,0,NA,0,0,11,12,91.6666666667,5,41.6666666667,1,0,12,8,150,4,50,1,1,8,1.6,13.875,18.3,126,6.8108108108,15.75,59,53.1531531532,4,0,3.6036036036,0,14,5,86,17.1171171171,60,57,2,5.7,30,61.6666666667,12,21,0,10.5,NA,33.3333333333,39,48,6,7.3846153846,6.5,46.1538461538,1,0,1,0,2,3,0,0,0,2,0,0,5,3,166.6666666667,18,17,105.8823529412,5,6.375,3,7.1428571429,3,5,domestic_status_unknown,Domestic/foreign classification is not supplied.,5,0,20,0,12,8,115,111,19,37,4,18,48,51,63,75,3,0,https://www.cricnepal.com/tournament/nepal-premier-league-2025-174/squads/chitwan-rhinos-21202,documented season roster; contextual ID mapping,Chitwan Rhinos,0,0,0,0,0,0,0,0,4,0,0,,Unknown,Sohail Tanvir,Unknown,,,not_found,not_found,,,,,,NA,NA,NA,NA,NA,,false,NA,NA,NA,NA,NA,unavailable,NA,NA,7.6666666667,5,9.2915732432,9,3,1.2119443361,1.6,1,1.3416407865,0,5,0.8385254916,6.7738095238,6.5,1.1442823455,1.25,5,0.1689274464,NA,0,NA,NA,NA,0,NA,NA,NA,0,NA,NA,NA,0,NA,NA,NA,0,NA,NA,NA,0,NA,NA,NA,0,NA,NA,NA,0,NA,NA,NA,0,NA,NA,NA,0,NA,NA,NA,0,NA,NA,NA,0,NA,NA,NA,0,NA,NA,NA,0,NA,NA,NA,0,NA,NA,NA,0,NA,NA,NA,0,NA,NA,NA,0,NA,NA,NA,0,NA,NA,NA,0,NA,NA,NA,0,NA,NA,NA,0,NA,NA,NA,0,NA,NA,batting_and_bowling,not_price_verified,npl-2025,NPL 2025 Â· Season 2,chr,NA,NA,NA,70.8333333333,20.882034632,100,NA
1adb8ee8,Sompal Kami,2025/26,Karnali Yaks,Domestic,0,7,4,7,47,144,51,3,1,17,12.75,18,108.5106382979,17,36.170212766,23,2,0,3,2,5,24,10.6382978723,7,6.5,0,4,4,100,3,75,1,0,22,25,88,8,32,0,1,25,18,138.8888888889,6,33.3333333333,2,1,9,1.2857142857,16,24,216,9,24,61,42.3611111111,10,2,6.9444444444,1.3888888889,21,10,144,21.2328767123,66,81,2,7.3636363636,33,57.5757575758,12,17,1,8.5,12,33.3333333333,66,118,6,10.7272727273,11,28.7878787879,2,0,0,0,2,5,0,0,18,2,0,0,24,22,109.0909090909,27,25,108,4,9.4545454545,5,8.6153846154,4,7,domestic_status_unknown,Domestic/foreign classification is not supplied.,7,0,47,4,25,18,152,146,31,38,4,19,66,104,78,112,4,0,https://kathmandupost.com/cricket/2025/08/06/150-players-shortlisted-for-npl-season-2-auction,documented auction/retention pool; contextual ID mapping,Karnali Yaks,0,0,0,1,0,0,0,1,6,2,0,,Unknown,Sompal Kami,Unknown,,,retained_marquee,retained_compensation_unknown,NA,https://kathmandupost.com/cricket/2025/08/06/150-players-shortlisted-for-npl-season-2-auction,2025-08-06,https://kathmandupost.com/cricket/2025/08/06/150-players-shortlisted-for-npl-season-2-auction,Historical price is context only. Current season compensation not established.,NA,NA,NA,NA,2000000,"Project-owner assumption: every marquee player receives NPR 2,000,000 in each of 2024/25 and 2025/26. Not independently verified payment evidence.",false,NA,NA,NA,NA,2000000,user_assumed_marquee_salary,39215.686274509804,222222.22222222222,12.75,13.5,4.9916597106,3.75,4,0.3915027224,1.2857142857,1,1.1126972805,1.5,7,0.8654312182,8.7857142857,8.25,2.456028648,2.2916666667,7,0.2795479762,35.7142857143,21,NA,NA,40.625,16,NA,NA,52.5,20,NA,NA,78.125,16,NA,NA,68.1818181818,22,NA,NA,14.7058823529,17,NA,NA,56.25,16,NA,NA,59.375,16,NA,NA,92.8571428571,21,NA,NA,73.8095238095,21,NA,NA,61.3636363636,22,NA,NA,45.2380952381,21,NA,NA,28.125,16,NA,NA,75,22,NA,NA,85.2941176471,17,NA,NA,8.8235294118,17,NA,NA,8.8235294118,17,NA,NA,NA,0,NA,NA,53.125,16,NA,NA,20.8333333333,12,NA,NA,NA,0,NA,NA,NA,0,NA,NA,13.6363636364,11,NA,NA,batting_and_bowling,not_price_verified,npl-2025,NPL 2025 Â· Season 2,ky,40.5797101449,3.5755148741,77.5839054157,65.9090909091,15.9577922078,100,2000000
1519bdeb,Subash Bhandari,2025/26,Biratnagar Kings,Domestic,0,3,1,2,3,48,0,0,1,NA,0,0,0,3,100,0,0,0,0,0,0,0,0,11,11,0,0,0,NA,0,NA,0,0,0,0,NA,0,NA,0,0,0,3,0,3,100,0,0,5,2.5,9.6,8,44,5.5,8.8,26,54.1666666667,0,0,0,0,3,2,24,10.4166666667,18,10,3,3.3333333333,6,72.2222222222,30,34,2,6.8,15,43.3333333333,0,0,0,NA,NA,NA,0,0,0,0,1,2,1,0,0,0,0,3,0,0,NA,0,3,0,3,3.5,2,7.5,1,2,domestic_status_unknown,Domestic/foreign classification is not supplied.,3,0,3,0,0,3,48,48,5,13,13,0,24,14,24,30,1,0,https://kathmandupost.com/cricket/2025/08/06/150-players-shortlisted-for-npl-season-2-auction,documented auction/retention pool; contextual ID mapping,Biratnagar Kings,0,0,0,1,0,0,0,0,0,0,0,,Unknown,Subash Bhandari,Unknown,,,retained,retained_compensation_unknown,NA,https://kathmandupost.com/cricket/2025/08/06/150-players-shortlisted-for-npl-season-2-auction,2025-08-06,https://kathmandupost.com/cricket/2025/08/06/150-players-shortlisted-for-npl-season-2-auction,Historical price is context only. Current season compensation not established.,NA,NA,250000,250000,NA,User instruction 2026-09-23: retained players have the same price as 2024 in 2025,false,NA,NA,NA,NA,250000,user_assumed_retained_price,NA,50000,0,0,NA,0,1,NA,2.5,2.5,0.7071067812,0.5,2,0.2828427125,5.5,5.5,2.8284271247,2,2,0.5142594772,NA,0,NA,NA,NA,0,NA,NA,NA,0,NA,NA,NA,0,NA,NA,NA,0,NA,NA,NA,0,NA,NA,NA,0,NA,NA,NA,0,NA,NA,NA,0,NA,NA,NA,0,NA,NA,NA,0,NA,NA,NA,0,NA,NA,NA,0,NA,NA,NA,0,NA,NA,NA,0,NA,NA,NA,0,NA,NA,NA,0,NA,NA,NA,0,NA,NA,NA,0,NA,NA,NA,0,NA,NA,50,18,NA,NA,NA,0,NA,NA,NA,0,NA,NA,batting_and_bowling,not_price_verified,npl-2025,NPL 2025 Â· Season 2,bik,NA,NA,NA,NA,NA,NA,NA
db481029,Sunny Patel,2025/26,Kathmandu Gorkhas,Foreign,0,3,3,3,15,72,19,2,1,9.5,6.3333333333,10,126.6666666667,8,53.3333333333,2,2,1,1,1,2,10,13.3333333333,6.6666666667,8,0,7,6,116.6666666667,4,66.6666666667,0,1,3,1,300,0,0,0,0,9,8,112.5,4,50,1,0,5,1.6666666667,14.4,12,66,5.5,13.2,38,52.7777777778,2,0,2.7777777778,0,4,3,34,9.7222222222,30,22,2,4.4,15,63.3333333333,30,32,1,6.4,30,43.3333333333,12,12,2,6,6,50,0,0,0,0,1,2,1,0,2,2,7,1,9,8,112.5,10,7,142.8571428571,2,6.75,3,4.875,3,3,domestic_status_unknown|team_alias_review,Domestic/foreign classification is not supplied. Kathmandu Gurkhas/Gorkhas uses proposed canonical label Kathmandu Gorkhas; raw label retained.,3,0,15,6,1,8,74,72,7,19,13,6,24,27,48,39,3,0,https://www.cricnepal.com/tournament/nepal-premier-league-2025-174/squads/kathmandu-gorkhas-024-22569,documented season roster; contextual ID mapping,Kathmandu Gorkhas,0,0,0,0,0,0,0,0,2,0,0,,Unknown,Sunny Patel,Unknown,,,not_found,not_found,,,,,,NA,NA,NA,NA,NA,,false,NA,NA,NA,NA,NA,unavailable,NA,NA,6.3333333333,7,4.0414518843,4,3,0.6381239817,1.6666666667,2,0.5773502692,0.5,3,0.3464101615,5.5,6.25,1.75,1.625,3,0.3181818182,NA,0,NA,NA,NA,0,NA,NA,NA,0,NA,NA,NA,0,NA,NA,NA,0,NA,NA,NA,0,NA,NA,NA,0,NA,NA,NA,0,NA,NA,NA,0,NA,NA,NA,0,NA,NA,NA,0,NA,NA,NA,0,NA,NA,NA,0,NA,NA,NA,0,NA,NA,NA,0,NA,NA,NA,0,NA,NA,NA,0,NA,NA,NA,0,NA,NA,NA,0,NA,NA,NA,0,NA,NA,NA,0,NA,NA,NA,0,NA,NA,NA,0,NA,NA,batting_and_bowling,not_price_verified,npl-2025,NPL 2025 Â· Season 2,kag,NA,NA,NA,NA,NA,NA,NA
579f2447,Surya Tamang,2025/26,Biratnagar Kings,Domestic,0,6,2,6,5,78,0,1,1,0,0,0,0,5,100,0,0,0,0,0,0,0,0,9.5,9.5,0,0,0,NA,0,NA,0,0,0,5,0,5,100,0,0,0,0,NA,0,NA,0,0,5,0.8333333333,15.6,13,100,7.6923076923,20,33,42.3076923077,3,0,3.8461538462,0,6,6,60,15.3846153846,30,34,1,6.8,30,53.3333333333,48,66,4,8.25,12,35.4166666667,0,0,0,NA,NA,NA,1,0,1,0,4,2,1,0,0,4,0,1,0,0,NA,0,5,0,2,9.7142857143,3,5.3333333333,2,6,domestic_status_unknown,Domestic/foreign classification is not supplied.,6,0,5,0,5,0,81,78,12,16,17,0,42,68,36,32,2,0,https://kathmandupost.com/cricket/2025/08/10/mohammad-adil-alam-steals-the-spotlight-in-npl-season-2-auction,documented auction/retention pool; contextual ID mapping,Biratnagar Kings,0,0,0,1,0,0,1,0,3,0,0,,Unknown,Surya Tamang,Bowler,https://www.onlinekhabar.com/wp-content/uploads/2025/08/SBL-NPL-Auction-Pool-2025-Final-Sheet1.pdf,2025 auction pool,auction,exact_auction_price,A,https://kathmandupost.com/cricket/2025/08/10/mohammad-adil-alam-steals-the-spotlight-in-npl-season-2-auction,2025-08-10,https://kathmandupost.com/cricket/2025/08/10/mohammad-adil-alam-steals-the-spotlight-in-npl-season-2-auction,NPR; reported clearing price. Base-price purchases use category price explicitly reported in auction result.,1000000,NA,NA,NA,NA,,true,NA,200000,NA,NA,1000000,reported_exact_auction,NA,200000,0,0,0,0,2,NA,0.8333333333,1,0.7527726527,0.75,6,0.9033271833,8.9444444444,7.8333333333,3.883965137,6.1666666667,6,0.4342321271,NA,0,NA,NA,NA,0,NA,NA,NA,0,NA,NA,NA,0,NA,NA,35,10,60,-30,38.8888888889,9,NA,NA,50,9,NA,NA,50,9,NA,NA,NA,0,NA,NA,65,10,60,-30,15,10,60,-50,NA,0,NA,NA,NA,0,NA,NA,45,10,60,-30,38.8888888889,9,NA,NA,38.8888888889,9,NA,NA,61.1111111111,9,NA,NA,NA,0,NA,NA,62.5,8,NA,NA,NA,0,NA,NA,25,10,66.6666666667,-41.6666666667,NA,0,NA,NA,NA,0,NA,NA,batting_and_bowling,contextual_manual_match,npl-2025,NPL 2025 Â· Season 2,bik,NA,NA,NA,51.0714285714,1.1201298701,100,NA
752cd438,TB Thapa,2025/26,Janakpur Bolts,Domestic,0,1,0,1,0,12,0,0,0,NA,NA,NA,NA,0,NA,0,0,0,0,0,0,0,NA,NA,NA,0,0,0,NA,0,NA,0,0,0,0,NA,0,NA,0,0,0,0,NA,0,NA,0,0,0,0,NA,2,15,7.5,NA,3,25,0,0,0,0,0,1,6,8.3333333333,0,0,0,NA,NA,NA,12,15,0,7.5,NA,25,0,0,0,NA,NA,NA,1,0,1,0,0,1,0,0,0,0,0,0,0,0,NA,0,0,NA,0,7.5,0,NA,0,1,domestic_status_unknown,Domestic/foreign classification is not supplied.,1,0,0,0,0,0,12,12,1,0,3,0,12,15,0,0,0,0,https://kathmandupost.com/cricket/2025/08/06/150-players-shortlisted-for-npl-season-2-auction,documented auction/retention pool; contextual ID mapping,Janakpur Bolts,0,0,0,NA,0,0,0,0,0,0,0,,Unknown,Tul Bahadur Thapa,Unknown,,,retained,retained_compensation_unknown,NA,https://kathmandupost.com/cricket/2025/08/06/150-players-shortlisted-for-npl-season-2-auction,2025-08-06,https://kathmandupost.com/cricket/2025/08/06/150-players-shortlisted-for-npl-season-2-auction,Historical price is context only. Current season compensation not established. Conflicting team evidence: excluded from retained-price scenario as well.,NA,NA,200000,NA,NA,User instruction 2026-09-23: retained players have the same price as 2024 in 2025,false,NA,NA,NA,NA,NA,unavailable,NA,NA,NA,NA,NA,NA,NA,NA,0,0,NA,0,1,NA,7.5,7.5,NA,0,1,NA,NA,0,NA,NA,NA,0,NA,NA,NA,0,NA,NA,NA,0,NA,NA,NA,0,NA,NA,NA,0,NA,NA,NA,0,NA,NA,NA,0,NA,NA,NA,0,NA,NA,NA,0,NA,NA,NA,0,NA,NA,NA,0,NA,NA,NA,0,NA,NA,NA,0,NA,NA,NA,0,NA,NA,NA,0,NA,NA,NA,0,NA,NA,NA,0,NA,NA,NA,0,NA,NA,NA,0,NA,NA,NA,0,NA,NA,NA,0,NA,NA,NA,0,NA,NA,bowling_only,not_price_verified,npl-2025,NPL 2025 Â· Season 2,jab,NA,NA,NA,NA,NA,NA,NA
88fac705,TJ Draca,2025/26,Lumbini Lions,Foreign,0,1,1,1,4,20,6,1,0,6,6,6,150,1,25,2,0,0,1,0,1,4,25,9,9,0,0,0,NA,0,NA,0,0,0,0,NA,0,NA,0,0,6,4,150,1,25,1,0,0,0,NA,3.2,26,7.8,NA,7,35,0,0,0,0,1,2,16,15,0,0,0,NA,NA,NA,12,10,0,5,NA,33.3333333333,8,16,0,12,NA,37.5,0,0,0,0,0,1,0,0,0,0,0,0,6,4,150,0,0,NA,0,NA,0,7.8,1,1,domestic_status_unknown,Domestic/foreign classification is not supplied.,1,0,4,0,0,4,20,20,3,0,4,3,0,0,20,26,1,0,https://www.cricnepal.com/tournament/nepal-premier-league-2025-174/squads/lumbini-lions-032-20971,documented season roster; contextual ID mapping,Lumbini Lions,0,0,0,0,0,0,0,0,0,0,0,,Unknown,TJ Draca,Unknown,,,not_found,not_found,,,,,,NA,NA,NA,NA,NA,,false,NA,NA,NA,NA,NA,unavailable,NA,NA,6,6,NA,0,1,NA,0,0,NA,0,1,NA,7.8,7.8,NA,0,1,NA,NA,0,NA,NA,NA,0,NA,NA,NA,0,NA,NA,NA,0,NA,NA,NA,0,NA,NA,NA,0,NA,NA,NA,0,NA,NA,NA,0,NA,NA,NA,0,NA,NA,NA,0,NA,NA,NA,0,NA,NA,NA,0,NA,NA,NA,0,NA,NA,NA,0,NA,NA,NA,0,NA,NA,NA,0,NA,NA,NA,0,NA,NA,NA,0,NA,NA,NA,0,NA,NA,NA,0,NA,NA,NA,0,NA,NA,NA,0,NA,NA,NA,0,NA,NA,batting_and_bowling,not_price_verified,npl-2025,NPL 2025 Â· Season 2,lul,NA,NA,NA,NA,NA,NA,NA
2593c302,TR Bhandari,2025/26,Lumbini Lions,Domestic,0,8,2,8,8,162,6,0,2,NA,3,6,75,5,62.5,2,0,0,1,0,1,4,12.5,10.5,10.5,0,0,0,NA,0,NA,0,0,0,0,NA,0,NA,0,0,6,8,75,5,62.5,1,0,7,0.875,23.1428571429,27,147,5.4444444444,21,67,41.3580246914,4,0,2.4691358025,0,3,5,42,4.9382716049,0,0,0,NA,NA,NA,120,95,3,4.75,40,44.1666666667,42,52,4,7.4285714286,10.5,33.3333333333,1,0,1,1,6,2,3,1,0,6,0,4,0,0,NA,6,8,75,3,5.6363636364,4,4.6,2,8,domestic_status_unknown,Domestic/foreign classification is not supplied.,8,0,8,0,0,8,166,162,8,0,53,14,132,124,30,23,2,0,https://kathmandupost.com/cricket/2025/08/06/150-players-shortlisted-for-npl-season-2-auction,documented auction/retention pool; contextual ID mapping,Lumbini Lions,0,0,0,1,0,0,0,0,4,0,0,,Unknown,Tilak Raj Bhandari,Bowler,https://lumbinilions.com.np/,Current franchise classification accessed 2026-09-23; historical role not established,retained,retained_compensation_unknown,NA,https://kathmandupost.com/cricket/2025/08/06/150-players-shortlisted-for-npl-season-2-auction,2025-08-06,https://kathmandupost.com/cricket/2025/08/06/150-players-shortlisted-for-npl-season-2-auction,Historical price is context only. Current season compensation not established.,NA,NA,1000000,1000000,NA,User instruction 2026-09-23: retained players have the same price as 2024 in 2025,false,NA,NA,NA,NA,1000000,user_assumed_retained_price,166666.6666666667,142857.1428571429,3,3,4.2426406871,3,2,1.4142135624,0.875,0.5,1.1259916265,1.25,8,1.2868475731,5.625,5.4583333333,1.5144803708,2.1666666667,8,0.2692409548,NA,0,NA,NA,NA,0,NA,NA,NA,0,NA,NA,NA,0,NA,NA,50,10,NA,NA,94.4444444444,9,NA,NA,38.8888888889,9,NA,NA,38.8888888889,9,NA,NA,NA,0,NA,NA,35,10,NA,NA,55,10,NA,NA,NA,0,NA,NA,NA,0,NA,NA,55,10,NA,NA,27.7777777778,9,NA,NA,50,9,NA,NA,61.1111111111,9,NA,NA,NA,0,NA,NA,NA,0,NA,NA,NA,0,NA,NA,85,10,NA,NA,NA,0,NA,NA,NA,0,NA,NA,batting_and_bowling,not_price_verified,npl-2025,NPL 2025 Â· Season 2,lul,NA,NA,NA,54.7619047619,4.8106060606,100,NA
40f1a776,TR Das,2025/26,Pokhara Avengers,Domestic,0,6,4,0,46,0,39,4,0,9.75,9.75,29,84.7826086957,22,47.8260869565,17,4,0,2,1,3,14,6.5217391304,5,5,0,9,9,100,6,66.6666666667,0,1,16,25,64,13,52,1,0,14,12,116.6666666667,3,25,1,0,0,NA,NA,0,0,NA,NA,0,NA,0,0,NA,NA,0,0,0,NA,0,0,0,NA,NA,NA,0,0,0,NA,NA,NA,0,0,0,NA,NA,NA,5,0,0,0,3,3,0,0,29,0,0,0,30,34,88.2352941176,9,12,75,0,NA,0,NA,4,0,domestic_status_unknown,Domestic/foreign classification is not supplied.,6,0,46,9,25,12,0,0,0,0,0,0,0,0,0,0,4,0,https://kathmandupost.com/cricket/2025/08/06/150-players-shortlisted-for-npl-season-2-auction,documented auction/retention pool; contextual ID mapping,Pokhara Avengers,0,0,0,0,0,0,1,0,0,0,0,,Unknown,Trit Raj Das,Unknown,,,retained,retained_compensation_unknown,NA,https://kathmandupost.com/cricket/2025/08/06/150-players-shortlisted-for-npl-season-2-auction,2025-08-06,https://kathmandupost.com/cricket/2025/08/06/150-players-shortlisted-for-npl-season-2-auction,Historical price is context only. Current season compensation not established.,NA,NA,500000,500000,NA,User instruction 2026-09-23: retained players have the same price as 2024 in 2025,false,NA,NA,NA,NA,500000,user_assumed_retained_price,12820.5128205128,NA,9.75,5,13.4505266316,13.25,4,1.379541193,NA,NA,NA,NA,NA,NA,NA,NA,NA,NA,NA,NA,21.4285714286,21,NA,NA,15.625,16,NA,NA,7.5,20,NA,NA,34.375,16,NA,NA,NA,0,NA,NA,NA,0,NA,NA,NA,0,NA,NA,NA,0,NA,NA,11.9047619048,21,NA,NA,NA,0,NA,NA,NA,0,NA,NA,26.1904761905,21,NA,NA,3.125,16,NA,NA,NA,0,NA,NA,NA,0,NA,NA,NA,0,NA,NA,NA,0,NA,NA,NA,0,NA,NA,NA,0,NA,NA,12.5,12,NA,NA,NA,0,NA,NA,NA,0,NA,NA,NA,0,NA,NA,batting_only,not_price_verified,npl-2025,NPL 2025 Â· Season 2,poa,34.7826086957,0,71.7868039664,NA,NA,NA,NA
92493bc9,UB Singh,2025/26,Karnali Yaks,Unknown,0,2,1,2,2,24,1,1,0,1,1,1,50,1,50,1,0,0,0,0,0,0,0,10,10,0,0,0,NA,0,NA,0,0,0,0,NA,0,NA,0,0,1,2,50,1,50,0,0,1,0.5,24,4,40,10,40,7,29.1666666667,0,0,0,0,4,2,28,25,12,13,1,6.5,12,41.6666666667,12,27,0,13.5,NA,16.6666666667,0,0,0,NA,NA,NA,0,0,1,0,0,2,0,0,0,0,0,0,0,0,NA,1,2,50,0,16,1,8,1,2,domestic_status_unknown|name_identity_review,Domestic/foreign classification is not supplied. UBS Thakuri (fd0aef78) and UB Singh (92493bc9) remain separate pending the linking evidence you offered.,2,0,2,0,0,2,24,24,6,5,2,0,6,16,18,24,1,0,,Unknown,Karnali Yaks,0,0,0,0,0,0,0,0,0,0,1,User confirmed separate players on 2026-09-23,Unknown,UB Singh,Unknown,,,not_found,not_found,,,,,,NA,NA,NA,NA,NA,,false,NA,NA,NA,NA,NA,unavailable,NA,NA,1,1,NA,0,1,NA,0.5,0.5,0.7071067812,0.5,2,1.4142135624,12,12,5.6568542495,4,2,0.4714045208,NA,0,NA,NA,NA,0,NA,NA,NA,0,NA,NA,NA,0,NA,NA,NA,0,NA,NA,NA,0,NA,NA,NA,0,NA,NA,NA,0,NA,NA,NA,0,NA,NA,NA,0,NA,NA,NA,0,NA,NA,NA,0,NA,NA,NA,0,NA,NA,NA,0,NA,NA,NA,0,NA,NA,NA,0,NA,NA,NA,0,NA,NA,NA,0,NA,NA,NA,0,NA,NA,NA,0,NA,NA,NA,0,NA,NA,NA,0,NA,NA,NA,0,NA,NA,batting_and_bowling,user_confirmed_separate_ids,npl-2025,NPL 2025 Â· Season 2,ky,NA,NA,NA,NA,NA,NA,NA
3a60e0b5,WD Parnell,2025/26,Janakpur Bolts,Foreign,0,3,2,1,50,18,64,2,0,32,32,50,128,22,44,18,2,0,3,5,8,42,16,8,8,0,0,0,NA,0,NA,0,0,20,23,86.9565217391,12,52.1739130435,1,1,44,27,162.962962963,10,37.037037037,2,4,0,0,NA,3,27,9,NA,4,22.2222222222,1,0,5.5555555556,0,4,0,16,22.2222222222,6,14,0,14,NA,16.6666666667,0,0,0,NA,NA,NA,12,13,0,6.5,NA,25,0,0,1,0,1,2,0,0,0,0,0,0,14,12,116.6666666667,50,38,131.5789473684,0,9,0,NA,2,1,domestic_status_unknown|retirement_event,"Domestic/foreign classification is not supplied. Retired hurt is not a dismissal. Retired out is a batter/team dismissal, not a bowler wicket.",3,0,50,0,23,27,19,18,4,1,0,3,18,27,0,0,2,0,https://www.cricnepal.com/tournament/nepal-premier-league-2025-174/squads/janakpur-bolts-034-20944,documented season roster; contextual ID mapping,Janakpur Bolts,0,1,0,0,1,0,0,0,1,0,0,,Unknown,WD Parnell,Unknown,,,not_found,not_found,,,,,,NA,NA,NA,NA,NA,,false,NA,NA,NA,NA,NA,unavailable,NA,NA,32,32,25.4558441227,18,2,0.7954951288,0,0,NA,0,1,NA,9,9,NA,0,1,NA,NA,0,NA,NA,NA,0,NA,NA,NA,0,NA,NA,NA,0,NA,NA,NA,0,NA,NA,NA,0,NA,NA,NA,0,NA,NA,NA,0,NA,NA,NA,0,NA,NA,NA,0,NA,NA,NA,0,NA,NA,NA,0,NA,NA,NA,0,NA,NA,NA,0,NA,NA,NA,0,NA,NA,NA,0,NA,NA,NA,0,NA,NA,NA,0,NA,NA,NA,0,NA,NA,NA,0,NA,NA,NA,0,NA,NA,NA,0,NA,NA,NA,0,NA,NA,batting_and_bowling,not_price_verified,npl-2025,NPL 2025 Â· Season 2,jab,NA,NA,NA,NA,NA,NA,NA
04ef663a,WG Bosisto,2025/26,Karnali Yaks,Foreign,0,5,5,5,90,78,96,3,2,32,19.2,48,106.6666666667,25,27.7777777778,48,11,0,5,1,6,26,6.6666666667,3.4,3,0,22,26,84.6153846154,12,46.1538461538,0,1,66,54,122.2222222222,9,16.6666666667,5,0,8,10,80,4,40,0,0,3,0.6,26,13,84,6.4615384615,28,32,41.0256410256,2,0,2.5641025641,0,9,1,42,12.8205128205,36,41,1,6.8333333333,36,50,42,43,2,6.1428571429,21,33.3333333333,0,0,0,NA,NA,NA,5,0,1,1,2,3,0,0,44,2,0,0,64,61,104.9180327869,32,29,110.3448275862,0,8.6666666667,3,5.8,5,5,domestic_status_unknown,Domestic/foreign classification is not supplied.,5,0,90,26,54,10,80,78,10,18,14,0,18,26,60,58,5,0,https://en.himalpress.com/karnali-vs-chitwan-biratnagar-vs-pokhara-in-npl-today/,documented season roster; contextual ID mapping,Karnali Yaks,0,0,0,1,0,0,0,0,2,0,0,,Unknown,WG Bosisto,Unknown,,,not_found,not_found,,,,,,NA,NA,NA,NA,NA,,false,NA,NA,NA,NA,NA,unavailable,NA,NA,19.2,15,19.6010203816,26,5,1.0208864782,0.6,0,0.894427191,1,5,1.490711985,6.8666666667,7,2.5911173051,4.8333333333,5,0.3773471804,NA,0,NA,NA,NA,0,NA,NA,NA,0,NA,NA,NA,0,NA,NA,NA,0,NA,NA,NA,0,NA,NA,NA,0,NA,NA,NA,0,NA,NA,NA,0,NA,NA,NA,0,NA,NA,NA,0,NA,NA,NA,0,NA,NA,NA,0,NA,NA,NA,0,NA,NA,NA,0,NA,NA,NA,0,NA,NA,NA,0,NA,NA,NA,0,NA,NA,NA,0,NA,NA,NA,0,NA,NA,NA,0,NA,NA,NA,0,NA,NA,NA,0,NA,NA,batting_and_bowling,not_price_verified,npl-2025,NPL 2025 Â· Season 2,ky,55.6360708535,18.6318755827,92.6402661242,34.623015873,0,84.5743145743,NA
0d705d2d,Y Khatri,2025/26,Karnali Yaks,Domestic,0,5,1,4,4,66,0,1,0,0,0,0,0,4,100,0,0,0,0,0,0,0,0,10,10,0,0,0,NA,0,NA,0,0,0,0,NA,0,NA,0,0,0,4,0,4,100,0,0,3,0.75,22,11,95,8.6363636364,31.6666666667,19,28.7878787879,0,0,0,0,4,6,52,15.1515151515,0,0,0,NA,NA,NA,60,82,3,8.2,20,30,6,13,0,13,NA,16.6666666667,2,0,0,0,1,4,0,0,0,1,0,0,0,0,NA,0,4,0,2,8.5,1,8.8,1,4,domestic_status_unknown,Domestic/foreign classification is not supplied.,5,0,4,0,0,4,66,66,10,0,18,1,36,51,30,44,1,0,https://kathmandupost.com/cricket/2025/08/10/mohammad-adil-alam-steals-the-spotlight-in-npl-season-2-auction,documented auction/retention pool; contextual ID mapping,Karnali Yaks,0,0,0,0,0,0,1,0,0,0,0,,Unknown,Yubraj Khatri,Bowler,https://www.onlinekhabar.com/wp-content/uploads/2025/08/SBL-NPL-Auction-Pool-2025-Final-Sheet1.pdf,2025 auction pool,auction,exact_auction_price,B,https://kathmandupost.com/cricket/2025/08/10/mohammad-adil-alam-steals-the-spotlight-in-npl-season-2-auction,2025-08-10,https://kathmandupost.com/cricket/2025/08/10/mohammad-adil-alam-steals-the-spotlight-in-npl-season-2-auction,NPR; reported clearing price. Base-price purchases use category price explicitly reported in auction result.,1000000,NA,NA,NA,NA,,true,NA,333333.3333333333,NA,NA,1000000,reported_exact_auction,NA,333333.3333333333,0,0,NA,0,1,NA,0.75,1,0.5,0.25,4,0.6666666667,8.6666666667,8.8333333333,0.9813067629,0.8333333333,4,0.1132277034,NA,0,NA,NA,NA,0,NA,NA,NA,0,NA,NA,NA,0,NA,NA,15,10,60,-50,NA,0,NA,NA,NA,0,NA,NA,NA,0,NA,NA,NA,0,NA,NA,85,10,60,10,85,10,60,30,NA,0,NA,NA,NA,0,NA,NA,35,10,60,-50,NA,0,NA,NA,NA,0,NA,NA,NA,0,NA,NA,NA,0,NA,NA,NA,0,NA,NA,NA,0,NA,NA,35,10,66.6666666667,-25,NA,0,NA,NA,NA,0,NA,NA,batting_and_bowling,contextual_manual_match,npl-2025,NPL 2025 Â· Season 2,ky,NA,NA,NA,45.5357142857,0,95.487012987,NA
